sample_id,absolute_shape,delta_shape,delta0_x,delta0_y,mode_a_ade,mode_a_fde,mode_a_max_error,mode_b_ade,mode_b_fde,mode_b_max_error,mode_c_ade,mode_c_fde,mode_c_max_error,mode_a_minus_c_mean_abs_error,mode_a_minus_c_max_abs_error,status
sample_000000,"(224, 2)","(224, 2)",0.0,0.0,0.0,0.0,0.0,11.692311814471479,0.0,26.44040090467624,1.719746018867592e-13,6.915300366811402e-13,6.915300366811402e-13,9.846092195532817e-14,6.821210263296962e-13,ok
sample_000001,"(224, 2)","(224, 2)",0.0,0.0,0.0,0.0,0.0,10.345706209537942,22.441954014746145,24.72812568716028,0.0,0.0,0.0,0.0,0.0,ok
sample_000002,"(224, 2)","(224, 2)",0.0,0.0,0.0,0.0,0.0,8.897730972438863,8.36737712786993,29.90468190768792,9.03404335466413e-14,6.821210263296962e-13,6.821210263296962e-13,4.517021677332065e-14,6.821210263296962e-13,ok
sample_000003,"(224, 2)","(224, 2)",0.0,0.0,0.0,0.0,0.0,8.60355247327358,5.400148146116083,28.12338884274087,0.0,0.0,0.0,0.0,0.0,ok
sample_000004,"(224, 2)","(224, 2)",0.0,0.0,0.0,0.0,0.0,10.001621466570972,7.083509017429168,26.044149055018178,3.6768915509562686e-14,4.263256414560601e-13,4.263256414560601e-13,2.023777970602428e-14,4.263256414560601e-13,ok
sample_000005,"(224, 2)","(224, 2)",0.0,0.0,0.0,0.0,0.0,10.03127374787944,23.568251950452314,24.279909390275613,7.122588248481044e-14,4.687428401686771e-13,4.687428401686771e-13,3.7557258890176723e-14,4.547473508864641e-13,ok
sample_000006,"(224, 2)","(224, 2)",0.0,0.0,0.0,0.0,0.0,8.058872003799257,0.0,22.326531302466005,8.145864934964005e-14,2.2737367544323206e-13,2.2737367544323206e-13,4.0729324674820026e-14,2.2737367544323206e-13,ok
sample_000007,"(224, 2)","(224, 2)",0.0,0.0,0.0,0.0,0.0,8.571599359376016,22.06949251795306,23.12277016276378,0.0,0.0,0.0,0.0,0.0,ok
sample_000008,"(224, 2)","(224, 2)",0.0,0.0,0.0,0.0,0.0,7.637250844416725,0.0,28.709087411480017,1.096265935172726e-13,2.2737367544323206e-13,4.547473508864641e-13,5.48132967586363e-14,4.547473508864641e-13,ok
sample_000009,"(224, 2)","(224, 2)",0.0,0.0,0.0,0.0,0.0,10.858472228816916,17.125142335174925,33.59360058106293,9.287808617435595e-14,1.1368683772161603e-13,7.958078640513122e-13,4.6439043087177976e-14,7.958078640513122e-13,ok
sample_000010,"(224, 2)","(224, 2)",0.0,0.0,0.0,0.0,0.0,7.98603401882113,19.412792174233978,25.566127982156388,5.075305255429287e-16,0.0,2.842170943040401e-14,2.5376526277146434e-16,2.842170943040401e-14,ok
sample_000011,"(224, 2)","(224, 2)",0.0,0.0,0.0,0.0,0.0,10.404196147289598,12.1409884276363,24.775360744094087,1.8956372989337627e-13,1.7053025658242404e-13,6.821210263296962e-13,9.605015195899925e-14,6.821210263296962e-13,ok
sample_000012,"(224, 2)","(224, 2)",0.0,0.0,0.0,0.0,0.0,9.053002311389081,19.11177909039345,24.8008467597378,1.45915026093592e-14,0.0,5.684341886080802e-14,7.2957513046796e-15,5.684341886080802e-14,ok
sample_000013,"(224, 2)","(224, 2)",0.0,0.0,0.0,0.0,0.0,10.650716348560424,14.373381648032604,24.944332021523405,2.905612258733267e-14,1.1368683772161603e-13,1.7053025658242404e-13,1.4528061293666335e-14,1.7053025658242404e-13,ok
sample_000014,"(224, 2)","(224, 2)",0.0,0.0,0.0,0.0,0.0,9.154573025418395,17.885843564115135,29.16834585642458,2.3156080227896123e-15,0.0,5.684341886080802e-14,1.1578040113948061e-15,5.684341886080802e-14,ok
sample_000015,"(224, 2)","(224, 2)",0.0,0.0,0.0,0.0,0.0,8.811568879763373,11.858435815907612,25.173845554463867,0.0,0.0,0.0,0.0,0.0,ok
sample_000016,"(224, 2)","(224, 2)",0.0,0.0,0.0,0.0,0.0,11.867348393725525,9.873611294759195,30.133869648619882,1.9755625706758499e-13,5.400124791776761e-13,1.2505552149377763e-12,9.877812853379249e-14,1.2505552149377763e-12,ok
sample_000017,"(224, 2)","(224, 2)",0.0,0.0,0.0,0.0,0.0,11.251995889896591,15.9324825435334,27.267242251463557,7.156180410155295e-14,2.2737367544323206e-13,2.2737367544323206e-13,3.578090205077647e-14,2.2737367544323206e-13,ok
sample_000018,"(224, 2)","(224, 2)",0.0,0.0,0.0,0.0,0.0,11.136232683722765,3.5948991640934658,26.89261608694841,2.0808751547260076e-14,0.0,2.2737367544323206e-13,1.0404375773630038e-14,2.2737367544323206e-13,ok
sample_000019,"(224, 2)","(224, 2)",0.0,0.0,0.0,0.0,0.0,7.257399256011827,0.0,24.747759494548152,9.440067775098474e-14,2.2737367544323206e-13,2.2737367544323206e-13,4.720033887549237e-14,2.2737367544323206e-13,ok
sample_000020,"(224, 2)","(224, 2)",0.0,0.0,0.0,0.0,0.0,8.793110053735294,22.534085293173053,30.48944899469317,9.135549459772717e-15,0.0,2.2737367544323206e-13,4.567774729886359e-15,2.2737367544323206e-13,ok
sample_000021,"(224, 2)","(224, 2)",0.0,0.0,0.0,0.0,0.0,9.292613306946736,0.0,25.03831663670718,6.35822613536467e-14,2.5421149729252077e-13,2.5421149729252077e-13,3.730349362740526e-14,2.2737367544323206e-13,ok
sample_000022,"(224, 2)","(224, 2)",0.0,0.0,0.0,0.0,0.0,7.339967028048648,17.547387269904526,23.12412160493892,0.0,0.0,0.0,0.0,0.0,ok
sample_000023,"(224, 2)","(224, 2)",0.0,0.0,0.0,0.0,0.0,13.016885551671077,26.193306396864063,26.859828741077248,2.620839131805296e-13,1.8691461090676719e-13,6.779635237919913e-13,1.652963480377626e-13,5.684341886080801e-13,ok
sample_000024,"(224, 2)","(224, 2)",0.0,0.0,0.0,0.0,0.0,7.566683486034011,24.60425369727771,25.287348615463866,3.3497014685833295e-14,5.684341886080801e-13,5.684341886080801e-13,1.6748507342916648e-14,5.684341886080801e-13,ok
sample_000025,"(224, 2)","(224, 2)",0.0,0.0,0.0,0.0,0.0,7.936411441115689,6.094169344545605,26.297461854711354,0.0,0.0,0.0,0.0,0.0,ok
sample_000026,"(224, 2)","(224, 2)",0.0,0.0,0.0,0.0,0.0,10.457128112995635,0.0,30.263980240543503,2.1316282072803006e-14,0.0,2.2737367544323206e-13,1.0658141036401503e-14,2.2737367544323206e-13,ok
sample_000027,"(224, 2)","(224, 2)",0.0,0.0,0.0,0.0,0.0,11.514309844538246,0.2353720459188045,29.589297051467806,1.7763568394002505e-15,0.0,5.684341886080802e-14,8.881784197001252e-16,5.684341886080802e-14,ok
sample_000028,"(224, 2)","(224, 2)",0.0,0.0,0.0,0.0,0.0,10.692591465939135,23.502042464432694,23.586727199847047,5.2275644130921654e-14,0.0,2.2737367544323206e-13,2.6137822065460827e-14,2.2737367544323206e-13,ok
sample_000029,"(224, 2)","(224, 2)",0.0,0.0,0.0,0.0,0.0,9.130995605100301,7.014855664944227,31.811175709174986,1.7129155237073844e-13,0.0,5.684341886080801e-13,8.564577618536922e-14,5.684341886080801e-13,ok
sample_000030,"(224, 2)","(224, 2)",0.0,0.0,0.0,0.0,0.0,8.363916420677414,0.0,28.861576533515944,0.0,0.0,0.0,0.0,0.0,ok
sample_000031,"(224, 2)","(224, 2)",0.0,0.0,0.0,0.0,0.0,11.759099867884823,19.155273425352227,27.831099511158385,9.209771868302403e-14,1.1368683772161603e-13,4.687428401686771e-13,4.853260650504256e-14,4.547473508864641e-13,ok
sample_000032,"(224, 2)","(224, 2)",0.0,0.0,0.0,0.0,0.0,9.314524025114718,0.0,27.05319389647,8.945225512694118e-15,0.0,5.684341886080802e-14,4.472612756347059e-15,5.684341886080802e-14,ok
sample_000033,"(224, 2)","(224, 2)",0.0,0.0,0.0,0.0,0.0,10.250554390006394,33.56248649906619,33.56248649906619,2.3600169437746186e-14,1.7053025658242404e-13,2.2737367544323206e-13,1.1800084718873093e-14,2.2737367544323206e-13,ok
sample_000034,"(224, 2)","(224, 2)",0.0,0.0,0.0,0.0,0.0,9.406036650485147,9.555270796790602,21.140853814356696,2.0910257652368662e-13,2.4513724383723456e-13,9.023892744153272e-13,1.0455128826184331e-13,9.023892744153272e-13,ok
sample_000035,"(224, 2)","(224, 2)",0.0,0.0,0.0,0.0,0.0,9.83256701097275,28.467077475568207,29.11087769202437,8.148543459679404e-14,2.0495186137532011e-13,4.547473508864641e-13,4.0919648621898625e-14,4.547473508864641e-13,ok
sample_000036,"(224, 2)","(224, 2)",0.0,0.0,0.0,0.0,0.0,8.012052186510287,0.0,28.421432053997528,3.2481953634747435e-14,0.0,2.2737367544323206e-13,1.6240976817373718e-14,2.2737367544323206e-13,ok
sample_000037,"(224, 2)","(224, 2)",0.0,0.0,0.0,0.0,0.0,10.182155725972835,7.46432850295362,30.279585532170074,2.1316282072803006e-14,0.0,2.2737367544323206e-13,1.0658141036401503e-14,2.2737367544323206e-13,ok
sample_000038,"(224, 2)","(224, 2)",0.0,0.0,0.0,0.0,0.0,10.974271811897044,24.966169109416853,25.197817365795874,1.3474935453164758e-13,3.410605131648481e-13,5.684341886080801e-13,6.737467726582379e-14,5.684341886080801e-13,ok
sample_000039,"(224, 2)","(224, 2)",0.0,0.0,0.0,0.0,0.0,10.701205068877332,8.34908977074731,28.213643862500245,1.4958039351932074e-13,9.663381206337363e-13,9.663381206337363e-13,7.68908746197537e-14,9.663381206337363e-13,ok
sample_000040,"(224, 2)","(224, 2)",0.0,0.0,0.0,0.0,0.0,14.550871917887415,7.374171139863759,30.983366505271853,1.0286199198775944e-13,5.115907697472721e-13,5.115907697472721e-13,5.4115442286014775e-14,5.115907697472721e-13,ok
sample_000041,"(224, 2)","(224, 2)",0.0,0.0,0.0,0.0,0.0,11.690744288283495,5.2621098430191875,24.186926220584546,7.283063041541027e-14,3.979039320256561e-13,5.684341886080801e-13,3.6415315207705135e-14,5.684341886080801e-13,ok
sample_000042,"(224, 2)","(224, 2)",0.0,0.0,0.0,0.0,0.0,15.196993664211956,7.979486198998065,30.36858409606878,2.9792041849369916e-13,1.5347723092418164e-12,1.5916157281026244e-12,1.4896020924684958e-13,1.5916157281026244e-12,ok
sample_000043,"(224, 2)","(224, 2)",0.0,0.0,0.0,0.0,0.0,10.895293921902878,14.90483143145205,31.19495151462814,7.61295788314393e-15,0.0,1.1368683772161603e-13,3.806478941571965e-15,1.1368683772161603e-13,ok
sample_000044,"(224, 2)","(224, 2)",0.0,0.0,0.0,0.0,0.0,7.597721616127155,23.25303636087128,27.382450584270217,8.298124092626884e-14,2.8421709430404007e-13,3.410605131648481e-13,4.149062046313442e-14,3.410605131648481e-13,ok
sample_000045,"(224, 2)","(224, 2)",0.0,0.0,0.0,0.0,0.0,6.599771053639842,11.940527626533097,24.795719388636453,1.7763568394002505e-14,1.1368683772161603e-13,4.547473508864641e-13,8.881784197001252e-15,4.547473508864641e-13,ok
sample_000046,"(224, 2)","(224, 2)",0.0,0.0,0.0,0.0,0.0,10.866302756266787,11.845674315969053,30.703297868470038,1.2688263138573217e-16,0.0,3.552713678800501e-15,6.344131569286608e-17,3.552713678800501e-15,ok
sample_000047,"(224, 2)","(224, 2)",0.0,0.0,0.0,0.0,0.0,10.267956353563928,13.587453771770413,26.876402288996843,3.4638958368304884e-14,5.400124791776761e-13,5.684341886080801e-13,1.7319479184152442e-14,5.684341886080801e-13,ok
sample_000048,"(224, 2)","(224, 2)",0.0,0.0,0.0,0.0,0.0,12.026456547366267,0.009999999999990905,26.56857165901094,5.754127333342955e-14,0.0,1.1368683772161603e-13,2.8770636666714774e-14,1.1368683772161603e-13,ok
sample_000049,"(224, 2)","(224, 2)",0.0,0.0,0.0,0.0,0.0,9.559695074227642,0.060827625302926874,24.22428533517552,0.0,0.0,0.0,0.0,0.0,ok
sample_000050,"(224, 2)","(224, 2)",0.0,0.0,0.0,0.0,0.0,8.957487382966006,8.20600389958462,25.866319800079726,0.0,0.0,0.0,0.0,0.0,ok
sample_000051,"(224, 2)","(224, 2)",0.0,0.0,0.0,0.0,0.0,11.587088675246756,25.608219383627677,26.898970240512902,2.5376526277146434e-16,0.0,5.684341886080802e-14,1.2688263138573217e-16,5.684341886080802e-14,ok
sample_000052,"(224, 2)","(224, 2)",0.0,0.0,0.0,0.0,0.0,4.267828442258744,0.0,23.524729541484657,0.0,0.0,0.0,0.0,0.0,ok
sample_000053,"(224, 2)","(224, 2)",0.0,0.0,0.0,0.0,0.0,5.419255341265776,3.7686071697644423,21.307878824509995,2.905612258733267e-14,1.4210854715202004e-13,3.410605131648481e-13,1.4528061293666335e-14,3.410605131648481e-13,ok
sample_000054,"(224, 2)","(224, 2)",0.0,0.0,0.0,0.0,0.0,9.19790411737994,11.56948572755073,25.26107281965672,1.7763568394002505e-14,5.684341886080802e-14,2.2737367544323206e-13,8.881784197001252e-15,2.2737367544323206e-13,ok
sample_000055,"(224, 2)","(224, 2)",0.0,0.0,0.0,0.0,0.0,9.125706037958699,16.271945181815354,28.57727243807569,4.567774729886359e-15,2.2737367544323206e-13,2.2737367544323206e-13,2.2838873649431793e-15,2.2737367544323206e-13,ok
sample_000056,"(224, 2)","(224, 2)",0.0,0.0,0.0,0.0,0.0,12.265749069611017,14.603136649363984,26.044915050734925,4.6946573612720904e-15,0.0,5.684341886080802e-14,2.3473286806360452e-15,5.684341886080802e-14,ok
sample_000057,"(224, 2)","(224, 2)",0.0,0.0,0.0,0.0,0.0,11.08500238712359,11.981527448535164,27.503210721659432,3.806478941571965e-15,0.0,1.1368683772161603e-13,1.9032394707859826e-15,1.1368683772161603e-13,ok
sample_000058,"(224, 2)","(224, 2)",0.0,0.0,0.0,0.0,0.0,4.251222256418886,0.28160255680654445,25.226345355599964,0.0,0.0,0.0,0.0,0.0,ok
sample_000059,"(224, 2)","(224, 2)",0.0,0.0,0.0,0.0,0.0,9.724398014080824,0.7433034373659283,30.664169644717255,4.0602442043434294e-15,1.1368683772161603e-13,2.2737367544323206e-13,2.0301221021717147e-15,2.2737367544323206e-13,ok
sample_000060,"(224, 2)","(224, 2)",0.0,0.0,0.0,0.0,0.0,9.373855749611064,4.577084224700263,25.94155161126639,7.917476198469687e-14,2.2737367544323206e-13,4.547473508864641e-13,3.958738099234844e-14,4.547473508864641e-13,ok
sample_000061,"(224, 2)","(224, 2)",0.0,0.0,0.0,0.0,0.0,9.712379899297556,0.0,27.764970736523324,4.6819690981335174e-14,2.2737367544323206e-13,2.2737367544323206e-13,2.3409845490667587e-14,2.2737367544323206e-13,ok
sample_000062,"(224, 2)","(224, 2)",0.0,0.0,0.0,0.0,0.0,10.709834109791903,0.009999999999990905,27.732791060403585,8.272747566349738e-14,2.2737367544323206e-13,4.547473508864641e-13,4.136373783174869e-14,4.547473508864641e-13,ok
sample_000063,"(224, 2)","(224, 2)",0.0,0.0,0.0,0.0,0.0,10.374056828653762,12.254211520942405,24.406681462255424,7.206933462709587e-14,4.547473508864641e-13,4.547473508864641e-13,3.6034667313547936e-14,4.547473508864641e-13,ok
sample_000064,"(224, 2)","(224, 2)",0.0,0.0,0.0,0.0,0.0,9.307003733139299,8.046819247379647,25.647721146331897,1.495629017459318e-14,0.0,5.684341886080802e-14,7.47814508729659e-15,5.684341886080802e-14,ok
sample_000065,"(224, 2)","(224, 2)",0.0,0.0,0.0,0.0,0.0,9.955120569080432,16.272313910443096,25.763782719158282,5.48132967586363e-14,3.410605131648481e-13,3.410605131648481e-13,2.740664837931815e-14,3.410605131648481e-13,ok
sample_000066,"(224, 2)","(224, 2)",0.0,0.0,0.0,0.0,0.0,11.011336597814815,11.975391434103544,28.724585288564292,2.618292754845566e-13,1.1084466677857563e-12,1.1084466677857563e-12,1.341149413747189e-13,1.1084466677857563e-12,ok
sample_000067,"(224, 2)","(224, 2)",0.0,0.0,0.0,0.0,0.0,10.004872515876361,19.55857868046655,25.894370044471085,7.638334409421077e-14,1.7053025658242404e-13,5.684341886080801e-13,3.8191672047105385e-14,5.684341886080801e-13,ok
sample_000068,"(224, 2)","(224, 2)",0.0,0.0,0.0,0.0,0.0,12.525152119215631,17.298234013910164,28.538593167848916,3.05004749311799e-13,1.1593828079623528e-12,1.1593828079623528e-12,1.6811948658609513e-13,1.1368683772161603e-12,ok
sample_000069,"(224, 2)","(224, 2)",0.0,0.0,0.0,0.0,0.0,7.683360627496607,0.0,28.734794239736626,0.0,0.0,0.0,0.0,0.0,ok
sample_000070,"(224, 2)","(224, 2)",0.0,0.0,0.0,0.0,0.0,9.754536506886126,20.557791710200682,24.999905999823284,0.0,0.0,0.0,0.0,0.0,ok
sample_000071,"(224, 2)","(224, 2)",0.0,0.0,0.0,0.0,0.0,12.492427633449198,7.950308170127565,27.140700064663033,6.233109266824093e-14,5.115907697472721e-13,5.684341886080801e-13,3.1165546334120467e-14,5.684341886080801e-13,ok
sample_000072,"(224, 2)","(224, 2)",0.0,0.0,0.0,0.0,0.0,7.979369506288764,0.0,24.160341471096732,1.167320208748736e-14,0.0,2.2737367544323206e-13,5.83660104374368e-15,2.2737367544323206e-13,ok
sample_000073,"(224, 2)","(224, 2)",0.0,0.0,0.0,0.0,0.0,8.306535854429843,13.946992507347304,27.87504977574028,9.135549459772717e-15,0.0,2.2737367544323206e-13,4.567774729886359e-15,2.2737367544323206e-13,ok
sample_000074,"(224, 2)","(224, 2)",0.0,0.0,0.0,0.0,0.0,4.251890987718671,0.9850888284818758,27.29699250833317,0.0,0.0,0.0,0.0,0.0,ok
sample_000075,"(224, 2)","(224, 2)",0.0,0.0,0.0,0.0,0.0,10.135695022263134,5.876002042205204,26.90758443264659,0.0,0.0,0.0,0.0,0.0,ok
sample_000076,"(224, 2)","(224, 2)",0.0,0.0,0.0,0.0,0.0,8.003021209980131,0.0,25.107393333438587,8.133176671825432e-14,3.979039320256561e-13,4.547473508864641e-13,4.066588335912716e-14,4.547473508864641e-13,ok
sample_000077,"(224, 2)","(224, 2)",0.0,0.0,0.0,0.0,0.0,9.160552567969342,25.42126078698702,29.45165530152771,4.02217941492771e-14,0.0,2.8421709430404007e-13,2.011089707463855e-14,2.8421709430404007e-13,ok
sample_000078,"(224, 2)","(224, 2)",0.0,0.0,0.0,0.0,0.0,11.574011916598737,5.050792017099902,22.563022847127545,5.982516069837272e-14,2.2737367544323206e-13,2.2737367544323206e-13,2.991258034918636e-14,2.2737367544323206e-13,ok
sample_000079,"(224, 2)","(224, 2)",0.0,0.0,0.0,0.0,0.0,8.570384563882522,9.98747715892255,28.607369679857012,6.509635051481413e-14,1.2710574864626038e-13,1.6077746776921858e-13,3.343357337014043e-14,1.1368683772161603e-13,ok
sample_000080,"(224, 2)","(224, 2)",0.0,0.0,0.0,0.0,0.0,12.36380849877381,0.0,34.2325999596875,0.0,0.0,0.0,0.0,0.0,ok
sample_000081,"(224, 2)","(224, 2)",0.0,0.0,0.0,0.0,0.0,10.352439116620719,6.19916123358637,23.425157416760303,2.5249643645760702e-14,2.842170943040401e-14,3.410605131648481e-13,1.2624821822880351e-14,3.410605131648481e-13,ok
sample_000082,"(224, 2)","(224, 2)",0.0,0.0,0.0,0.0,0.0,14.116694027359264,0.02236067977497756,27.894911722391267,8.234682776934018e-14,0.0,2.2737367544323206e-13,4.117341388467009e-14,2.2737367544323206e-13,ok
sample_000083,"(224, 2)","(224, 2)",0.0,0.0,0.0,0.0,0.0,9.726100807659547,4.693836384025421,25.008328612684217,2.7977620220553945e-14,3.552713678800501e-14,5.684341886080802e-14,1.3988810110276972e-14,5.684341886080802e-14,ok
sample_000084,"(224, 2)","(224, 2)",0.0,0.0,0.0,0.0,0.0,11.555334506899763,5.66276434261558,25.538245828560925,2.3904687753071944e-13,1.1368683772161603e-12,1.3642420526593924e-12,1.1952343876535972e-13,1.3642420526593924e-12,ok
sample_000085,"(224, 2)","(224, 2)",0.0,0.0,0.0,0.0,0.0,8.564171493518021,26.35834592685966,26.35834592685966,2.891843395331155e-14,3.126388037344441e-13,5.684341886080801e-13,1.509903313490213e-14,5.684341886080801e-13,ok
sample_000086,"(224, 2)","(224, 2)",0.0,0.0,0.0,0.0,0.0,8.873722842610116,13.996606731633133,29.458847567411805,0.0,0.0,0.0,0.0,0.0,ok
sample_000087,"(224, 2)","(224, 2)",0.0,0.0,0.0,0.0,0.0,3.6299711457057415,0.009999999999990905,23.410666372403817,0.0,0.0,0.0,0.0,0.0,ok
sample_000088,"(224, 2)","(224, 2)",0.0,0.0,0.0,0.0,0.0,7.71586685680037,8.92386687484745,29.358937310468242,0.0,0.0,0.0,0.0,0.0,ok
sample_000089,"(224, 2)","(224, 2)",0.0,0.0,0.0,0.0,0.0,5.055045563785275,0.0,27.877377925479376,0.0,0.0,0.0,0.0,0.0,ok
sample_000090,"(224, 2)","(224, 2)",0.0,0.0,0.0,0.0,0.0,14.13707404298292,0.0,29.07086686014002,1.1571695982378774e-13,4.547473508864641e-13,9.094947017729282e-13,5.785847991189387e-14,9.094947017729282e-13,ok
sample_000091,"(224, 2)","(224, 2)",0.0,0.0,0.0,0.0,0.0,8.745080864926555,0.0,27.264115610083586,0.0,0.0,0.0,0.0,0.0,ok
sample_000092,"(224, 2)","(224, 2)",0.0,0.0,0.0,0.0,0.0,6.435040541252727,0.0,31.87192494971078,0.0,0.0,0.0,0.0,0.0,ok
sample_000093,"(224, 2)","(224, 2)",0.0,0.0,0.0,0.0,0.0,11.190504974690644,6.168249346451555,24.652661113964832,0.0,0.0,0.0,0.0,0.0,ok
sample_000094,"(224, 2)","(224, 2)",0.0,0.0,0.0,0.0,0.0,8.181908520746882,9.670496367818965,26.045394986446297,4.3711066512384736e-14,0.0,1.1368683772161603e-13,2.1855533256192368e-14,1.1368683772161603e-13,ok
sample_000095,"(224, 2)","(224, 2)",0.0,0.0,0.0,0.0,0.0,8.87134681819357,14.835380008614543,34.22503323592253,1.9740358409604806e-14,4.0194366942304643e-13,4.0194366942304643e-13,1.2053849981644556e-14,2.8421709430404007e-13,ok
sample_000096,"(224, 2)","(224, 2)",0.0,0.0,0.0,0.0,0.0,10.68589998929931,0.01999999999998181,29.095946453071505,0.0,0.0,0.0,0.0,0.0,ok
sample_000097,"(224, 2)","(224, 2)",0.0,0.0,0.0,0.0,0.0,8.426015355820786,6.588269879110918,26.644733063027733,6.306066779870889e-14,2.8421709430404007e-13,3.979039320256561e-13,3.1530333899354446e-14,3.979039320256561e-13,ok
sample_000098,"(224, 2)","(224, 2)",0.0,0.0,0.0,0.0,0.0,10.966044910228254,25.336252682667894,26.879138751083605,3.2989484160290367e-15,0.0,5.684341886080802e-14,1.6494742080145183e-15,5.684341886080802e-14,ok
sample_000099,"(224, 2)","(224, 2)",0.0,0.0,0.0,0.0,0.0,9.26311430024778,22.487196357038304,25.051886156535137,1.5352798397673592e-14,0.0,5.684341886080802e-14,7.676399198836796e-15,5.684341886080802e-14,ok
sample_000100,"(224, 2)","(224, 2)",0.0,0.0,0.0,0.0,0.0,11.214174163602937,18.227413420449903,28.280164426679097,8.691460249922654e-14,0.0,2.2737367544323206e-13,4.345730124961327e-14,2.2737367544323206e-13,ok
sample_000101,"(224, 2)","(224, 2)",0.0,0.0,0.0,0.0,0.0,11.533053923528405,26.419131325613268,27.06856664103219,2.7520842747565307e-13,1.7053025658242404e-13,1.0231815394945443e-12,1.3760421373782653e-13,1.0231815394945443e-12,ok
sample_000102,"(224, 2)","(224, 2)",0.0,0.0,0.0,0.0,0.0,7.210197566269656,0.0,27.028320332569642,0.0,0.0,0.0,0.0,0.0,ok
sample_000103,"(224, 2)","(224, 2)",0.0,0.0,0.0,0.0,0.0,13.420958444647043,13.755711541029054,25.723664202442013,8.04435882985542e-14,3.694822225952521e-13,7.673861546209082e-13,4.02217941492771e-14,7.673861546209082e-13,ok
sample_000104,"(224, 2)","(224, 2)",0.0,0.0,0.0,0.0,0.0,5.364613708276531,0.0,28.61541717326527,0.0,0.0,0.0,0.0,0.0,ok
sample_000105,"(224, 2)","(224, 2)",0.0,0.0,0.0,0.0,0.0,11.486852812063306,21.308073587257937,30.286242751454058,1.528123867403521e-13,2.2737367544323206e-13,5.684341886080801e-13,7.854034882776822e-14,5.684341886080801e-13,ok
sample_000106,"(224, 2)","(224, 2)",0.0,0.0,0.0,0.0,0.0,10.310544256791859,17.67287186622479,23.22488751318296,1.3703324189659075e-14,5.684341886080802e-14,1.1368683772161603e-13,6.851662094829538e-15,1.1368683772161603e-13,ok
sample_000107,"(224, 2)","(224, 2)",0.0,0.0,0.0,0.0,0.0,10.531701966204277,0.009999999999990905,27.668937457011268,2.4995878382989238e-14,0.0,1.1368683772161603e-13,1.2497939191494619e-14,1.1368683772161603e-13,ok
sample_000108,"(224, 2)","(224, 2)",0.0,0.0,0.0,0.0,0.0,11.444238144749951,26.083285835952605,26.905620230724924,2.5884056802689363e-14,1.1368683772161603e-13,3.410605131648481e-13,1.2942028401344682e-14,3.410605131648481e-13,ok
sample_000109,"(224, 2)","(224, 2)",0.0,0.0,0.0,0.0,0.0,7.863776261902154,3.3517905662495653,23.269776535239888,4.567774729886359e-15,0.0,1.1368683772161603e-13,2.2838873649431793e-15,1.1368683772161603e-13,ok
sample_000110,"(224, 2)","(224, 2)",0.0,0.0,0.0,0.0,0.0,9.158501447230606,0.5824946351685013,29.210741175122614,2.5376526277146436e-15,0.0,1.1368683772161603e-13,1.2688263138573218e-15,1.1368683772161603e-13,ok
sample_000111,"(224, 2)","(224, 2)",0.0,0.0,0.0,0.0,0.0,7.5633234157165905,8.251739210614948,25.83440535410087,0.0,0.0,0.0,0.0,0.0,ok
sample_000112,"(224, 2)","(224, 2)",0.0,0.0,0.0,0.0,0.0,8.907662670974325,8.138808266570644,22.629902783706296,1.089604597024975e-14,0.0,5.684341886080802e-14,5.448022985124875e-15,5.684341886080802e-14,ok
sample_000113,"(224, 2)","(224, 2)",0.0,0.0,0.0,0.0,0.0,11.664316295513812,4.121019291388994,22.582889540534993,1.4439243451696323e-13,2.2737367544323206e-13,7.105427357601002e-13,7.219621725848161e-14,7.105427357601002e-13,ok
sample_000114,"(224, 2)","(224, 2)",0.0,0.0,0.0,0.0,0.0,8.196205085659143,21.79334302028941,22.222889101104744,0.0,0.0,0.0,0.0,0.0,ok
sample_000115,"(224, 2)","(224, 2)",0.0,0.0,0.0,0.0,0.0,10.224032020647593,0.0,28.498170116693423,8.729525039338374e-14,2.2737367544323206e-13,2.2737367544323206e-13,4.364762519669187e-14,2.2737367544323206e-13,ok
sample_000116,"(224, 2)","(224, 2)",0.0,0.0,0.0,0.0,0.0,8.084310465715602,16.62076111373963,24.858063078204527,4.567774729886359e-15,2.2737367544323206e-13,2.2737367544323206e-13,2.2838873649431793e-15,2.2737367544323206e-13,ok
sample_000117,"(224, 2)","(224, 2)",0.0,0.0,0.0,0.0,0.0,10.526213230181536,21.973449888444932,22.724068737794273,1.348762371630333e-13,7.958078640513122e-13,8.526512829121202e-13,6.743811858151665e-14,8.526512829121202e-13,ok
sample_000118,"(224, 2)","(224, 2)",0.0,0.0,0.0,0.0,0.0,9.49720259295886,15.384488941788058,24.48692916639407,8.246624024885796e-14,1.1368683772161603e-13,1.6077746776921858e-13,4.2125033620063084e-14,1.1368683772161603e-13,ok
sample_000119,"(224, 2)","(224, 2)",0.0,0.0,0.0,0.0,0.0,10.874512303527641,0.0,27.657094930595985,4.618527782440651e-14,1.1368683772161603e-13,4.547473508864641e-13,2.3092638912203256e-14,4.547473508864641e-13,ok
sample_000120,"(224, 2)","(224, 2)",0.0,0.0,0.0,0.0,0.0,8.65757831884716,0.0,26.36646734016523,0.0,0.0,0.0,0.0,0.0,ok
sample_000121,"(224, 2)","(224, 2)",0.0,0.0,0.0,0.0,0.0,10.121107694541363,18.91248529411181,30.420698545562555,3.045183153257572e-15,0.0,5.684341886080802e-14,1.522591576628786e-15,5.684341886080802e-14,ok
sample_000122,"(224, 2)","(224, 2)",0.0,0.0,0.0,0.0,0.0,10.38457767464696,9.19198020015294,28.271344149155755,3.9333615729576974e-14,2.2737367544323206e-13,2.2737367544323206e-13,1.9666807864788487e-14,2.2737367544323206e-13,ok
sample_000123,"(224, 2)","(224, 2)",0.0,0.0,0.0,0.0,0.0,10.168699180435414,20.295817303079968,26.03145213006757,7.105427357601002e-15,0.0,1.1368683772161603e-13,3.552713678800501e-15,1.1368683772161603e-13,ok
sample_000124,"(224, 2)","(224, 2)",0.0,0.0,0.0,0.0,0.0,9.784133532775028,9.14035010270393,22.478834489359073,1.2180732613030289e-13,4.547473508864641e-13,5.684341886080801e-13,6.090366306515144e-14,5.684341886080801e-13,ok
sample_000125,"(224, 2)","(224, 2)",0.0,0.0,0.0,0.0,0.0,10.472211255755274,8.995626715243374,27.727722589495134,2.842170943040401e-14,5.684341886080802e-14,2.2737367544323206e-13,1.4210854715202004e-14,2.2737367544323206e-13,ok
sample_000126,"(224, 2)","(224, 2)",0.0,0.0,0.0,0.0,0.0,14.451484099116376,5.051910529690696,25.933607539252844,8.382169506788732e-14,7.195802084636491e-13,8.526512829121202e-13,4.237879888283455e-14,8.526512829121202e-13,ok
sample_000127,"(224, 2)","(224, 2)",0.0,0.0,0.0,0.0,0.0,6.158701383471195,2.3444615586526867,28.979822290690603,1.0861153246618675e-13,3.410605131648481e-13,3.410605131648481e-13,5.4305766233093374e-14,3.410605131648481e-13,ok
sample_000128,"(224, 2)","(224, 2)",0.0,0.0,0.0,0.0,0.0,10.462099228387574,8.388235809751615,27.916821094100385,2.2331343123888863e-14,2.2737367544323206e-13,2.2737367544323206e-13,1.1165671561944431e-14,2.2737367544323206e-13,ok
sample_000129,"(224, 2)","(224, 2)",0.0,0.0,0.0,0.0,0.0,11.48567399478765,10.275821135072361,28.29252904920301,7.059143049148297e-14,2.3013249603851656e-13,6.821210263296962e-13,3.703386803571058e-14,6.821210263296962e-13,ok
sample_000130,"(224, 2)","(224, 2)",0.0,0.0,0.0,0.0,0.0,8.116327589031375,20.82786594925178,26.621382383339945,7.232309988986734e-15,0.0,5.684341886080802e-14,3.616154994493367e-15,5.684341886080802e-14,ok
sample_000131,"(224, 2)","(224, 2)",0.0,0.0,0.0,0.0,0.0,8.723847279912011,16.75208942191997,27.95643038730101,3.552713678800501e-15,1.1368683772161603e-13,1.1368683772161603e-13,1.7763568394002505e-15,1.1368683772161603e-13,ok
sample_000132,"(224, 2)","(224, 2)",0.0,0.0,0.0,0.0,0.0,10.282249045002365,7.51042608644814,28.519221588255213,1.8474111129762605e-13,4.547473508864641e-13,6.252776074688882e-13,9.237055564881302e-14,6.252776074688882e-13,ok
sample_000133,"(224, 2)","(224, 2)",0.0,0.0,0.0,0.0,0.0,9.300921182433271,8.99980555345504,23.8477336449398,4.0602442043434294e-15,5.684341886080802e-14,1.1368683772161603e-13,2.0301221021717147e-15,1.1368683772161603e-13,ok
sample_000134,"(224, 2)","(224, 2)",0.0,0.0,0.0,0.0,0.0,14.188360241750155,0.0,30.46918443280001,8.189519760423752e-14,2.5421149729252077e-13,6.12222357532858e-13,4.8596047820735424e-14,5.684341886080801e-13,ok
sample_000135,"(224, 2)","(224, 2)",0.0,0.0,0.0,0.0,0.0,6.7067242993763205,11.473190489136,24.778547172907516,0.0,0.0,0.0,0.0,0.0,ok
sample_000136,"(224, 2)","(224, 2)",0.0,0.0,0.0,0.0,0.0,12.465382681296214,3.358868857219688,25.232494922222827,1.8562928971732617e-13,1.2505552149377763e-12,1.4210854715202004e-12,9.281464485866309e-14,1.4210854715202004e-12,ok
sample_000137,"(224, 2)","(224, 2)",0.0,0.0,0.0,0.0,0.0,10.525491269118001,0.3569313659513933,25.165341245451053,6.664571548548067e-14,2.2737367544323206e-13,2.2737367544323206e-13,3.451207573691915e-14,2.2737367544323206e-13,ok
sample_000138,"(224, 2)","(224, 2)",0.0,0.0,0.0,0.0,0.0,13.43331414783457,10.798240597430668,26.460325016900306,2.0964182770707598e-13,7.105427357601002e-13,9.094947017729282e-13,1.0482091385353799e-13,9.094947017729282e-13,ok
sample_000139,"(224, 2)","(224, 2)",0.0,0.0,0.0,0.0,0.0,11.869805065490043,15.308886308285123,25.74184336833715,4.517021677332065e-14,1.1368683772161603e-13,3.410605131648481e-13,2.2585108386660326e-14,3.410605131648481e-13,ok
sample_000140,"(224, 2)","(224, 2)",0.0,0.0,0.0,0.0,0.0,8.86973927822708,15.618713135210582,25.609609524551477,2.347328680636045e-14,5.684341886080802e-14,5.684341886080802e-14,1.1736643403180226e-14,5.684341886080802e-14,ok
sample_000141,"(224, 2)","(224, 2)",0.0,0.0,0.0,0.0,0.0,12.937089854103979,0.03162277660176288,25.501931299413393,3.418509447589698e-13,5.362597410144533e-13,7.46036036412459e-13,2.1303593809664433e-13,7.105427357601002e-13,ok
sample_000142,"(224, 2)","(224, 2)",0.0,0.0,0.0,0.0,0.0,8.988899810426721,13.281660287780397,26.277604533138245,0.0,0.0,0.0,0.0,0.0,ok
sample_000143,"(224, 2)","(224, 2)",0.0,0.0,0.0,0.0,0.0,7.7705813798043994,31.10144851932141,31.10144851932141,6.268001990455169e-14,3.410605131648481e-13,6.821210263296962e-13,3.1340009952275847e-14,6.821210263296962e-13,ok
sample_000144,"(224, 2)","(224, 2)",0.0,0.0,0.0,0.0,0.0,11.109771709522976,26.89562417940872,31.12019440813327,0.0,0.0,0.0,0.0,0.0,ok
sample_000145,"(224, 2)","(224, 2)",0.0,0.0,0.0,0.0,0.0,7.107557460729353,0.0,26.204123721277096,3.375077994860476e-14,1.1368683772161603e-13,5.684341886080801e-13,1.687538997430238e-14,5.684341886080801e-13,ok
sample_000146,"(224, 2)","(224, 2)",0.0,0.0,0.0,0.0,0.0,7.799982403355831,1.2913945950018169,26.77137463784786,0.0,0.0,0.0,0.0,0.0,ok
sample_000147,"(224, 2)","(224, 2)",0.0,0.0,0.0,0.0,0.0,9.702449121380754,0.0,25.17449502969237,1.9286159970631292e-14,0.0,2.2737367544323206e-13,9.643079985315646e-15,2.2737367544323206e-13,ok
sample_000148,"(224, 2)","(224, 2)",0.0,0.0,0.0,0.0,0.0,14.109730967564689,0.0,30.760820860308502,8.171241461241152e-14,0.0,5.684341886080801e-13,4.085620730620576e-14,5.684341886080801e-13,ok
sample_000149,"(224, 2)","(224, 2)",0.0,0.0,0.0,0.0,0.0,10.211753642727945,14.579506164476202,28.53607190907681,1.7763568394002505e-14,0.0,1.1368683772161603e-13,8.881784197001252e-15,1.1368683772161603e-13,ok
sample_000150,"(224, 2)","(224, 2)",0.0,0.0,0.0,0.0,0.0,9.342934166465229,0.0,26.263967712438284,1.1419436824715896e-14,0.0,5.684341886080802e-14,5.709718412357948e-15,5.684341886080802e-14,ok
sample_000151,"(224, 2)","(224, 2)",0.0,0.0,0.0,0.0,0.0,10.124821238486524,20.598118846147056,20.937490298505505,9.947598300641403e-14,4.547473508864641e-13,7.958078640513122e-13,4.973799150320701e-14,7.958078640513122e-13,ok
sample_000152,"(224, 2)","(224, 2)",0.0,0.0,0.0,0.0,0.0,7.976103349655667,9.140924460906598,25.52277610292433,5.075305255429287e-16,5.684341886080802e-14,5.684341886080802e-14,2.5376526277146434e-16,5.684341886080802e-14,ok
sample_000153,"(224, 2)","(224, 2)",0.0,0.0,0.0,0.0,0.0,9.66195909866901,9.57555742502746,28.185904278557388,8.881784197001252e-15,1.7053025658242404e-13,2.2737367544323206e-13,4.440892098500626e-15,2.2737367544323206e-13,ok
sample_000154,"(224, 2)","(224, 2)",0.0,0.0,0.0,0.0,0.0,11.2642634118975,14.940030120451485,29.475483032513555,0.0,0.0,0.0,0.0,0.0,ok
sample_000155,"(224, 2)","(224, 2)",0.0,0.0,0.0,0.0,0.0,11.894189902506415,10.294974502154066,26.32288927910467,9.160925986049863e-14,1.7053025658242404e-13,7.958078640513122e-13,4.5804629930249314e-14,7.958078640513122e-13,ok
sample_000156,"(224, 2)","(224, 2)",0.0,0.0,0.0,0.0,0.0,9.752075574531764,17.664087862100324,25.597656142701943,1.522591576628786e-15,1.1368683772161603e-13,1.1368683772161603e-13,7.61295788314393e-16,1.1368683772161603e-13,ok
sample_000157,"(224, 2)","(224, 2)",0.0,0.0,0.0,0.0,0.0,6.588112426931568,0.0,25.87454733903567,1.1926967350258824e-13,2.2737367544323206e-13,2.2737367544323206e-13,5.963483675129412e-14,2.2737367544323206e-13,ok
sample_000158,"(224, 2)","(224, 2)",0.0,0.0,0.0,0.0,0.0,8.850434491798477,22.707042960279896,26.46948809478566,6.090366306515144e-15,0.0,1.1368683772161603e-13,3.045183153257572e-15,1.1368683772161603e-13,ok
sample_000159,"(224, 2)","(224, 2)",0.0,0.0,0.0,0.0,0.0,10.824898226639757,12.305267164917813,29.60656177268817,4.1003925786494615e-14,0.0,1.1368683772161603e-13,2.0539125955565396e-14,1.1368683772161603e-13,ok
sample_000160,"(224, 2)","(224, 2)",0.0,0.0,0.0,0.0,0.0,7.00440467673153,0.0,28.833487475503215,5.075305255429287e-14,2.2737367544323206e-13,2.2737367544323206e-13,2.5376526277146437e-14,2.2737367544323206e-13,ok
sample_000161,"(224, 2)","(224, 2)",0.0,0.0,0.0,0.0,0.0,8.857287726741177,0.0,30.623567721609444,3.197442310920451e-14,1.1368683772161603e-13,1.1368683772161603e-13,1.5987211554602254e-14,1.1368683772161603e-13,ok
sample_000162,"(224, 2)","(224, 2)",0.0,0.0,0.0,0.0,0.0,6.717013589602223,0.0,25.691465508997407,0.0,0.0,0.0,0.0,0.0,ok
sample_000163,"(224, 2)","(224, 2)",0.0,0.0,0.0,0.0,0.0,10.327796740315287,0.0,26.1774444894837,0.0,0.0,0.0,0.0,0.0,ok
sample_000164,"(224, 2)","(224, 2)",0.0,0.0,0.0,0.0,0.0,7.000571848393674,13.405629414540769,23.358617253596154,4.0602442043434294e-15,1.1368683772161603e-13,1.7053025658242404e-13,2.0301221021717147e-15,1.7053025658242404e-13,ok
sample_000165,"(224, 2)","(224, 2)",0.0,0.0,0.0,0.0,0.0,9.863917317228557,17.705281697843734,23.390378363763148,1.8979250073283173e-13,7.476584436270687e-13,8.038873388460929e-13,1.0632764510124356e-13,7.958078640513122e-13,ok
sample_000166,"(224, 2)","(224, 2)",0.0,0.0,0.0,0.0,0.0,10.104201784415523,28.425780552167797,30.352668745927424,2.0301221021717147e-15,0.0,1.1368683772161603e-13,1.0150610510858574e-15,1.1368683772161603e-13,ok
sample_000167,"(224, 2)","(224, 2)",0.0,0.0,0.0,0.0,0.0,10.536979715798791,4.145961890804103,19.746961791627466,1.2231485665584582e-13,9.094947017729282e-13,1.0231815394945443e-12,6.115742832792291e-14,1.0231815394945443e-12,ok
sample_000168,"(224, 2)","(224, 2)",0.0,0.0,0.0,0.0,0.0,11.68723206561236,0.0,31.099435686198508,6.750155989720952e-14,0.0,2.2737367544323206e-13,3.375077994860476e-14,2.2737367544323206e-13,ok
sample_000169,"(224, 2)","(224, 2)",0.0,0.0,0.0,0.0,0.0,7.601151410970116,19.134850404432175,24.3038803486193,3.552713678800501e-15,0.0,1.1368683772161603e-13,1.7763568394002505e-15,1.1368683772161603e-13,ok
sample_000170,"(224, 2)","(224, 2)",0.0,0.0,0.0,0.0,0.0,11.138518237398538,12.736412367695943,26.73908188401386,1.4210854715202004e-14,0.0,1.1368683772161603e-13,7.105427357601002e-15,1.1368683772161603e-13,ok
sample_000171,"(224, 2)","(224, 2)",0.0,0.0,0.0,0.0,0.0,8.707719898812398,22.51578335301709,23.979418258164642,2.5376526277146436e-15,1.7053025658242404e-13,1.7053025658242404e-13,1.2688263138573218e-15,1.7053025658242404e-13,ok
sample_000172,"(224, 2)","(224, 2)",0.0,0.0,0.0,0.0,0.0,9.780818194951374,1.4729901561108507,28.38842193571193,2.4932437067296374e-14,0.0,1.1368683772161603e-13,1.2466218533648187e-14,1.1368683772161603e-13,ok
sample_000173,"(224, 2)","(224, 2)",0.0,0.0,0.0,0.0,0.0,9.76526903232274,28.31254492270174,28.31254492270174,2.2331343123888863e-14,0.0,1.1368683772161603e-13,1.1165671561944431e-14,1.1368683772161603e-13,ok
sample_000174,"(224, 2)","(224, 2)",0.0,0.0,0.0,0.0,0.0,9.382275826068746,8.078329035140841,30.60198686360088,1.3145040611561853e-13,3.410605131648481e-13,5.684341886080801e-13,6.572520305780927e-14,5.684341886080801e-13,ok
sample_000175,"(224, 2)","(224, 2)",0.0,0.0,0.0,0.0,0.0,10.934511848725018,10.00152488373649,30.004707963917824,3.146689258366158e-14,3.410605131648481e-13,3.410605131648481e-13,1.573344629183079e-14,3.410605131648481e-13,ok
sample_000176,"(224, 2)","(224, 2)",0.0,0.0,0.0,0.0,0.0,9.55328381331734,20.77427495726387,27.135718158913658,2.791417890486108e-15,2.842170943040401e-14,5.684341886080802e-14,1.395708945243054e-15,5.684341886080802e-14,ok
sample_000177,"(224, 2)","(224, 2)",0.0,0.0,0.0,0.0,0.0,11.271870475917675,6.62944944923794,31.496212470708297,2.6391587328232294e-14,5.684341886080802e-14,5.684341886080802e-14,1.3195793664116147e-14,5.684341886080802e-14,ok
sample_000178,"(224, 2)","(224, 2)",0.0,0.0,0.0,0.0,0.0,15.669801577854171,22.780153643028793,32.38664230821096,9.92908807179077e-14,2.5421149729252077e-13,1.1368683772161603e-12,5.1641230973993e-14,1.1368683772161603e-12,ok
sample_000179,"(224, 2)","(224, 2)",0.0,0.0,0.0,0.0,0.0,11.287873464095501,17.03607936116762,29.274270272715636,2.976719338516773e-14,5.084229945850415e-13,5.084229945850415e-13,1.7636685762616773e-14,4.547473508864641e-13,ok
sample_000180,"(224, 2)","(224, 2)",0.0,0.0,0.0,0.0,0.0,10.290978261564641,13.911883409517074,27.363369675535154,4.364762519669187e-14,0.0,1.1368683772161603e-13,2.1823812598345936e-14,1.1368683772161603e-13,ok
sample_000181,"(224, 2)","(224, 2)",0.0,0.0,0.0,0.0,0.0,7.356194355456089,0.0,29.01235598844051,4.0602442043434294e-15,5.684341886080802e-14,5.684341886080802e-14,2.0301221021717147e-15,5.684341886080802e-14,ok
sample_000182,"(224, 2)","(224, 2)",0.0,0.0,0.0,0.0,0.0,15.409102853599661,11.58982743616141,25.463206789405028,4.058988398411489e-13,1.1829202874001088e-12,1.5252689837551246e-12,2.2581936320875684e-13,1.5063505998114124e-12,ok
sample_000183,"(224, 2)","(224, 2)",0.0,0.0,0.0,0.0,0.0,11.174149876707641,15.218653028438604,29.84423729968658,0.0,0.0,0.0,0.0,0.0,ok
sample_000184,"(224, 2)","(224, 2)",0.0,0.0,0.0,0.0,0.0,5.0475248818545575,0.0,29.82935634572095,7.61295788314393e-16,0.0,5.684341886080802e-14,3.806478941571965e-16,5.684341886080802e-14,ok
sample_000185,"(224, 2)","(224, 2)",0.0,0.0,0.0,0.0,0.0,9.680185156760272,0.0,31.74865351475559,7.61295788314393e-15,0.0,3.410605131648481e-13,3.806478941571965e-15,3.410605131648481e-13,ok
sample_000186,"(224, 2)","(224, 2)",0.0,0.0,0.0,0.0,0.0,10.702640330624815,9.749594863377729,26.536390108679157,2.2585108386660326e-14,0.0,1.1368683772161603e-13,1.1292554193330163e-14,1.1368683772161603e-13,ok
sample_000187,"(224, 2)","(224, 2)",0.0,0.0,0.0,0.0,0.0,7.522864607982472,8.451774961509548,20.664350945529392,0.0,0.0,0.0,0.0,0.0,ok
sample_000188,"(224, 2)","(224, 2)",0.0,0.0,0.0,0.0,0.0,9.693148161395156,12.331962536433599,28.747507718061367,2.689911785377522e-14,2.2737367544323206e-13,2.2737367544323206e-13,1.344955892688761e-14,2.2737367544323206e-13,ok
sample_000189,"(224, 2)","(224, 2)",0.0,0.0,0.0,0.0,0.0,9.061252167331178,1.3514806694880288,29.293156197310047,0.0,0.0,0.0,0.0,0.0,ok
sample_000190,"(224, 2)","(224, 2)",0.0,0.0,0.0,0.0,0.0,10.483579655843252,13.884570573121785,29.147929600573672,1.4210854715202004e-14,0.0,2.2737367544323206e-13,7.105427357601002e-15,2.2737367544323206e-13,ok
sample_000191,"(224, 2)","(224, 2)",0.0,0.0,0.0,0.0,0.0,10.57019546229057,12.844313917060754,26.020278630329898,0.0,0.0,0.0,0.0,0.0,ok
sample_000192,"(224, 2)","(224, 2)",0.0,0.0,0.0,0.0,0.0,8.798679132140375,10.732870072818304,22.320297937079683,0.0,0.0,0.0,0.0,0.0,ok
sample_000193,"(224, 2)","(224, 2)",0.0,0.0,0.0,0.0,0.0,11.295133521011875,29.74078848988375,29.74078848988375,2.448834785744631e-14,0.0,5.684341886080802e-14,1.2244173928723156e-14,5.684341886080802e-14,ok
sample_000194,"(224, 2)","(224, 2)",0.0,0.0,0.0,0.0,0.0,9.336870332447514,0.0,27.7845316678184,1.2180732613030288e-14,5.684341886080802e-14,5.684341886080802e-14,6.090366306515144e-15,5.684341886080802e-14,ok
sample_000195,"(224, 2)","(224, 2)",0.0,0.0,0.0,0.0,0.0,8.862368243564118,9.087001705733254,27.498809065121325,1.1647825561210213e-13,5.684341886080801e-13,7.958078640513122e-13,5.823912780605107e-14,7.958078640513122e-13,ok
sample_000196,"(224, 2)","(224, 2)",0.0,0.0,0.0,0.0,0.0,7.905143327193253,14.165821543419085,27.126975504099136,6.090366306515144e-15,0.0,5.684341886080802e-14,3.045183153257572e-15,5.684341886080802e-14,ok
sample_000197,"(224, 2)","(224, 2)",0.0,0.0,0.0,0.0,0.0,11.028786953479429,7.148601261785423,25.358872214670694,0.0,0.0,0.0,0.0,0.0,ok
sample_000198,"(224, 2)","(224, 2)",0.0,0.0,0.0,0.0,0.0,7.99977922822068,3.6492739003806847,20.26579630806547,4.567774729886359e-15,0.0,5.684341886080802e-14,2.2838873649431793e-15,5.684341886080802e-14,ok
sample_000199,"(224, 2)","(224, 2)",0.0,0.0,0.0,0.0,0.0,7.715337931948186,11.681481070480798,21.482069267181902,5.316382255062178e-14,1.1368683772161603e-13,1.1368683772161603e-13,2.658191127531089e-14,1.1368683772161603e-13,ok
sample_000200,"(224, 2)","(224, 2)",0.0,0.0,0.0,0.0,0.0,6.220236156155627,0.0,29.668586080229648,1.0455128826184331e-13,1.1368683772161603e-13,4.547473508864641e-13,5.2275644130921654e-14,4.547473508864641e-13,ok
sample_000201,"(224, 2)","(224, 2)",0.0,0.0,0.0,0.0,0.0,13.271632550054454,19.917610298426855,28.86751115008023,0.0,0.0,0.0,0.0,0.0,ok
sample_000202,"(224, 2)","(224, 2)",0.0,0.0,0.0,0.0,0.0,11.258536069636833,11.190285965961726,31.36265454326205,3.654219783909087e-14,1.1368683772161603e-13,2.8421709430404007e-13,1.8271098919545435e-14,2.8421709430404007e-13,ok
sample_000203,"(224, 2)","(224, 2)",0.0,0.0,0.0,0.0,0.0,8.752610664142251,0.01999999999998181,23.048446802333583,0.0,0.0,0.0,0.0,0.0,ok
sample_000204,"(224, 2)","(224, 2)",0.0,0.0,0.0,0.0,0.0,9.865353219845728,26.01877206941178,28.427593988939833,0.0,0.0,0.0,0.0,0.0,ok
sample_000205,"(224, 2)","(224, 2)",0.0,0.0,0.0,0.0,0.0,13.56225914833581,15.310989517336898,26.858125399960358,2.4680161541528517e-13,9.323013879825752e-13,1.016845989170083e-12,1.3348052821779024e-13,9.094947017729282e-13,ok
sample_000206,"(224, 2)","(224, 2)",0.0,0.0,0.0,0.0,0.0,7.258745719699803,7.195533336730424,25.141316592414203,5.075305255429287e-16,0.0,1.1368683772161603e-13,2.5376526277146434e-16,1.1368683772161603e-13,ok
sample_000207,"(224, 2)","(224, 2)",0.0,0.0,0.0,0.0,0.0,8.156180134602184,0.0,23.751010504818602,0.0,0.0,0.0,0.0,0.0,ok
sample_000208,"(224, 2)","(224, 2)",0.0,0.0,0.0,0.0,0.0,6.634415258809162,0.0,29.51137068995617,0.0,0.0,0.0,0.0,0.0,ok
sample_000209,"(224, 2)","(224, 2)",0.0,0.0,0.0,0.0,0.0,10.047372287769495,19.728094180634823,23.535736657262316,6.131603161715508e-14,0.0,1.1368683772161603e-13,3.065801580857754e-14,1.1368683772161603e-13,ok
sample_000210,"(224, 2)","(224, 2)",0.0,0.0,0.0,0.0,0.0,15.797193843073803,10.975581989124796,28.783502219153185,2.0139855362526573e-13,8.083965584164555e-13,1.0546713903795235e-12,1.0930938693880827e-13,1.0231815394945443e-12,ok
sample_000211,"(224, 2)","(224, 2)",0.0,0.0,0.0,0.0,0.0,7.441927738195917,0.0,30.93477816309665,2.5079221778601732e-14,0.0,1.6077746776921858e-13,1.2688263138573218e-14,1.1368683772161603e-13,ok
sample_000212,"(224, 2)","(224, 2)",0.0,0.0,0.0,0.0,0.0,8.28717641954552,9.533357226077298,26.13620094811029,2.220446049250313e-15,4.973799150320701e-14,5.684341886080802e-14,1.1102230246251565e-15,5.684341886080802e-14,ok
sample_000213,"(224, 2)","(224, 2)",0.0,0.0,0.0,0.0,0.0,6.384093086903641,0.0,32.712659628957034,0.0,0.0,0.0,0.0,0.0,ok
sample_000214,"(224, 2)","(224, 2)",0.0,0.0,0.0,0.0,0.0,7.349305085181003,6.422156958530353,27.46525987497661,3.5400254156619274e-14,7.105427357601002e-13,7.105427357601002e-13,1.7700127078309637e-14,7.105427357601002e-13,ok
sample_000215,"(224, 2)","(224, 2)",0.0,0.0,0.0,0.0,0.0,15.697650613770573,9.115267412424025,30.250740486804634,5.060375815328562e-13,1.1991132345047497e-12,1.4210854715202004e-12,2.933526437638128e-13,1.4210854715202004e-12,ok
sample_000216,"(224, 2)","(224, 2)",0.0,0.0,0.0,0.0,0.0,8.030973657074913,14.01750691100245,27.975203305785037,1.8778629445088362e-14,0.0,1.1368683772161603e-13,9.389314722544181e-15,1.1368683772161603e-13,ok
sample_000217,"(224, 2)","(224, 2)",0.0,0.0,0.0,0.0,0.0,8.609789887151726,16.451252231973243,25.673535011758695,1.8778629445088362e-14,0.0,5.684341886080802e-14,9.389314722544181e-15,5.684341886080802e-14,ok
sample_000218,"(224, 2)","(224, 2)",0.0,0.0,0.0,0.0,0.0,8.32181894885157,15.406557045621833,20.111839796498003,2.989672002026314e-14,1.1368683772161603e-13,1.1368683772161603e-13,1.494836001013157e-14,1.1368683772161603e-13,ok
sample_000219,"(224, 2)","(224, 2)",0.0,0.0,0.0,0.0,0.0,8.189926206004069,22.665844347828727,27.75632000103762,0.0,0.0,0.0,0.0,0.0,ok
sample_000220,"(224, 2)","(224, 2)",0.0,0.0,0.0,0.0,0.0,10.406300354238175,15.716749027709325,25.722597069502978,4.4282038353620527e-14,0.0,2.2737367544323206e-13,2.2141019176810263e-14,2.2737367544323206e-13,ok
sample_000221,"(224, 2)","(224, 2)",0.0,0.0,0.0,0.0,0.0,10.38342083592717,13.132219918962768,30.856261925255804,3.806478941571965e-15,0.0,5.684341886080802e-14,1.9032394707859826e-15,5.684341886080802e-14,ok
sample_000222,"(224, 2)","(224, 2)",0.0,0.0,0.0,0.0,0.0,9.928370342953444,29.527460100726604,29.527460100726604,2.0301221021717147e-15,1.1368683772161603e-13,1.1368683772161603e-13,1.0150610510858574e-15,1.1368683772161603e-13,ok
sample_000223,"(224, 2)","(224, 2)",0.0,0.0,0.0,0.0,0.0,12.834315448458328,0.0,28.362598611551785,7.219621725848161e-14,2.8421709430404007e-13,5.684341886080801e-13,3.6098108629240807e-14,5.684341886080801e-13,ok
sample_000224,"(224, 2)","(224, 2)",0.0,0.0,0.0,0.0,0.0,9.513982953920308,8.90404964047246,24.333158446860118,3.552713678800501e-15,0.0,1.1368683772161603e-13,1.7763568394002505e-15,1.1368683772161603e-13,ok
sample_000225,"(224, 2)","(224, 2)",0.0,0.0,0.0,0.0,0.0,7.781673880034686,22.370739817896176,24.256710411760302,1.979369049617422e-14,0.0,1.1368683772161603e-13,9.89684524808711e-15,1.1368683772161603e-13,ok
sample_000226,"(224, 2)","(224, 2)",0.0,0.0,0.0,0.0,0.0,8.784448308739373,10.824310601604184,26.773867856550016,0.0,0.0,0.0,0.0,0.0,ok
sample_000227,"(224, 2)","(224, 2)",0.0,0.0,0.0,0.0,0.0,11.270278021426543,0.0,23.212380317408233,2.5376526277146436e-15,0.0,1.1368683772161603e-13,1.2688263138573218e-15,1.1368683772161603e-13,ok
sample_000228,"(224, 2)","(224, 2)",0.0,0.0,0.0,0.0,0.0,8.012702318206106,11.176698975994665,25.895204189192885,0.0,0.0,0.0,0.0,0.0,ok
sample_000229,"(224, 2)","(224, 2)",0.0,0.0,0.0,0.0,0.0,9.150234983813304,8.0670502663613,30.31393903800691,3.0908352670477443e-14,0.0,1.6077746776921858e-13,1.6494742080145184e-14,1.1368683772161603e-13,ok
sample_000230,"(224, 2)","(224, 2)",0.0,0.0,0.0,0.0,0.0,9.329672575547502,13.057442322292705,29.8686809216611,2.1407810070681698e-14,2.5421149729252077e-13,2.5421149729252077e-13,1.167320208748736e-14,2.2737367544323206e-13,ok
sample_000231,"(224, 2)","(224, 2)",0.0,0.0,0.0,0.0,0.0,10.536228336862267,9.965189411145166,21.042832508956565,1.407286985357002e-13,1.1901590823981678e-12,1.1901590823981678e-12,7.03643492678501e-14,1.1901590823981678e-12,ok
sample_000232,"(224, 2)","(224, 2)",0.0,0.0,0.0,0.0,0.0,9.490132631468887,12.688613005368211,26.11319398311894,1.0467817089322905e-13,2.2737367544323206e-13,2.2737367544323206e-13,5.2339085446614524e-14,2.2737367544323206e-13,ok
sample_000233,"(224, 2)","(224, 2)",0.0,0.0,0.0,0.0,0.0,10.503456194878106,12.302357497650597,26.279568109084234,8.628018934229787e-15,0.0,1.1368683772161603e-13,4.314009467114894e-15,1.1368683772161603e-13,ok
sample_000234,"(224, 2)","(224, 2)",0.0,0.0,0.0,0.0,0.0,9.0335518266735,21.33717179009428,29.147929600573622,0.0,0.0,0.0,0.0,0.0,ok
sample_000235,"(224, 2)","(224, 2)",0.0,0.0,0.0,0.0,0.0,10.87521214905371,13.61339413959637,23.3201736700224,4.0602442043434294e-15,0.0,2.2737367544323206e-13,2.0301221021717147e-15,2.2737367544323206e-13,ok
sample_000236,"(224, 2)","(224, 2)",0.0,0.0,0.0,0.0,0.0,10.052017144702122,10.257270592121467,30.9259276336216,1.0150610510858574e-15,0.0,1.1368683772161603e-13,5.075305255429287e-16,1.1368683772161603e-13,ok
sample_000237,"(224, 2)","(224, 2)",0.0,0.0,0.0,0.0,0.0,12.846825168523111,23.169980578325767,27.842934471782858,1.816040104135003e-13,2.2737367544323206e-13,5.240704272917405e-13,1.1159327430375145e-13,5.115907697472721e-13,ok
sample_000238,"(224, 2)","(224, 2)",0.0,0.0,0.0,0.0,0.0,7.742353446939208,3.253459696999487,30.302041185372353,1.522591576628786e-14,0.0,2.2737367544323206e-13,7.61295788314393e-15,2.2737367544323206e-13,ok
sample_000239,"(224, 2)","(224, 2)",0.0,0.0,0.0,0.0,0.0,13.99333033418491,14.232596389977415,29.001360312923165,1.4007842504984833e-13,2.2737367544323206e-13,6.821210263296962e-13,7.003921252492416e-14,6.821210263296962e-13,ok
sample_000240,"(224, 2)","(224, 2)",0.0,0.0,0.0,0.0,0.0,10.846230719140916,4.812920111533132,23.118728338730055,1.6853348856149758e-13,7.476584436270687e-13,1.0231815394945443e-12,8.520763459886537e-14,1.0231815394945443e-12,ok
sample_000241,"(224, 2)","(224, 2)",0.0,0.0,0.0,0.0,0.0,9.509811181871685,8.610418108315127,29.65725037828016,4.0594983744682555e-14,5.684341886080801e-13,5.684341886080801e-13,2.1062516810031542e-14,5.684341886080801e-13,ok
sample_000242,"(224, 2)","(224, 2)",0.0,0.0,0.0,0.0,0.0,11.10033193342298,10.847027242521358,25.371040577792712,7.587581356866784e-14,5.115907697472721e-13,5.115907697472721e-13,3.793790678433392e-14,5.115907697472721e-13,ok
sample_000243,"(224, 2)","(224, 2)",0.0,0.0,0.0,0.0,0.0,8.422269632851663,0.0,22.859308825946677,0.0,0.0,0.0,0.0,0.0,ok
sample_000244,"(224, 2)","(224, 2)",0.0,0.0,0.0,0.0,0.0,11.204973635775726,11.831842629109122,26.34927133717384,0.0,0.0,0.0,0.0,0.0,ok
sample_000245,"(224, 2)","(224, 2)",0.0,0.0,0.0,0.0,0.0,12.985451810085392,5.2128399169742305,24.648557767139394,3.4360972567571077e-13,5.240704272917405e-13,9.663381206337363e-13,1.7440017683968888e-13,9.663381206337363e-13,ok
sample_000246,"(224, 2)","(224, 2)",0.0,0.0,0.0,0.0,0.0,9.57082049861516,0.0,31.867255922027578,5.075305255429287e-15,0.0,1.1368683772161603e-13,2.5376526277146436e-15,1.1368683772161603e-13,ok
sample_000247,"(224, 2)","(224, 2)",0.0,0.0,0.0,0.0,0.0,8.197050335120231,6.883865193334319,25.17449502969237,1.6240976817373718e-14,0.0,2.2737367544323206e-13,8.120488408686859e-15,2.2737367544323206e-13,ok
sample_000248,"(224, 2)","(224, 2)",0.0,0.0,0.0,0.0,0.0,8.502326473587187,7.516648189186462,26.00422465677453,4.8215399926578226e-14,4.547473508864641e-13,4.547473508864641e-13,2.4107699963289113e-14,4.547473508864641e-13,ok
sample_000249,"(224, 2)","(224, 2)",0.0,0.0,0.0,0.0,0.0,9.380430470390522,5.0255546957525565,20.389362422596662,4.872293045212115e-14,0.0,3.410605131648481e-13,2.4361465226060576e-14,3.410605131648481e-13,ok
sample_000250,"(224, 2)","(224, 2)",0.0,0.0,0.0,0.0,0.0,8.544216488956403,8.04316480000252,30.034448554950927,2.235671965016601e-13,1.1084466677857563e-12,1.1368683772161603e-12,1.1178359825083005e-13,1.1368683772161603e-12,ok
sample_000251,"(224, 2)","(224, 2)",0.0,0.0,0.0,0.0,0.0,9.188516141308794,9.260194382409034,28.064418754002332,0.0,0.0,0.0,0.0,0.0,ok
sample_000252,"(224, 2)","(224, 2)",0.0,0.0,0.0,0.0,0.0,9.22554830752001,8.299427691112195,29.089965623905382,1.4845267872130665e-14,1.4210854715202004e-13,3.410605131648481e-13,7.422633936065333e-15,3.410605131648481e-13,ok
sample_000253,"(224, 2)","(224, 2)",0.0,0.0,0.0,0.0,0.0,8.767735442497813,4.747736302702556,26.16862625358849,2.0301221021717147e-15,0.0,1.1368683772161603e-13,1.0150610510858574e-15,1.1368683772161603e-13,ok
sample_000254,"(224, 2)","(224, 2)",0.0,0.0,0.0,0.0,0.0,11.582381484065365,24.161212717908136,24.321227353898085,4.77078694010353e-14,2.2737367544323206e-13,2.2737367544323206e-13,2.385393470051765e-14,2.2737367544323206e-13,ok
sample_000255,"(224, 2)","(224, 2)",0.0,0.0,0.0,0.0,0.0,11.253878488683537,0.022360679775282614,25.941366579268852,1.2180732613030288e-14,0.0,1.1368683772161603e-13,6.090366306515144e-15,1.1368683772161603e-13,ok
sample_000256,"(224, 2)","(224, 2)",0.0,0.0,0.0,0.0,0.0,8.493514662087652,7.864477096412708,21.78573845431912,1.9413042602017023e-14,1.9184653865522705e-13,1.9895196601282805e-13,9.706521301008512e-15,1.9895196601282805e-13,ok
sample_000257,"(224, 2)","(224, 2)",0.0,0.0,0.0,0.0,0.0,9.650723571830017,11.537525731282235,27.382229638946566,1.2180732613030288e-14,2.2737367544323206e-13,2.2737367544323206e-13,6.090366306515144e-15,2.2737367544323206e-13,ok
sample_000258,"(224, 2)","(224, 2)",0.0,0.0,0.0,0.0,0.0,7.845467541981408,17.563453532833513,27.483904380564372,6.064989780237999e-14,0.0,1.1368683772161603e-13,3.032494890118999e-14,1.1368683772161603e-13,ok
sample_000259,"(224, 2)","(224, 2)",0.0,0.0,0.0,0.0,0.0,6.947314838260732,7.28024724854861,23.496733815575293,5.760471464912241e-14,1.1368683772161603e-13,3.410605131648481e-13,2.8802357324561206e-14,3.410605131648481e-13,ok
sample_000260,"(224, 2)","(224, 2)",0.0,0.0,0.0,0.0,0.0,9.961215313258936,19.90972877766036,24.703491656039162,6.344131569286609e-16,0.0,2.842170943040401e-14,3.1720657846433045e-16,2.842170943040401e-14,ok
sample_000261,"(224, 2)","(224, 2)",0.0,0.0,0.0,0.0,0.0,8.031848042620014,0.0,28.012939867139814,1.2688263138573217e-16,0.0,2.842170943040401e-14,6.344131569286608e-17,2.842170943040401e-14,ok
sample_000262,"(224, 2)","(224, 2)",0.0,0.0,0.0,0.0,0.0,6.705547061190194,0.0,28.971606790097145,0.0,0.0,0.0,0.0,0.0,ok
sample_000263,"(224, 2)","(224, 2)",0.0,0.0,0.0,0.0,0.0,8.501950197370087,0.0,23.767635557623255,3.1720657846433045e-16,0.0,2.842170943040401e-14,1.5860328923216522e-16,2.842170943040401e-14,ok
sample_000264,"(224, 2)","(224, 2)",0.0,0.0,0.0,0.0,0.0,13.169028097915762,19.69182825438007,26.904232009109624,3.5286059788372117e-13,7.958078640513122e-13,9.094947017729282e-13,1.7643029894186059e-13,9.094947017729282e-13,ok
sample_000265,"(224, 2)","(224, 2)",0.0,0.0,0.0,0.0,0.0,9.702578293459288,29.41326571463973,30.029512150549447,1.2954716664483256e-13,2.8421709430404007e-13,6.821210263296962e-13,6.477358332241628e-14,6.821210263296962e-13,ok
sample_000266,"(224, 2)","(224, 2)",0.0,0.0,0.0,0.0,0.0,8.436232863937521,0.0,27.2642549870705,5.024552202874994e-14,1.1368683772161603e-13,2.2737367544323206e-13,2.512276101437497e-14,2.2737367544323206e-13,ok
sample_000267,"(224, 2)","(224, 2)",0.0,0.0,0.0,0.0,0.0,6.969907375525089,19.07285505633591,27.97679931657656,0.0,0.0,0.0,0.0,0.0,ok
sample_000268,"(224, 2)","(224, 2)",0.0,0.0,0.0,0.0,0.0,7.580533550626468,11.641911355099701,25.036461411309702,0.0,0.0,0.0,0.0,0.0,ok
sample_000269,"(224, 2)","(224, 2)",0.0,0.0,0.0,0.0,0.0,10.629725914212765,7.96686261962625,30.879328036730357,7.25768651526388e-14,9.094947017729282e-13,9.094947017729282e-13,3.62884325763194e-14,9.094947017729282e-13,ok
sample_000270,"(224, 2)","(224, 2)",0.0,0.0,0.0,0.0,0.0,9.474329152790059,0.0,29.704346483300977,0.0,0.0,0.0,0.0,0.0,ok
sample_000271,"(224, 2)","(224, 2)",0.0,0.0,0.0,0.0,0.0,11.873182051584507,8.018640782576549,29.805751122895778,9.607618523165584e-14,1.0247593068766006e-13,5.684341886080801e-13,4.872293045212115e-14,5.684341886080801e-13,ok
sample_000272,"(224, 2)","(224, 2)",0.0,0.0,0.0,0.0,0.0,11.123055792468891,24.620970736345782,28.36262505481476,7.892099672192542e-14,0.0,2.2737367544323206e-13,3.946049836096271e-14,2.2737367544323206e-13,ok
sample_000273,"(224, 2)","(224, 2)",0.0,0.0,0.0,0.0,0.0,16.93642345000041,13.586408649823506,31.007508768038786,4.180090717258442e-13,1.889562797554693e-12,1.889562797554693e-12,2.385393470051765e-13,1.8758328224066645e-12,ok
sample_000274,"(224, 2)","(224, 2)",0.0,0.0,0.0,0.0,0.0,6.526713500216878,15.613125888174968,25.100997988127794,0.0,0.0,0.0,0.0,0.0,ok
sample_000275,"(224, 2)","(224, 2)",0.0,0.0,0.0,0.0,0.0,14.061630382737388,0.0,28.31582243199023,6.039613253960852e-14,7.958078640513122e-13,7.958078640513122e-13,3.019806626980426e-14,7.958078640513122e-13,ok
sample_000276,"(224, 2)","(224, 2)",0.0,0.0,0.0,0.0,0.0,7.985877775175029,0.0,26.766262346468935,1.722531479180744e-14,1.322163290206532e-13,2.0495186137532011e-13,1.044402659593808e-14,1.8474111129762605e-13,ok
sample_000277,"(224, 2)","(224, 2)",0.0,0.0,0.0,0.0,0.0,9.047936663158186,9.331350384590682,27.61758316725051,5.823912780605107e-14,2.2737367544323206e-13,2.2737367544323206e-13,2.9119563903025534e-14,2.2737367544323206e-13,ok
sample_000278,"(224, 2)","(224, 2)",0.0,0.0,0.0,0.0,0.0,11.317600433544598,28.347225613805435,28.36883677558856,0.0,0.0,0.0,0.0,0.0,ok
sample_000279,"(224, 2)","(224, 2)",0.0,0.0,0.0,0.0,0.0,10.994774987972253,10.091506329582417,25.5289815699726,3.3497014685833295e-14,2.2737367544323206e-13,2.2737367544323206e-13,1.6748507342916648e-14,2.2737367544323206e-13,ok
sample_000280,"(224, 2)","(224, 2)",0.0,0.0,0.0,0.0,0.0,9.585163231666753,13.19973484582169,25.53272410065167,7.916730368594513e-14,1.1368683772161603e-13,2.5421149729252077e-13,4.0348676780662834e-14,2.2737367544323206e-13,ok
sample_000281,"(224, 2)","(224, 2)",0.0,0.0,0.0,0.0,0.0,7.946184644829245,13.751818061623686,28.17148913351949,7.359192620372467e-15,5.684341886080802e-14,1.1368683772161603e-13,3.6795963101862334e-15,1.1368683772161603e-13,ok
sample_000282,"(224, 2)","(224, 2)",0.0,0.0,0.0,0.0,0.0,10.390978149998327,1.6022796260327845,29.29252464366973,1.9112003027538338e-14,0.0,1.6077746776921858e-13,1.0150610510858574e-14,1.1368683772161603e-13,ok
sample_000283,"(224, 2)","(224, 2)",0.0,0.0,0.0,0.0,0.0,12.746954366697157,9.572214999674834,28.242255575644094,5.138746571122153e-14,0.0,2.2737367544323206e-13,2.5693732855610764e-14,2.2737367544323206e-13,ok
sample_000284,"(224, 2)","(224, 2)",0.0,0.0,0.0,0.0,0.0,11.18076333359252,23.346969824797366,23.916439952467897,7.61295788314393e-15,0.0,1.1368683772161603e-13,3.806478941571965e-15,1.1368683772161603e-13,ok
sample_000285,"(224, 2)","(224, 2)",0.0,0.0,0.0,0.0,0.0,10.842143242737311,12.741632548460945,27.402496236656898,9.554262143345633e-14,2.2737367544323206e-13,2.2737367544323206e-13,4.7771310716728163e-14,2.2737367544323206e-13,ok
sample_000286,"(224, 2)","(224, 2)",0.0,0.0,0.0,0.0,0.0,10.888143263845143,13.032244626310652,25.77656493794316,0.0,0.0,0.0,0.0,0.0,ok
sample_000287,"(224, 2)","(224, 2)",0.0,0.0,0.0,0.0,0.0,9.42238001512395,9.988838771348751,24.47698102299385,8.815065357997858e-14,2.842170943040401e-14,7.105427357601002e-13,4.513849611547422e-14,7.105427357601002e-13,ok
sample_000288,"(224, 2)","(224, 2)",0.0,0.0,0.0,0.0,0.0,10.794061355201409,13.095972663380092,26.267546516566714,3.170651599303023e-14,2.2737367544323206e-13,2.5421149729252077e-13,1.6240976817373718e-14,2.2737367544323206e-13,ok
sample_000289,"(224, 2)","(224, 2)",0.0,0.0,0.0,0.0,0.0,9.044853889515407,0.0,27.059464148426812,2.1823812598345936e-14,0.0,1.1368683772161603e-13,1.0911906299172968e-14,1.1368683772161603e-13,ok
sample_000290,"(224, 2)","(224, 2)",0.0,0.0,0.0,0.0,0.0,11.555750034789781,26.776456076187614,27.270148514447058,0.0,0.0,0.0,0.0,0.0,ok
sample_000291,"(224, 2)","(224, 2)",0.0,0.0,0.0,0.0,0.0,6.454439221369169,0.0,25.981526129155704,0.0,0.0,0.0,0.0,0.0,ok
sample_000292,"(224, 2)","(224, 2)",0.0,0.0,0.0,0.0,0.0,9.579782016318847,10.808311616529181,22.558479558693662,4.491645151054919e-14,1.7053025658242404e-13,5.684341886080801e-13,2.2458225755274594e-14,5.684341886080801e-13,ok
sample_000293,"(224, 2)","(224, 2)",0.0,0.0,0.0,0.0,0.0,13.140975826481691,18.961777342854738,28.65258452565835,5.040423967361003e-13,1.0435064581705444e-12,1.3830600733622803e-12,2.839633290412686e-13,1.3642420526593924e-12,ok
sample_000294,"(224, 2)","(224, 2)",0.0,0.0,0.0,0.0,0.0,7.17387021879759,0.0,24.495134210695756,0.0,0.0,0.0,0.0,0.0,ok
sample_000295,"(224, 2)","(224, 2)",0.0,0.0,0.0,0.0,0.0,6.640453379009634,9.440730903907763,25.323305471442595,0.0,0.0,0.0,0.0,0.0,ok
sample_000296,"(224, 2)","(224, 2)",0.0,0.0,0.0,0.0,0.0,11.15487668895209,4.543214720877557,28.53891728850277,7.105427357601002e-15,0.0,1.1368683772161603e-13,3.552713678800501e-15,1.1368683772161603e-13,ok
sample_000297,"(224, 2)","(224, 2)",0.0,0.0,0.0,0.0,0.0,11.852559242694237,7.800820469668641,26.369804701589956,2.948752353404416e-13,9.094947017729282e-13,9.094947017729282e-13,1.474376176702208e-13,9.094947017729282e-13,ok
sample_000298,"(224, 2)","(224, 2)",0.0,0.0,0.0,0.0,0.0,9.568441712081484,12.16839348476204,25.02973631503118,7.678626330828186e-14,2.0495186137532011e-13,3.410605131648481e-13,4.0348676780662834e-14,3.410605131648481e-13,ok
sample_000299,"(224, 2)","(224, 2)",0.0,0.0,0.0,0.0,0.0,6.6298425573480335,5.94242374793322,25.43948309223278,6.597896832058073e-15,0.0,1.1368683772161603e-13,3.2989484160290367e-15,1.1368683772161603e-13,ok
sample_000300,"(224, 2)","(224, 2)",0.0,0.0,0.0,0.0,0.0,8.952174031972731,16.997717493828404,29.012495583799666,5.075305255429287e-16,0.0,2.842170943040401e-14,2.5376526277146434e-16,2.842170943040401e-14,ok
sample_000301,"(224, 2)","(224, 2)",0.0,0.0,0.0,0.0,0.0,9.38426188905187,15.0078912576016,22.01445207130984,8.881784197001252e-16,0.0,2.842170943040401e-14,4.440892098500626e-16,2.842170943040401e-14,ok
sample_000302,"(224, 2)","(224, 2)",0.0,0.0,0.0,0.0,0.0,8.113228561288478,0.0,32.38270680471297,0.0,0.0,0.0,0.0,0.0,ok
sample_000303,"(224, 2)","(224, 2)",0.0,0.0,0.0,0.0,0.0,8.244519629410275,8.8348457824684,24.200074380051056,1.7763568394002505e-15,5.684341886080802e-14,1.1368683772161603e-13,8.881784197001252e-16,1.1368683772161603e-13,ok
sample_000304,"(224, 2)","(224, 2)",0.0,0.0,0.0,0.0,0.0,15.62883991436189,13.962796997736524,28.378026710819707,2.429504453492053e-13,7.389644451905042e-13,1.3736832867828721e-12,1.5111721398040702e-13,1.2505552149377763e-12,ok
sample_000305,"(224, 2)","(224, 2)",0.0,0.0,0.0,0.0,0.0,9.93777808940916,13.173173497680866,28.086966728359975,0.0,0.0,0.0,0.0,0.0,ok
sample_000306,"(224, 2)","(224, 2)",0.0,0.0,0.0,0.0,0.0,9.070877016119972,22.68790426637071,25.73030314629042,3.616154994493367e-14,5.684341886080802e-14,2.8421709430404007e-13,1.8080774972466836e-14,2.8421709430404007e-13,ok
sample_000307,"(224, 2)","(224, 2)",0.0,0.0,0.0,0.0,0.0,10.110675730286177,6.021179286485428,27.3906589917073,0.0,0.0,0.0,0.0,0.0,ok
sample_000308,"(224, 2)","(224, 2)",0.0,0.0,0.0,0.0,0.0,10.967725276916642,18.420762742080075,29.01210954067267,0.0,0.0,0.0,0.0,0.0,ok
sample_000309,"(224, 2)","(224, 2)",0.0,0.0,0.0,0.0,0.0,9.65714869238408,9.717139496786015,27.296842308223127,1.0404375773630038e-14,0.0,1.1368683772161603e-13,5.202187886815019e-15,1.1368683772161603e-13,ok
sample_000310,"(224, 2)","(224, 2)",0.0,0.0,0.0,0.0,0.0,9.561563950521144,26.387961270245984,31.6166301177086,0.0,0.0,0.0,0.0,0.0,ok
sample_000311,"(224, 2)","(224, 2)",0.0,0.0,0.0,0.0,0.0,14.119317281762944,0.0,34.27130724089773,1.3145040611561853e-13,4.547473508864641e-13,9.094947017729282e-13,6.572520305780927e-14,9.094947017729282e-13,ok
sample_000312,"(224, 2)","(224, 2)",0.0,0.0,0.0,0.0,0.0,8.780644378908608,0.0,29.936173770206548,3.095936205811865e-14,0.0,1.1368683772161603e-13,1.5479681029059324e-14,1.1368683772161603e-13,ok
sample_000313,"(224, 2)","(224, 2)",0.0,0.0,0.0,0.0,0.0,6.6605978237388594,13.490830219078378,27.385297150113303,0.0,0.0,0.0,0.0,0.0,ok
sample_000314,"(224, 2)","(224, 2)",0.0,0.0,0.0,0.0,0.0,13.558759413483454,5.790138167608758,27.273879445359444,1.8158752963281434e-13,1.2710574864626038e-12,1.2710574864626038e-12,1.0049104405749988e-13,1.2505552149377763e-12,ok
sample_000315,"(224, 2)","(224, 2)",0.0,0.0,0.0,0.0,0.0,10.27016357171229,13.051996015935531,28.2615569280957,0.0,0.0,0.0,0.0,0.0,ok
sample_000316,"(224, 2)","(224, 2)",0.0,0.0,0.0,0.0,0.0,10.49017922325424,13.564807407405471,28.457508675216,1.7256037868459575e-14,0.0,2.2737367544323206e-13,8.628018934229787e-15,2.2737367544323206e-13,ok
sample_000317,"(224, 2)","(224, 2)",0.0,0.0,0.0,0.0,0.0,11.19209713761718,5.582803955003255,27.45442951510745,0.0,0.0,0.0,0.0,0.0,ok
sample_000318,"(224, 2)","(224, 2)",0.0,0.0,0.0,0.0,0.0,10.318461991657754,2.4279209212823503,23.58202705451778,9.643079985315646e-15,0.0,1.1368683772161603e-13,4.821539992657823e-15,1.1368683772161603e-13,ok
sample_000319,"(224, 2)","(224, 2)",0.0,0.0,0.0,0.0,0.0,6.303892633416057,26.223779285221305,26.9337334953772,7.739840514529662e-15,8.526512829121202e-14,1.7053025658242404e-13,3.869920257264831e-15,1.7053025658242404e-13,ok
sample_000320,"(224, 2)","(224, 2)",0.0,0.0,0.0,0.0,0.0,9.702600223691677,0.0,26.106169768849597,4.0602442043434294e-15,0.0,1.1368683772161603e-13,2.0301221021717147e-15,1.1368683772161603e-13,ok
sample_000321,"(224, 2)","(224, 2)",0.0,0.0,0.0,0.0,0.0,11.433484407776414,27.735356496717653,28.419996481350946,1.1165671561944431e-14,0.0,2.2737367544323206e-13,5.582835780972216e-15,2.2737367544323206e-13,ok
sample_000322,"(224, 2)","(224, 2)",0.0,0.0,0.0,0.0,0.0,9.023837253882997,7.3603328729073505,25.286259114388557,2.5376526277146436e-15,0.0,1.1368683772161603e-13,1.2688263138573218e-15,1.1368683772161603e-13,ok
sample_000323,"(224, 2)","(224, 2)",0.0,0.0,0.0,0.0,0.0,10.72513336538042,0.0,24.416985890973667,2.2331343123888863e-14,1.1368683772161603e-13,2.2737367544323206e-13,1.1165671561944431e-14,2.2737367544323206e-13,ok
sample_000324,"(224, 2)","(224, 2)",0.0,0.0,0.0,0.0,0.0,9.457567903867629,20.07018933642626,28.436218102975797,4.7454104138263836e-14,0.0,1.1368683772161603e-13,2.3727052069131918e-14,1.1368683772161603e-13,ok
sample_000325,"(224, 2)","(224, 2)",0.0,0.0,0.0,0.0,0.0,9.66745960803389,19.02777180859594,29.649516016286004,1.3551065031996197e-13,4.973799150320701e-13,9.379164112033322e-13,6.775532515998099e-14,9.379164112033322e-13,ok
sample_000326,"(224, 2)","(224, 2)",0.0,0.0,0.0,0.0,0.0,12.919126166515081,16.72731897226815,22.353532159370342,7.156264969805261e-14,3.595093471822542e-13,5.684341886080801e-13,3.8572319941262583e-14,5.684341886080801e-13,ok
sample_000327,"(224, 2)","(224, 2)",0.0,0.0,0.0,0.0,0.0,12.857151505567884,25.885372317198534,26.377338758866422,1.1926967350258825e-14,0.0,1.1368683772161603e-13,5.963483675129412e-15,1.1368683772161603e-13,ok
sample_000328,"(224, 2)","(224, 2)",0.0,0.0,0.0,0.0,0.0,10.04386078057593,0.0,24.597081127646167,9.516197353929913e-14,2.2737367544323206e-13,2.2737367544323206e-13,4.7580986769649564e-14,2.2737367544323206e-13,ok
sample_000329,"(224, 2)","(224, 2)",0.0,0.0,0.0,0.0,0.0,11.112039661367012,13.8516894276476,29.94561737550265,7.422633936065332e-14,0.0,2.2737367544323206e-13,3.711316968032666e-14,2.2737367544323206e-13,ok
sample_000330,"(224, 2)","(224, 2)",0.0,0.0,0.0,0.0,0.0,12.05536034928358,14.274795970520927,29.744957555861546,2.499587838298924e-13,1.3073986337985843e-12,1.3073986337985843e-12,1.249793919149462e-13,1.3073986337985843e-12,ok
sample_000331,"(224, 2)","(224, 2)",0.0,0.0,0.0,0.0,0.0,8.935087947467922,0.0,26.35998482548879,1.4007842504984833e-13,5.684341886080801e-13,5.684341886080801e-13,7.003921252492416e-14,5.684341886080801e-13,ok
sample_000332,"(224, 2)","(224, 2)",0.0,0.0,0.0,0.0,0.0,9.545280033347256,7.014164241019894,25.09298706810334,1.2386916889032103e-14,0.0,5.684341886080802e-14,6.193458444516052e-15,5.684341886080802e-14,ok
sample_000333,"(224, 2)","(224, 2)",0.0,0.0,0.0,0.0,0.0,7.785948033068562,0.0,24.696028020716266,0.0,0.0,0.0,0.0,0.0,ok
sample_000334,"(224, 2)","(224, 2)",0.0,0.0,0.0,0.0,0.0,10.013556219454822,25.182712324132215,25.22703708325655,9.565420009528825e-14,2.0495186137532011e-13,2.0495186137532011e-13,4.992831545028561e-14,1.7053025658242404e-13,ok
sample_000335,"(224, 2)","(224, 2)",0.0,0.0,0.0,0.0,0.0,11.143897929317754,7.39638425178144,25.80367609469624,6.851662094829538e-15,5.684341886080802e-14,1.1368683772161603e-13,3.425831047414769e-15,1.1368683772161603e-13,ok
sample_000336,"(224, 2)","(224, 2)",0.0,0.0,0.0,0.0,0.0,10.106550705017614,7.225461922950098,28.613692526481092,4.4250317695774095e-14,0.0,1.1368683772161603e-13,2.2125158847887047e-14,1.1368683772161603e-13,ok
sample_000337,"(224, 2)","(224, 2)",0.0,0.0,0.0,0.0,0.0,13.634462554188234,0.0,26.40046401107373,2.158740538831316e-13,1.12544227438453e-12,1.12544227438453e-12,1.438849039914203e-13,9.094947017729282e-13,ok
sample_000338,"(224, 2)","(224, 2)",0.0,0.0,0.0,0.0,0.0,9.430737077920918,11.336075158537056,23.430008536063347,5.075305255429287e-15,0.0,5.684341886080802e-14,2.5376526277146436e-15,5.684341886080802e-14,ok
sample_000339,"(224, 2)","(224, 2)",0.0,0.0,0.0,0.0,0.0,11.656240591062243,1.1021796586763226,25.650701744786662,4.6312160455792245e-15,0.0,5.684341886080802e-14,2.3156080227896123e-15,5.684341886080802e-14,ok
sample_000340,"(224, 2)","(224, 2)",0.0,0.0,0.0,0.0,0.0,7.31806276026217,0.0,22.22327608612195,8.425006724012617e-14,3.410605131648481e-13,4.547473508864641e-13,4.2125033620063084e-14,4.547473508864641e-13,ok
sample_000341,"(224, 2)","(224, 2)",0.0,0.0,0.0,0.0,0.0,11.658198338849575,6.445991002165608,27.405380858510238,8.603194804771758e-14,1.0345658394727079e-13,5.712692894303979e-13,4.696243394164412e-14,5.684341886080801e-13,ok
sample_000342,"(224, 2)","(224, 2)",0.0,0.0,0.0,0.0,0.0,7.988297227268283,0.0,29.499810168880582,2.0757998494705785e-13,2.2737367544323206e-13,9.094947017729282e-13,1.0378999247352892e-13,9.094947017729282e-13,ok
sample_000343,"(224, 2)","(224, 2)",0.0,0.0,0.0,0.0,0.0,10.096111356168901,22.60179196435531,23.632223763327797,4.187126835729162e-14,1.9895196601282805e-13,3.979039320256561e-13,2.093563417864581e-14,3.979039320256561e-13,ok
sample_000344,"(224, 2)","(224, 2)",0.0,0.0,0.0,0.0,0.0,11.602675960293782,15.403739805644507,23.347635854621423,7.917476198469687e-14,1.1368683772161603e-12,1.2505552149377763e-12,3.958738099234844e-14,1.2505552149377763e-12,ok
sample_000345,"(224, 2)","(224, 2)",0.0,0.0,0.0,0.0,0.0,8.160171932666076,16.38180087780344,26.185425335480033,7.18503567727951e-15,0.0,1.6077746776921858e-13,4.187126835729162e-15,1.1368683772161603e-13,ok
sample_000346,"(224, 2)","(224, 2)",0.0,0.0,0.0,0.0,0.0,12.184125454148191,5.404479623423453,24.31037021519824,6.927791673660977e-14,3.979039320256561e-13,5.115907697472721e-13,3.4638958368304884e-14,5.115907697472721e-13,ok
sample_000347,"(224, 2)","(224, 2)",0.0,0.0,0.0,0.0,0.0,7.949991441058833,0.0,23.085053606175567,0.0,0.0,0.0,0.0,0.0,ok
sample_000348,"(224, 2)","(224, 2)",0.0,0.0,0.0,0.0,0.0,9.179647457378357,12.231635213658084,25.61312944565727,2.1443164704188737e-14,1.1368683772161603e-13,1.1368683772161603e-13,1.0721582352094369e-14,1.1368683772161603e-13,ok
sample_000349,"(224, 2)","(224, 2)",0.0,0.0,0.0,0.0,0.0,11.149395335622714,8.291302672077588,29.570407504801164,2.6239328170569415e-13,1.4779288903810084e-12,1.4779288903810084e-12,1.3119664085284708e-13,1.4779288903810084e-12,ok
sample_000350,"(224, 2)","(224, 2)",0.0,0.0,0.0,0.0,0.0,8.6823695610348,4.56754857664358,25.094144735375984,0.0,0.0,0.0,0.0,0.0,ok
sample_000351,"(224, 2)","(224, 2)",0.0,0.0,0.0,0.0,0.0,10.365263696324638,18.040690119837418,29.451655301527687,3.31163667916761e-14,5.684341886080801e-13,5.684341886080801e-13,1.655818339583805e-14,5.684341886080801e-13,ok
sample_000352,"(224, 2)","(224, 2)",0.0,0.0,0.0,0.0,0.0,9.144770015041924,20.46114610670667,23.75713997938294,1.6431300764452317e-14,0.0,5.684341886080802e-14,8.215650382226158e-15,5.684341886080802e-14,ok
sample_000353,"(224, 2)","(224, 2)",0.0,0.0,0.0,0.0,0.0,7.750690430866915,12.288278968187512,23.650526421202716,6.344131569286609e-14,2.2737367544323206e-13,2.2737367544323206e-13,3.1720657846433045e-14,2.2737367544323206e-13,ok
sample_000354,"(224, 2)","(224, 2)",0.0,0.0,0.0,0.0,0.0,11.863334235049493,12.354420261590661,31.606462946682427,4.618527782440651e-14,8.526512829121202e-14,3.979039320256561e-13,2.3092638912203256e-14,3.979039320256561e-13,ok
sample_000355,"(224, 2)","(224, 2)",0.0,0.0,0.0,0.0,0.0,10.246829032014459,11.031917331089845,23.11238845294874,7.637482345755888e-14,3.979039320256561e-13,5.240704272917405e-13,4.053900072774143e-14,5.115907697472721e-13,ok
sample_000356,"(224, 2)","(224, 2)",0.0,0.0,0.0,0.0,0.0,14.357833780968472,15.3778281951644,27.081041338914368,8.120488408686859e-15,0.0,2.2737367544323206e-13,4.0602442043434294e-15,2.2737367544323206e-13,ok
sample_000357,"(224, 2)","(224, 2)",0.0,0.0,0.0,0.0,0.0,8.079277603803032,4.04372353159812,24.274194116386287,4.77078694010353e-14,2.2737367544323206e-13,2.2737367544323206e-13,2.385393470051765e-14,2.2737367544323206e-13,ok
sample_000358,"(224, 2)","(224, 2)",0.0,0.0,0.0,0.0,0.0,8.693993930464506,22.55242780722286,24.29247002673855,6.090366306515144e-15,0.0,2.2737367544323206e-13,3.045183153257572e-15,2.2737367544323206e-13,ok
sample_000359,"(224, 2)","(224, 2)",0.0,0.0,0.0,0.0,0.0,7.697311057090272,21.75353764333518,23.853154927598133,0.0,0.0,0.0,0.0,0.0,ok
sample_000360,"(224, 2)","(224, 2)",0.0,0.0,0.0,0.0,0.0,9.879042817490314,0.0,23.853222004584662,2.1316282072803006e-14,0.0,2.2737367544323206e-13,1.0658141036401503e-14,2.2737367544323206e-13,ok
sample_000361,"(224, 2)","(224, 2)",0.0,0.0,0.0,0.0,0.0,12.778367322606252,11.825193444506546,26.98800474284822,9.440067775098474e-14,1.2505552149377763e-12,1.2505552149377763e-12,4.720033887549237e-14,1.2505552149377763e-12,ok
sample_000362,"(224, 2)","(224, 2)",0.0,0.0,0.0,0.0,0.0,7.810000099513428,0.050990195135881475,29.09083188910212,1.202847345536741e-13,2.2737367544323206e-13,1.1368683772161603e-12,6.014236727683705e-14,1.1368683772161603e-12,ok
sample_000363,"(224, 2)","(224, 2)",0.0,0.0,0.0,0.0,0.0,10.147252055014238,24.70402801164224,28.59132910516758,5.582835780972216e-15,1.1368683772161603e-13,2.2737367544323206e-13,2.791417890486108e-15,2.2737367544323206e-13,ok
sample_000364,"(224, 2)","(224, 2)",0.0,0.0,0.0,0.0,0.0,9.492411401754842,0.0,26.331982454802144,1.309428755900756e-13,3.410605131648481e-13,5.684341886080801e-13,6.54714377950378e-14,5.684341886080801e-13,ok
sample_000365,"(224, 2)","(224, 2)",0.0,0.0,0.0,0.0,0.0,10.479425440110543,10.389749756370456,21.40804054555201,1.771281534144821e-13,5.115907697472721e-13,7.958078640513122e-13,8.856407670724105e-14,7.958078640513122e-13,ok
sample_000366,"(224, 2)","(224, 2)",0.0,0.0,0.0,0.0,0.0,10.415705362682411,0.009999999999990905,28.30180912945327,3.045183153257572e-15,0.0,5.684341886080802e-14,1.522591576628786e-15,5.684341886080802e-14,ok
sample_000367,"(224, 2)","(224, 2)",0.0,0.0,0.0,0.0,0.0,8.1239407539385,7.19324683296773,27.968691424519694,1.532700205170459e-14,1.2710574864626038e-13,3.410605131648481e-13,7.866723145915395e-15,3.410605131648481e-13,ok
sample_000368,"(224, 2)","(224, 2)",0.0,0.0,0.0,0.0,0.0,12.240570526692405,9.099060391051367,26.91500696637459,3.146689258366158e-14,3.410605131648481e-13,5.684341886080801e-13,1.573344629183079e-14,5.684341886080801e-13,ok
sample_000369,"(224, 2)","(224, 2)",0.0,0.0,0.0,0.0,0.0,10.26648748837288,11.176658713587036,27.861389053670663,6.179184148485157e-14,2.2737367544323206e-13,2.2737367544323206e-13,3.0895920742425784e-14,2.2737367544323206e-13,ok
sample_000370,"(224, 2)","(224, 2)",0.0,0.0,0.0,0.0,0.0,12.200005924435057,26.531204269689677,26.60551070737031,0.0,0.0,0.0,0.0,0.0,ok
sample_000371,"(224, 2)","(224, 2)",0.0,0.0,0.0,0.0,0.0,13.286569888939862,13.41252027025494,26.91510356658507,3.9574692729209864e-13,1.0942358130705543e-12,1.4210854715202004e-12,1.9787346364604932e-13,1.4210854715202004e-12,ok
sample_000372,"(224, 2)","(224, 2)",0.0,0.0,0.0,0.0,0.0,7.486974895978639,0.0,26.101197290545883,2.5884056802689363e-14,2.2737367544323206e-13,2.2737367544323206e-13,1.2942028401344682e-14,2.2737367544323206e-13,ok
sample_000373,"(224, 2)","(224, 2)",0.0,0.0,0.0,0.0,0.0,13.316421280427623,28.327301318692424,28.632715554064916,1.0150610510858574e-14,0.0,2.2737367544323206e-13,5.075305255429287e-15,2.2737367544323206e-13,ok
sample_000374,"(224, 2)","(224, 2)",0.0,0.0,0.0,0.0,0.0,12.701772511955763,12.44945781951973,27.42099195871667,1.2180732613030288e-14,0.0,2.2737367544323206e-13,6.090366306515144e-15,2.2737367544323206e-13,ok
sample_000375,"(224, 2)","(224, 2)",0.0,0.0,0.0,0.0,0.0,9.368107476006514,7.907825238332137,26.10924165884555,1.9286159970631292e-14,2.2737367544323206e-13,2.2737367544323206e-13,9.643079985315646e-15,2.2737367544323206e-13,ok
sample_000376,"(224, 2)","(224, 2)",0.0,0.0,0.0,0.0,0.0,10.525163093186602,0.0,26.611179981353768,1.6748507342916648e-14,1.1368683772161603e-13,1.1368683772161603e-13,8.374253671458324e-15,1.1368683772161603e-13,ok
sample_000377,"(224, 2)","(224, 2)",0.0,0.0,0.0,0.0,0.0,8.32592205674348,8.11449320660263,26.34371651836559,3.203258494403477e-14,1.1718571004216928e-13,2.5579538487363607e-13,1.687538997430238e-14,2.5579538487363607e-13,ok
sample_000378,"(224, 2)","(224, 2)",0.0,0.0,0.0,0.0,0.0,10.649832274710556,6.453874805107559,28.44878380528773,1.1089541983112993e-13,2.2737367544323206e-13,5.684341886080801e-13,5.544770991556496e-14,5.684341886080801e-13,ok
sample_000379,"(224, 2)","(224, 2)",0.0,0.0,0.0,0.0,0.0,6.132941573983094,0.0,25.70965771845275,0.0,0.0,0.0,0.0,0.0,ok
sample_000380,"(224, 2)","(224, 2)",0.0,0.0,0.0,0.0,0.0,9.143053195098547,4.272715764007717,32.82259130537999,8.67877198678408e-14,1.1368683772161603e-13,4.547473508864641e-13,4.33938599339204e-14,4.547473508864641e-13,ok
sample_000381,"(224, 2)","(224, 2)",0.0,0.0,0.0,0.0,0.0,12.111296129639365,7.203061848963885,26.805419228208372,2.1024452020615822e-13,6.252776074688882e-13,1.3642420526593924e-12,1.0512226010307911e-13,1.3642420526593924e-12,ok
sample_000382,"(224, 2)","(224, 2)",0.0,0.0,0.0,0.0,0.0,9.18996690177121,9.84427244645335,25.579554335445504,4.743248076675311e-14,2.5421149729252077e-13,3.410605131648481e-13,2.4868995751603507e-14,3.410605131648481e-13,ok
sample_000383,"(224, 2)","(224, 2)",0.0,0.0,0.0,0.0,0.0,8.801748059074571,13.357248968256922,26.334046403847562,4.563574125234025e-14,2.5421149729252077e-13,2.8421709430404007e-13,2.5249643645760702e-14,2.8421709430404007e-13,ok
sample_000384,"(224, 2)","(224, 2)",0.0,0.0,0.0,0.0,0.0,9.750011248247063,13.076119454945278,25.122151579830895,6.699402937166659e-14,3.410605131648481e-13,5.684341886080801e-13,3.3497014685833295e-14,5.684341886080801e-13,ok
sample_000385,"(224, 2)","(224, 2)",0.0,0.0,0.0,0.0,0.0,10.413250517124892,2.6254523419784315,25.436921983604822,1.7636685762616773e-14,1.7053025658242404e-13,2.8421709430404007e-13,8.818342881308386e-15,2.8421709430404007e-13,ok
sample_000386,"(224, 2)","(224, 2)",0.0,0.0,0.0,0.0,0.0,11.041327044987858,4.997039123321022,24.842489810805926,4.161750309452015e-14,0.0,2.2737367544323206e-13,2.0808751547260076e-14,2.2737367544323206e-13,ok
sample_000387,"(224, 2)","(224, 2)",0.0,0.0,0.0,0.0,0.0,9.011163561808626,0.0,29.732473829131838,2.8929239955946934e-14,0.0,2.2737367544323206e-13,1.4464619977973467e-14,2.2737367544323206e-13,ok
sample_000388,"(224, 2)","(224, 2)",0.0,0.0,0.0,0.0,0.0,9.631395591836815,20.3199926181089,24.486422768546596,1.349713991365726e-14,0.0,5.684341886080802e-14,6.74856995682863e-15,5.684341886080802e-14,ok
sample_000389,"(224, 2)","(224, 2)",0.0,0.0,0.0,0.0,0.0,9.331752916969162,7.660456905433246,26.02001152959018,7.308439567818174e-14,5.684341886080801e-13,5.684341886080801e-13,3.654219783909087e-14,5.684341886080801e-13,ok
sample_000390,"(224, 2)","(224, 2)",0.0,0.0,0.0,0.0,0.0,9.377577699105798,9.765920335534185,28.63003318195761,6.090366306515144e-15,0.0,1.1368683772161603e-13,3.045183153257572e-15,1.1368683772161603e-13,ok
sample_000391,"(224, 2)","(224, 2)",0.0,0.0,0.0,0.0,0.0,9.073242820925593,18.05446205235684,28.947790934715684,3.4638958368304884e-14,0.0,1.1368683772161603e-13,1.7319479184152442e-14,1.1368683772161603e-13,ok
sample_000392,"(224, 2)","(224, 2)",0.0,0.0,0.0,0.0,0.0,8.96130861189675,19.115838982372757,24.11892617841847,0.0,0.0,0.0,0.0,0.0,ok
sample_000393,"(224, 2)","(224, 2)",0.0,0.0,0.0,0.0,0.0,8.889176380843761,12.723714080409088,25.117374464700692,0.0,0.0,0.0,0.0,0.0,ok
sample_000394,"(224, 2)","(224, 2)",0.0,0.0,0.0,0.0,0.0,13.138191703513806,0.009999999999990905,24.880363743321755,8.221994513795445e-14,1.1368683772161603e-13,5.684341886080801e-13,4.1109972568977224e-14,5.684341886080801e-13,ok
sample_000395,"(224, 2)","(224, 2)",0.0,0.0,0.0,0.0,0.0,10.01847908752049,21.757283837832436,22.68476360908351,4.06024420434343e-14,3.410605131648481e-13,4.547473508864641e-13,2.030122102171715e-14,4.547473508864641e-13,ok
sample_000396,"(224, 2)","(224, 2)",0.0,0.0,0.0,0.0,0.0,11.390445990743038,26.652767210929454,27.827542112087464,0.0,0.0,0.0,0.0,0.0,ok
sample_000397,"(224, 2)","(224, 2)",0.0,0.0,0.0,0.0,0.0,8.776764699647845,0.0,23.06946900125785,1.199040866595169e-14,4.263256414560601e-14,5.684341886080802e-14,5.995204332975845e-15,5.684341886080802e-14,ok
sample_000398,"(224, 2)","(224, 2)",0.0,0.0,0.0,0.0,0.0,10.03230918332149,7.858784893353383,25.916838155917088,1.3703324189659075e-14,0.0,1.1368683772161603e-13,6.851662094829538e-15,1.1368683772161603e-13,ok
sample_000399,"(224, 2)","(224, 2)",0.0,0.0,0.0,0.0,0.0,11.811132344888076,0.0,26.667037705751994,6.230939916172378e-14,2.8421709430404007e-13,3.410605131648481e-13,3.793790678433392e-14,3.410605131648481e-13,ok
sample_000400,"(224, 2)","(224, 2)",0.0,0.0,0.0,0.0,0.0,7.057239957022067,3.706561749114489,22.41090136518386,0.0,0.0,0.0,0.0,0.0,ok
sample_000401,"(224, 2)","(224, 2)",0.0,0.0,0.0,0.0,0.0,10.350601158957645,11.718041645258236,27.821276031124142,1.8271098919545435e-14,0.0,2.2737367544323206e-13,9.135549459772717e-15,2.2737367544323206e-13,ok
sample_000402,"(224, 2)","(224, 2)",0.0,0.0,0.0,0.0,0.0,9.820608135760825,3.8714596730431876,27.000833320473784,1.2180732613030288e-14,0.0,2.2737367544323206e-13,6.090366306515144e-15,2.2737367544323206e-13,ok
sample_000403,"(224, 2)","(224, 2)",0.0,0.0,0.0,0.0,0.0,10.026669555636172,19.003118165185406,26.811583317663302,0.0,0.0,0.0,0.0,0.0,ok
sample_000404,"(224, 2)","(224, 2)",0.0,0.0,0.0,0.0,0.0,8.970339856990153,19.135793686178797,30.53284461035361,8.374253671458324e-15,2.8421709430404007e-13,3.410605131648481e-13,4.187126835729162e-15,3.410605131648481e-13,ok
sample_000405,"(224, 2)","(224, 2)",0.0,0.0,0.0,0.0,0.0,12.27330709974573,0.0,25.61225683144687,1.7129155237073843e-14,2.2737367544323206e-13,2.2737367544323206e-13,8.564577618536921e-15,2.2737367544323206e-13,ok
sample_000406,"(224, 2)","(224, 2)",0.0,0.0,0.0,0.0,0.0,9.34845583135007,10.467330127592168,27.583563946669408,1.238374482324746e-13,2.2737367544323206e-13,2.2737367544323206e-13,6.19187241162373e-14,2.2737367544323206e-13,ok
sample_000407,"(224, 2)","(224, 2)",0.0,0.0,0.0,0.0,0.0,8.893525346086687,11.477883080080694,25.051221527103188,6.232712758601012e-14,3.268496584496461e-13,3.765876499528531e-13,3.116356379300506e-14,3.765876499528531e-13,ok
sample_000408,"(224, 2)","(224, 2)",0.0,0.0,0.0,0.0,0.0,10.072966815966911,25.74601522566144,25.974268035885213,2.842170943040401e-14,0.0,2.2737367544323206e-13,1.4210854715202004e-14,2.2737367544323206e-13,ok
sample_000409,"(224, 2)","(224, 2)",0.0,0.0,0.0,0.0,0.0,11.351284697985255,11.39309001105494,28.1468950330229,8.374253671458324e-15,0.0,5.684341886080802e-14,4.187126835729162e-15,5.684341886080802e-14,ok
sample_000410,"(224, 2)","(224, 2)",0.0,0.0,0.0,0.0,0.0,7.48951853085717,7.367367236672726,26.46989421966022,2.5376526277146434e-16,0.0,2.842170943040401e-14,1.2688263138573217e-16,2.842170943040401e-14,ok
sample_000411,"(224, 2)","(224, 2)",0.0,0.0,0.0,0.0,0.0,11.747373359578175,0.0,22.878920429076253,2.2585108386660326e-14,1.1368683772161603e-13,3.410605131648481e-13,1.1292554193330163e-14,3.410605131648481e-13,ok
sample_000412,"(224, 2)","(224, 2)",0.0,0.0,0.0,0.0,0.0,7.036190648815406,7.873658615916749,26.291188638020934,1.9666807864788487e-14,1.4210854715202004e-13,2.8421709430404007e-13,9.833403932394243e-15,2.8421709430404007e-13,ok
sample_000413,"(224, 2)","(224, 2)",0.0,0.0,0.0,0.0,0.0,9.626901816312373,22.35178963752107,23.0864549032545,1.0658141036401503e-14,0.0,1.1368683772161603e-13,5.329070518200751e-15,1.1368683772161603e-13,ok
sample_000414,"(224, 2)","(224, 2)",0.0,0.0,0.0,0.0,0.0,9.309157934339398,5.295101509886348,25.13329465072171,0.0,0.0,0.0,0.0,0.0,ok
sample_000415,"(224, 2)","(224, 2)",0.0,0.0,0.0,0.0,0.0,13.201950769627718,8.728716973301374,26.090812559213298,1.1692242287136924e-13,6.561661155396448e-13,6.915300366811402e-13,6.439293542825908e-14,6.821210263296962e-13,ok
sample_000416,"(224, 2)","(224, 2)",0.0,0.0,0.0,0.0,0.0,8.071270571065718,19.5711318017125,21.74182375055055,7.25768651526388e-14,4.263256414560601e-13,7.389644451905042e-13,3.62884325763194e-14,7.389644451905042e-13,ok
sample_000417,"(224, 2)","(224, 2)",0.0,0.0,0.0,0.0,0.0,8.073325856399961,0.0,26.41202945629146,1.0226740089690013e-13,2.2737367544323206e-13,2.2737367544323206e-13,5.1133700448450065e-14,2.2737367544323206e-13,ok
sample_000418,"(224, 2)","(224, 2)",0.0,0.0,0.0,0.0,0.0,7.96242171397405,12.261525190611572,27.477709147598116,4.605839519302078e-14,5.684341886080802e-14,1.1368683772161603e-13,2.302919759651039e-14,1.1368683772161603e-13,ok
sample_000419,"(224, 2)","(224, 2)",0.0,0.0,0.0,0.0,0.0,9.424889978733768,25.43148638990639,25.44276911029928,0.0,0.0,0.0,0.0,0.0,ok
sample_000420,"(224, 2)","(224, 2)",0.0,0.0,0.0,0.0,0.0,11.675283358925272,4.903060268852683,28.508589933562106,6.090366306515144e-15,0.0,1.1368683772161603e-13,3.045183153257572e-15,1.1368683772161603e-13,ok
sample_000421,"(224, 2)","(224, 2)",0.0,0.0,0.0,0.0,0.0,9.570485838307635,15.488918619451786,26.75758770890979,1.560656366044506e-14,2.8421709430404007e-13,2.8421709430404007e-13,7.80328183022253e-15,2.8421709430404007e-13,ok
sample_000422,"(224, 2)","(224, 2)",0.0,0.0,0.0,0.0,0.0,7.531376446971189,0.0,22.969851980367746,7.105427357601002e-15,0.0,2.2737367544323206e-13,3.552713678800501e-15,2.2737367544323206e-13,ok
sample_000423,"(224, 2)","(224, 2)",0.0,0.0,0.0,0.0,0.0,8.390679534692525,0.0,31.10956444568137,2.4361465226060577e-13,6.821210263296962e-13,1.0231815394945443e-12,1.2180732613030289e-13,1.0231815394945443e-12,ok
sample_000424,"(224, 2)","(224, 2)",0.0,0.0,0.0,0.0,0.0,9.13532675508631,1.2609916732476778,25.650701744786637,1.189524669241239e-15,0.0,2.842170943040401e-14,5.947623346206195e-16,2.842170943040401e-14,ok
sample_000425,"(224, 2)","(224, 2)",0.0,0.0,0.0,0.0,0.0,10.666005138471181,7.363912003819723,34.43789337343394,1.9626617673455106e-14,1.4210854715202004e-13,2.428351918216984e-13,1.0404375773630038e-14,2.2737367544323206e-13,ok
sample_000426,"(224, 2)","(224, 2)",0.0,0.0,0.0,0.0,0.0,11.015044099327394,24.997479872979202,29.210754868712232,4.491645151054919e-14,2.2737367544323206e-13,2.2737367544323206e-13,2.2458225755274594e-14,2.2737367544323206e-13,ok
sample_000427,"(224, 2)","(224, 2)",0.0,0.0,0.0,0.0,0.0,10.389085288216991,0.0,25.537339328912026,3.3497014685833295e-14,2.2737367544323206e-13,2.2737367544323206e-13,1.6748507342916648e-14,2.2737367544323206e-13,ok
sample_000428,"(224, 2)","(224, 2)",0.0,0.0,0.0,0.0,0.0,11.701533261027452,8.029570349651387,27.336643905205513,1.1267177667053018e-13,0.0,6.821210263296962e-13,5.633588833526509e-14,6.821210263296962e-13,ok
sample_000429,"(224, 2)","(224, 2)",0.0,0.0,0.0,0.0,0.0,8.995542856055728,7.342329330668776,26.289018619948546,1.865174681370263e-14,2.2737367544323206e-13,2.8421709430404007e-13,9.325873406851315e-15,2.8421709430404007e-13,ok
sample_000430,"(224, 2)","(224, 2)",0.0,0.0,0.0,0.0,0.0,9.570021265525538,4.3557433349544,30.505692911323916,7.105427357601002e-15,0.0,5.684341886080802e-14,3.552713678800501e-15,5.684341886080802e-14,ok
sample_000431,"(224, 2)","(224, 2)",0.0,0.0,0.0,0.0,0.0,8.740848163123644,2.441741182025744,29.26781167084406,0.0,0.0,0.0,0.0,0.0,ok
sample_000432,"(224, 2)","(224, 2)",0.0,0.0,0.0,0.0,0.0,10.659515675594847,6.175597137119597,27.032720913737098,2.5884056802689363e-14,5.684341886080802e-14,1.1368683772161603e-13,1.2942028401344682e-14,1.1368683772161603e-13,ok
sample_000433,"(224, 2)","(224, 2)",0.0,0.0,0.0,0.0,0.0,9.986577212883793,7.774760446470361,29.985052943091524,1.7040337395103832e-13,5.115907697472721e-13,9.947598300641403e-13,8.520168697551916e-14,9.947598300641403e-13,ok
sample_000434,"(224, 2)","(224, 2)",0.0,0.0,0.0,0.0,0.0,10.81549110149326,0.2927456233660479,24.76861118431939,1.8778629445088362e-14,0.0,2.2737367544323206e-13,9.389314722544181e-15,2.2737367544323206e-13,ok
sample_000435,"(224, 2)","(224, 2)",0.0,0.0,0.0,0.0,0.0,7.440592252263144,13.020986905761069,23.002480301045747,0.0,0.0,0.0,0.0,0.0,ok
sample_000436,"(224, 2)","(224, 2)",0.0,0.0,0.0,0.0,0.0,11.520569640544466,6.145063059074333,28.944723180572854,3.92103700306623e-13,1.3642420526593924e-12,1.7053025658242404e-12,1.9907884864421378e-13,1.7053025658242404e-12,ok
sample_000437,"(224, 2)","(224, 2)",0.0,0.0,0.0,0.0,0.0,10.29929791907452,0.0,27.920080587276264,9.74458609042423e-14,4.547473508864641e-13,4.547473508864641e-13,4.872293045212115e-14,4.547473508864641e-13,ok
sample_000438,"(224, 2)","(224, 2)",0.0,0.0,0.0,0.0,0.0,6.756706798990783,5.7559013195155435,31.377611445105263,0.0,0.0,0.0,0.0,0.0,ok
sample_000439,"(224, 2)","(224, 2)",0.0,0.0,0.0,0.0,0.0,8.740922233676288,5.993413051008489,27.734761581812872,1.964143133851134e-13,7.958078640513122e-13,9.094947017729282e-13,9.82071566925567e-14,9.094947017729282e-13,ok
sample_000440,"(224, 2)","(224, 2)",0.0,0.0,0.0,0.0,0.0,10.122898455489665,5.657958995963136,26.45020415800233,8.06290991037552e-14,8.138738998739173e-13,9.713407672867936e-13,4.7580986769649564e-14,9.094947017729282e-13,ok
sample_000441,"(224, 2)","(224, 2)",0.0,0.0,0.0,0.0,0.0,11.32284715284169,6.690530621707129,25.588976142081385,3.6732521786169464e-13,1.4210854715202004e-13,1.4779288903810084e-12,1.8366260893084732e-13,1.4779288903810084e-12,ok
sample_000442,"(224, 2)","(224, 2)",0.0,0.0,0.0,0.0,0.0,11.078558129988105,0.0,31.193603510976406,2.334640417497472e-14,0.0,2.2737367544323206e-13,1.167320208748736e-14,2.2737367544323206e-13,ok
sample_000443,"(224, 2)","(224, 2)",0.0,0.0,0.0,0.0,0.0,11.628524557312321,11.75878395073226,19.95092228444606,1.3195793664116147e-14,3.410605131648481e-13,4.547473508864641e-13,6.597896832058073e-15,4.547473508864641e-13,ok
sample_000444,"(224, 2)","(224, 2)",0.0,0.0,0.0,0.0,0.0,7.734597228107376,0.0,26.910810095573176,4.567774729886359e-15,0.0,5.684341886080802e-14,2.2838873649431793e-15,5.684341886080802e-14,ok
sample_000445,"(224, 2)","(224, 2)",0.0,0.0,0.0,0.0,0.0,10.24597235265484,0.3569313659513933,24.047823186309333,7.143492147016722e-14,2.2737367544323206e-13,2.2737367544323206e-13,3.571746073508361e-14,2.2737367544323206e-13,ok
sample_000446,"(224, 2)","(224, 2)",0.0,0.0,0.0,0.0,0.0,15.883354114515608,12.910092950865986,27.46442426121477,3.2589763557478024e-13,1.343226495745424e-12,1.5127887037709027e-12,2.0919773849722592e-13,1.4210854715202004e-12,ok
sample_000447,"(224, 2)","(224, 2)",0.0,0.0,0.0,0.0,0.0,7.3505659410421575,7.849509538818276,26.50772906153981,1.6748507342916648e-14,2.2737367544323206e-13,3.410605131648481e-13,8.374253671458324e-15,3.410605131648481e-13,ok
sample_000448,"(224, 2)","(224, 2)",0.0,0.0,0.0,0.0,0.0,10.7669121361642,18.794062892307203,29.672387837853687,2.2788120596877497e-13,2.2737367544323206e-13,7.958078640513122e-13,1.1394060298438749e-13,7.958078640513122e-13,ok
sample_000449,"(224, 2)","(224, 2)",0.0,0.0,0.0,0.0,0.0,8.068072114314331,22.47737751607151,29.38765897447428,5.582835780972216e-15,0.0,1.1368683772161603e-13,2.791417890486108e-15,1.1368683772161603e-13,ok
sample_000450,"(224, 2)","(224, 2)",0.0,0.0,0.0,0.0,0.0,7.0954825148283165,24.90097186858373,27.173893721732238,4.821539992657823e-15,5.684341886080802e-14,1.7053025658242404e-13,2.4107699963289115e-15,1.7053025658242404e-13,ok
sample_000451,"(224, 2)","(224, 2)",0.0,0.0,0.0,0.0,0.0,10.149890964847648,5.987595510720583,24.587269063480644,2.0511447048715374e-14,2.2737367544323206e-13,3.410605131648481e-13,1.0404375773630038e-14,3.410605131648481e-13,ok
sample_000452,"(224, 2)","(224, 2)",0.0,0.0,0.0,0.0,0.0,5.3850423397892495,0.0,22.417038162968645,0.0,0.0,0.0,0.0,0.0,ok
sample_000453,"(224, 2)","(224, 2)",0.0,0.0,0.0,0.0,0.0,7.018370393327143,13.604852075638235,28.002160630922614,4.669280834994944e-14,0.0,2.2737367544323206e-13,2.334640417497472e-14,2.2737367544323206e-13,ok
sample_000454,"(224, 2)","(224, 2)",0.0,0.0,0.0,0.0,0.0,10.243731271809281,30.191521988796634,30.191521988796634,6.934135805230263e-14,5.400124791776761e-13,5.968558980384842e-13,3.4670679026151316e-14,5.968558980384842e-13,ok
sample_000455,"(224, 2)","(224, 2)",0.0,0.0,0.0,0.0,0.0,6.328398588239535,0.0,28.781391557741017,2.0301221021717147e-15,0.0,1.1368683772161603e-13,1.0150610510858574e-15,1.1368683772161603e-13,ok
sample_000456,"(224, 2)","(224, 2)",0.0,0.0,0.0,0.0,0.0,9.562227468117625,10.604159561228709,28.54644811530834,5.303693991923605e-14,0.0,3.410605131648481e-13,2.6518469959618025e-14,3.410605131648481e-13,ok
sample_000457,"(224, 2)","(224, 2)",0.0,0.0,0.0,0.0,0.0,8.052820217161337,17.165756610181663,25.854612741249845,8.374253671458324e-14,2.2737367544323206e-13,2.2737367544323206e-13,4.187126835729162e-14,2.2737367544323206e-13,ok
sample_000458,"(224, 2)","(224, 2)",0.0,0.0,0.0,0.0,0.0,6.848413590837187,15.797534617781318,23.323263065017283,0.0,0.0,0.0,0.0,0.0,ok
sample_000459,"(224, 2)","(224, 2)",0.0,0.0,0.0,0.0,0.0,11.897649329366569,10.294857939767736,27.129393653378948,5.948257759363124e-13,1.0231815394945443e-12,2.2168933355715126e-12,2.974128879681562e-13,2.2168933355715126e-12,ok
sample_000460,"(224, 2)","(224, 2)",0.0,0.0,0.0,0.0,0.0,7.96859860872184,5.424776493091711,26.37326108011672,4.821539992657823e-15,0.0,5.684341886080802e-14,2.4107699963289115e-15,5.684341886080802e-14,ok
sample_000461,"(224, 2)","(224, 2)",0.0,0.0,0.0,0.0,0.0,10.995847821898549,13.227524333752049,26.885581637747663,3.200614376705094e-14,0.0,1.1368683772161603e-13,1.600307188352547e-14,1.1368683772161603e-13,ok
sample_000462,"(224, 2)","(224, 2)",0.0,0.0,0.0,0.0,0.0,7.783619576203402,14.410614143748331,27.27932000618793,2.5376526277146436e-15,0.0,5.684341886080802e-14,1.2688263138573218e-15,5.684341886080802e-14,ok
sample_000463,"(224, 2)","(224, 2)",0.0,0.0,0.0,0.0,0.0,13.931323620122734,2.4828411145299283,28.61139807838822,8.67877198678408e-14,1.1368683772161603e-13,9.094947017729282e-13,4.33938599339204e-14,9.094947017729282e-13,ok
sample_000464,"(224, 2)","(224, 2)",0.0,0.0,0.0,0.0,0.0,10.558303138018971,21.225593042362856,23.753662875438817,1.8271098919545435e-14,0.0,2.2737367544323206e-13,9.135549459772717e-15,2.2737367544323206e-13,ok
sample_000465,"(224, 2)","(224, 2)",0.0,0.0,0.0,0.0,0.0,9.939542571382853,6.594126174103652,23.325441046205146,4.5677747298863585e-14,0.0,4.547473508864641e-13,2.2838873649431793e-14,4.547473508864641e-13,ok
sample_000466,"(224, 2)","(224, 2)",0.0,0.0,0.0,0.0,0.0,7.360390515546702,12.96541939159709,25.354149561758085,0.0,0.0,0.0,0.0,0.0,ok
sample_000467,"(224, 2)","(224, 2)",0.0,0.0,0.0,0.0,0.0,8.285323599405654,12.45890845941171,26.168079791990785,9.516197353929913e-16,5.684341886080802e-14,5.684341886080802e-14,4.758098676964956e-16,5.684341886080802e-14,ok
sample_000468,"(224, 2)","(224, 2)",0.0,0.0,0.0,0.0,0.0,9.275961955309091,0.0,32.1103129850832,1.4750105898591366e-14,0.0,1.1368683772161603e-13,7.375052949295683e-15,1.1368683772161603e-13,ok
sample_000469,"(224, 2)","(224, 2)",0.0,0.0,0.0,0.0,0.0,8.468240570644019,0.01999999999998181,22.122380070869422,7.003921252492416e-14,2.2737367544323206e-13,4.547473508864641e-13,3.501960626246208e-14,4.547473508864641e-13,ok
sample_000470,"(224, 2)","(224, 2)",0.0,0.0,0.0,0.0,0.0,10.754697518128994,0.0,25.368659799051205,4.0602442043434294e-15,0.0,1.1368683772161603e-13,2.0301221021717147e-15,1.1368683772161603e-13,ok
sample_000471,"(224, 2)","(224, 2)",0.0,0.0,0.0,0.0,0.0,12.874324732641137,9.87035966923196,20.84405190935765,3.7491270068979866e-13,9.094947017729282e-13,9.730026004390135e-13,2.1506606019881603e-13,9.663381206337363e-13,ok
sample_000472,"(224, 2)","(224, 2)",0.0,0.0,0.0,0.0,0.0,4.086385989897809,2.2299103120978065,25.12680839263114,0.0,0.0,0.0,0.0,0.0,ok
sample_000473,"(224, 2)","(224, 2)",0.0,0.0,0.0,0.0,0.0,11.464080349290695,25.19190743076039,30.388223047753186,8.298124092626884e-14,5.684341886080802e-14,4.547473508864641e-13,4.149062046313442e-14,4.547473508864641e-13,ok
sample_000474,"(224, 2)","(224, 2)",0.0,0.0,0.0,0.0,0.0,7.5905520086521765,0.0,25.86093965810206,0.0,0.0,0.0,0.0,0.0,ok
sample_000475,"(224, 2)","(224, 2)",0.0,0.0,0.0,0.0,0.0,6.195848219201183,15.355943474759158,23.960822189566045,0.0,0.0,0.0,0.0,0.0,ok
sample_000476,"(224, 2)","(224, 2)",0.0,0.0,0.0,0.0,0.0,7.5047227848929845,0.03162277660165503,25.53649349460498,2.4361465226060576e-14,2.2737367544323206e-13,2.2737367544323206e-13,1.2180732613030288e-14,2.2737367544323206e-13,ok
sample_000477,"(224, 2)","(224, 2)",0.0,0.0,0.0,0.0,0.0,9.935570789186398,8.389499389117367,28.787888078148438,0.0,0.0,0.0,0.0,0.0,ok
sample_000478,"(224, 2)","(224, 2)",0.0,0.0,0.0,0.0,0.0,11.057551648814739,0.041231056256139105,26.603174622589616,1.971756091734278e-13,7.389644451905042e-13,9.663381206337363e-13,9.85878045867139e-14,9.663381206337363e-13,ok
sample_000479,"(224, 2)","(224, 2)",0.0,0.0,0.0,0.0,0.0,9.101421533356383,0.0,24.241817176111056,6.344131569286608e-17,0.0,1.4210854715202004e-14,3.172065784643304e-17,1.4210854715202004e-14,ok
sample_000480,"(224, 2)","(224, 2)",0.0,0.0,0.0,0.0,0.0,8.182153343887908,0.0,27.761464298556092,1.2053849981644556e-14,0.0,5.684341886080802e-14,6.026924990822278e-15,5.684341886080802e-14,ok
sample_000481,"(224, 2)","(224, 2)",0.0,0.0,0.0,0.0,0.0,7.371270522866216,12.018227822769827,24.58315683552469,4.0602442043434294e-15,1.1368683772161603e-13,1.1368683772161603e-13,2.0301221021717147e-15,1.1368683772161603e-13,ok
sample_000482,"(224, 2)","(224, 2)",0.0,0.0,0.0,0.0,0.0,9.838235405757123,3.800434185721513,28.64988656172999,0.0,0.0,0.0,0.0,0.0,ok
sample_000483,"(224, 2)","(224, 2)",0.0,0.0,0.0,0.0,0.0,7.366365083073993,11.091100035614085,24.11626836805399,1.1292554193330163e-14,1.1368683772161603e-13,1.9895196601282805e-13,5.6462770966650815e-15,1.9895196601282805e-13,ok
sample_000484,"(224, 2)","(224, 2)",0.0,0.0,0.0,0.0,0.0,9.664721431885441,0.0,25.50204893729111,5.709718412357948e-15,0.0,5.684341886080802e-14,2.854859206178974e-15,5.684341886080802e-14,ok
sample_000485,"(224, 2)","(224, 2)",0.0,0.0,0.0,0.0,0.0,10.86777573083711,11.487175457874747,30.53725102231704,1.1512645704296213e-13,3.06111178766429e-13,6.915300366811402e-13,6.534455516365207e-14,6.821210263296962e-13,ok
sample_000486,"(224, 2)","(224, 2)",0.0,0.0,0.0,0.0,0.0,12.919246006440005,26.785865675762626,27.257221061582875,3.552713678800501e-15,0.0,1.1368683772161603e-13,1.7763568394002505e-15,1.1368683772161603e-13,ok
sample_000487,"(224, 2)","(224, 2)",0.0,0.0,0.0,0.0,0.0,8.340073221482982,11.691988710223743,24.13774015934378,0.0,0.0,0.0,0.0,0.0,ok
sample_000488,"(224, 2)","(224, 2)",0.0,0.0,0.0,0.0,0.0,6.5236163484657315,9.663813946884458,29.780263598564765,0.0,0.0,0.0,0.0,0.0,ok
sample_000489,"(224, 2)","(224, 2)",0.0,0.0,0.0,0.0,0.0,9.185808804708829,9.362585113097639,27.892801938851495,6.090366306515144e-15,0.0,2.2737367544323206e-13,3.045183153257572e-15,2.2737367544323206e-13,ok
sample_000490,"(224, 2)","(224, 2)",0.0,0.0,0.0,0.0,0.0,16.222537769138135,30.278885382391472,31.180514748798004,2.930762432450422e-13,8.755547356002673e-13,1.255712165537632e-12,1.5663660844568637e-13,1.2505552149377763e-12,ok
sample_000491,"(224, 2)","(224, 2)",0.0,0.0,0.0,0.0,0.0,9.510029005191413,13.606175068695787,27.007297162063427,1.8778629445088362e-14,1.1368683772161603e-13,1.1368683772161603e-13,9.389314722544181e-15,1.1368683772161603e-13,ok
sample_000492,"(224, 2)","(224, 2)",0.0,0.0,0.0,0.0,0.0,9.083665027464296,5.103106896783583,26.65967929289492,5.705586965097234e-14,2.2737367544323206e-13,2.8421709430404007e-13,2.930988785010413e-14,2.8421709430404007e-13,ok
sample_000493,"(224, 2)","(224, 2)",0.0,0.0,0.0,0.0,0.0,10.317731672156967,0.041231056256139105,24.68791809772534,1.2688263138573218e-14,2.2737367544323206e-13,2.2737367544323206e-13,6.344131569286609e-15,2.2737367544323206e-13,ok
sample_000494,"(224, 2)","(224, 2)",0.0,0.0,0.0,0.0,0.0,9.565430634385384,0.0,28.45442847783103,6.090366306515144e-15,0.0,1.1368683772161603e-13,3.045183153257572e-15,1.1368683772161603e-13,ok
sample_000495,"(224, 2)","(224, 2)",0.0,0.0,0.0,0.0,0.0,8.27171875221586,9.994123273204202,25.36580769461116,0.0,0.0,0.0,0.0,0.0,ok
sample_000496,"(224, 2)","(224, 2)",0.0,0.0,0.0,0.0,0.0,8.420306707105466,17.74819427434805,28.427284428872174,3.552713678800501e-15,0.0,1.1368683772161603e-13,1.7763568394002505e-15,1.1368683772161603e-13,ok
sample_000497,"(224, 2)","(224, 2)",0.0,0.0,0.0,0.0,0.0,8.648464796387463,6.205159143809262,28.121658912660116,5.075305255429287e-15,0.0,2.2737367544323206e-13,2.5376526277146436e-15,2.2737367544323206e-13,ok
sample_000498,"(224, 2)","(224, 2)",0.0,0.0,0.0,0.0,0.0,11.53685744276338,0.0,24.866654378906674,1.4572827229689281e-15,0.0,4.0194366942304644e-14,9.516197353929913e-16,2.842170943040401e-14,ok
sample_000499,"(224, 2)","(224, 2)",0.0,0.0,0.0,0.0,0.0,13.303540756605203,10.566484751325781,31.71594236342364,1.8982755152122226e-13,2.0694366581907813e-13,1.0231815394945443e-12,9.803269307440132e-14,1.0231815394945443e-12,ok
sample_000500,"(224, 2)","(224, 2)",0.0,0.0,0.0,0.0,0.0,10.213558061184953,15.047896863017085,30.06674242414701,2.5376526277146437e-14,2.2737367544323206e-13,2.2737367544323206e-13,1.2688263138573218e-14,2.2737367544323206e-13,ok
sample_000501,"(224, 2)","(224, 2)",0.0,0.0,0.0,0.0,0.0,8.99660864480926,0.0,27.298067697183324,3.400454521137622e-14,2.2737367544323206e-13,2.2737367544323206e-13,1.700227260568811e-14,2.2737367544323206e-13,ok
sample_000502,"(224, 2)","(224, 2)",0.0,0.0,0.0,0.0,0.0,9.47341003858354,8.095751972485326,26.591398985386174,3.588240815588506e-13,7.389644451905042e-13,1.1368683772161603e-12,1.794120407794253e-13,1.1368683772161603e-12,ok
sample_000503,"(224, 2)","(224, 2)",0.0,0.0,0.0,0.0,0.0,8.032719882467108,4.103291361821661,30.96674991018593,1.5479681029059324e-14,0.0,5.684341886080802e-14,7.739840514529662e-15,5.684341886080802e-14,ok
sample_000504,"(224, 2)","(224, 2)",0.0,0.0,0.0,0.0,0.0,8.083882257037919,7.98401528054664,25.10188239953344,0.0,0.0,0.0,0.0,0.0,ok
sample_000505,"(224, 2)","(224, 2)",0.0,0.0,0.0,0.0,0.0,10.82643291170534,2.4113274352521876,24.11377199859014,1.0302869668521453e-13,9.094947017729282e-13,1.0231815394945443e-12,5.1514348342607263e-14,1.0231815394945443e-12,ok
sample_000506,"(224, 2)","(224, 2)",0.0,0.0,0.0,0.0,0.0,10.05467582694465,12.02757664702255,25.327560087777965,6.445637674395194e-14,2.2737367544323206e-13,3.410605131648481e-13,3.222818837197597e-14,3.410605131648481e-13,ok
sample_000507,"(224, 2)","(224, 2)",0.0,0.0,0.0,0.0,0.0,13.613238799872663,17.589599199526972,33.28091645372758,1.0861153246618675e-13,3.410605131648481e-13,1.0231815394945443e-12,5.4305766233093374e-14,1.0231815394945443e-12,ok
sample_000508,"(224, 2)","(224, 2)",0.0,0.0,0.0,0.0,0.0,8.493270587000735,7.525111294858149,27.88301454290763,0.0,0.0,0.0,0.0,0.0,ok
sample_000509,"(224, 2)","(224, 2)",0.0,0.0,0.0,0.0,0.0,9.186771006352645,14.063178872502322,25.752081469271555,2.0301221021717147e-15,0.0,1.1368683772161603e-13,1.0150610510858574e-15,1.1368683772161603e-13,ok
sample_000510,"(224, 2)","(224, 2)",0.0,0.0,0.0,0.0,0.0,6.114862671504507,0.0,29.296074822405917,1.2282238718138874e-13,2.2737367544323206e-13,3.410605131648481e-13,6.141119359069437e-14,3.410605131648481e-13,ok
sample_000511,"(224, 2)","(224, 2)",0.0,0.0,0.0,0.0,0.0,9.641955335059567,15.141287924083523,28.118380109814318,8.120488408686859e-15,0.0,1.1368683772161603e-13,4.0602442043434294e-15,1.1368683772161603e-13,ok
sample_000512,"(224, 2)","(224, 2)",0.0,0.0,0.0,0.0,0.0,15.074249288657288,5.556878620232771,24.99052620494409,1.517955046410732e-13,5.339954392427426e-13,6.355287432313019e-13,8.095111882409712e-14,6.252776074688882e-13,ok
sample_000513,"(224, 2)","(224, 2)",0.0,0.0,0.0,0.0,0.0,8.732577037327891,0.0,27.152578146467054,5.392511833893617e-16,0.0,1.4210854715202004e-14,2.6962559169468085e-16,1.4210854715202004e-14,ok
sample_000514,"(224, 2)","(224, 2)",0.0,0.0,0.0,0.0,0.0,9.412403195555248,0.14035668847616775,24.990944359907576,7.562204830589637e-14,3.410605131648481e-13,3.410605131648481e-13,3.7811024152948187e-14,3.410605131648481e-13,ok
sample_000515,"(224, 2)","(224, 2)",0.0,0.0,0.0,0.0,0.0,9.14438958224729,0.0,24.361547569889822,4.314009467114894e-15,0.0,5.684341886080802e-14,2.157004733557447e-15,5.684341886080802e-14,ok
sample_000516,"(224, 2)","(224, 2)",0.0,0.0,0.0,0.0,0.0,10.937791908736562,20.196400669426183,26.940135485924948,8.577265881675495e-14,3.410605131648481e-13,6.821210263296962e-13,4.2886329408377475e-14,6.821210263296962e-13,ok
sample_000517,"(224, 2)","(224, 2)",0.0,0.0,0.0,0.0,0.0,9.006064648774657,7.777049569084597,24.868566504726306,1.0150610510858574e-14,2.2737367544323206e-13,2.2737367544323206e-13,5.075305255429287e-15,2.2737367544323206e-13,ok
sample_000518,"(224, 2)","(224, 2)",0.0,0.0,0.0,0.0,0.0,12.166592966526755,13.022081246866714,28.3833419455851,1.688968944032103e-14,0.0,8.038873388460929e-14,9.262432091158449e-15,5.684341886080802e-14,ok
sample_000519,"(224, 2)","(224, 2)",0.0,0.0,0.0,0.0,0.0,7.3712088581619115,18.22955018644182,31.325931749909753,4.783475203242103e-14,2.8421709430404007e-13,3.694822225952521e-13,2.3917376016210514e-14,3.694822225952521e-13,ok
sample_000520,"(224, 2)","(224, 2)",0.0,0.0,0.0,0.0,0.0,6.7411265478734235,9.553538611425612,30.217380760085756,9.89684524808711e-15,2.1316282072803006e-13,2.4158453015843406e-13,4.948422624043555e-15,2.4158453015843406e-13,ok
sample_000521,"(224, 2)","(224, 2)",0.0,0.0,0.0,0.0,0.0,10.597080745165295,16.97024749377559,27.515110394108902,1.0459886924861296e-13,2.2737367544323206e-13,2.2737367544323206e-13,5.229943462430648e-14,2.2737367544323206e-13,ok
sample_000522,"(224, 2)","(224, 2)",0.0,0.0,0.0,0.0,0.0,8.98917347788025,12.58320308983366,26.7955593335911,0.0,0.0,0.0,0.0,0.0,ok
sample_000523,"(224, 2)","(224, 2)",0.0,0.0,0.0,0.0,0.0,9.59904498631018,15.728114953801722,25.49706061490228,1.8271098919545435e-14,1.1368683772161603e-13,1.1368683772161603e-13,9.135549459772717e-15,1.1368683772161603e-13,ok
sample_000524,"(224, 2)","(224, 2)",0.0,0.0,0.0,0.0,0.0,15.425278745860728,6.687136906030607,29.118616038541365,1.2688263138573218e-14,0.0,1.1368683772161603e-13,6.344131569286609e-15,1.1368683772161603e-13,ok
sample_000525,"(224, 2)","(224, 2)",0.0,0.0,0.0,0.0,0.0,8.63909848543069,12.502115820932072,26.450189035241365,0.0,0.0,0.0,0.0,0.0,ok
sample_000526,"(224, 2)","(224, 2)",0.0,0.0,0.0,0.0,0.0,10.713895851272113,6.584178004884089,28.83693811762961,7.491605908324292e-14,9.713407672867936e-13,1.0247593068766006e-12,4.897669571489262e-14,9.663381206337363e-13,ok
sample_000527,"(224, 2)","(224, 2)",0.0,0.0,0.0,0.0,0.0,8.918999862033685,0.0,29.782049963022928,0.0,0.0,0.0,0.0,0.0,ok
sample_000528,"(224, 2)","(224, 2)",0.0,0.0,0.0,0.0,0.0,9.214425364386475,24.396280454200276,25.516671021118704,0.0,0.0,0.0,0.0,0.0,ok
sample_000529,"(224, 2)","(224, 2)",0.0,0.0,0.0,0.0,0.0,8.373357907706845,4.007193531637823,29.290442127083065,2.5376526277146436e-15,0.0,5.684341886080802e-14,1.2688263138573218e-15,5.684341886080802e-14,ok
sample_000530,"(224, 2)","(224, 2)",0.0,0.0,0.0,0.0,0.0,9.44859223057583,8.850152541058252,25.955972337787742,2.0301221021717147e-15,0.0,1.1368683772161603e-13,1.0150610510858574e-15,1.1368683772161603e-13,ok
sample_000531,"(224, 2)","(224, 2)",0.0,0.0,0.0,0.0,0.0,9.093954355927226,0.0,25.923126740422276,1.659624818525377e-13,5.684341886080801e-13,6.821210263296962e-13,8.298124092626884e-14,6.821210263296962e-13,ok
sample_000532,"(224, 2)","(224, 2)",0.0,0.0,0.0,0.0,0.0,7.620567245174543,2.357328996979327,27.366333331303245,2.905612258733267e-14,0.0,1.1368683772161603e-13,1.4528061293666335e-14,1.1368683772161603e-13,ok
sample_000533,"(224, 2)","(224, 2)",0.0,0.0,0.0,0.0,0.0,9.258688608030353,0.009999999999990905,23.714674781662108,0.0,0.0,0.0,0.0,0.0,ok
sample_000534,"(224, 2)","(224, 2)",0.0,0.0,0.0,0.0,0.0,9.614179440513485,10.61659078989104,25.995386129080668,2.334640417497472e-14,2.2737367544323206e-13,2.2737367544323206e-13,1.167320208748736e-14,2.2737367544323206e-13,ok
sample_000535,"(224, 2)","(224, 2)",0.0,0.0,0.0,0.0,0.0,8.814098995110346,0.0,30.693101830867427,0.0,0.0,0.0,0.0,0.0,ok
sample_000536,"(224, 2)","(224, 2)",0.0,0.0,0.0,0.0,0.0,8.789064413162833,0.0,20.756955460760533,0.0,0.0,0.0,0.0,0.0,ok
sample_000537,"(224, 2)","(224, 2)",0.0,0.0,0.0,0.0,0.0,7.277629745494719,12.140881351862324,24.73899755446861,0.0,0.0,0.0,0.0,0.0,ok
sample_000538,"(224, 2)","(224, 2)",0.0,0.0,0.0,0.0,0.0,10.609490096489873,9.738049085930966,30.67061297072488,5.440873624128303e-14,4.687428401686771e-13,4.687428401686771e-13,2.969053574426133e-14,4.547473508864641e-13,ok
sample_000539,"(224, 2)","(224, 2)",0.0,0.0,0.0,0.0,0.0,9.875204873105636,17.08564894875226,27.242578805979388,4.0602442043434294e-15,0.0,1.1368683772161603e-13,2.0301221021717147e-15,1.1368683772161603e-13,ok
sample_000540,"(224, 2)","(224, 2)",0.0,0.0,0.0,0.0,0.0,3.03992448144349,13.997892698545742,23.132008127268136,0.0,0.0,0.0,0.0,0.0,ok
sample_000541,"(224, 2)","(224, 2)",0.0,0.0,0.0,0.0,0.0,8.552166698400436,16.075786139408553,27.487191562616943,0.0,0.0,0.0,0.0,0.0,ok
sample_000542,"(224, 2)","(224, 2)",0.0,0.0,0.0,0.0,0.0,8.087042555643986,11.106543116559715,28.8932258496694,1.522591576628786e-15,0.0,1.1368683772161603e-13,7.61295788314393e-16,1.1368683772161603e-13,ok
sample_000543,"(224, 2)","(224, 2)",0.0,0.0,0.0,0.0,0.0,9.671694758117232,11.145815358241057,25.647709449383605,6.661338147750939e-14,6.821210263296962e-13,7.958078640513122e-13,3.3306690738754696e-14,7.958078640513122e-13,ok
sample_000544,"(224, 2)","(224, 2)",0.0,0.0,0.0,0.0,0.0,11.811505404861709,0.0,25.746465776878917,1.8429808078815593e-13,3.2155493553843715e-13,3.2155493553843715e-13,1.0074480932027135e-13,2.2737367544323206e-13,ok
sample_000545,"(224, 2)","(224, 2)",0.0,0.0,0.0,0.0,0.0,9.330744976999787,0.0,27.652486325826132,4.068174368805038e-15,0.0,5.684341886080802e-14,2.034087184402519e-15,5.684341886080802e-14,ok
sample_000546,"(224, 2)","(224, 2)",0.0,0.0,0.0,0.0,0.0,7.959704352364434,0.0,29.587622412083146,1.766206228889392e-13,5.684341886080801e-13,6.821210263296962e-13,8.83103114444696e-14,6.821210263296962e-13,ok
sample_000547,"(224, 2)","(224, 2)",0.0,0.0,0.0,0.0,0.0,8.152167127613449,23.618748908441287,25.902218051742107,1.0150610510858574e-14,0.0,2.2737367544323206e-13,5.075305255429287e-15,2.2737367544323206e-13,ok
sample_000548,"(224, 2)","(224, 2)",0.0,0.0,0.0,0.0,0.0,9.542457271578005,11.15376618008471,24.075780361184556,2.0301221021717147e-15,0.0,1.1368683772161603e-13,1.0150610510858574e-15,1.1368683772161603e-13,ok
sample_000549,"(224, 2)","(224, 2)",0.0,0.0,0.0,0.0,0.0,10.011862663630792,6.911671288480091,22.57978963586696,0.0,0.0,0.0,0.0,0.0,ok
sample_000550,"(224, 2)","(224, 2)",0.0,0.0,0.0,0.0,0.0,7.132193583958641,6.7464138621937915,24.115573806152767,0.0,0.0,0.0,0.0,0.0,ok
sample_000551,"(224, 2)","(224, 2)",0.0,0.0,0.0,0.0,0.0,9.86681511179486,10.48855566796497,31.228277249954,6.344131569286609e-16,0.0,2.842170943040401e-14,3.1720657846433045e-16,2.842170943040401e-14,ok
sample_000552,"(224, 2)","(224, 2)",0.0,0.0,0.0,0.0,0.0,12.074807457436094,2.5437963754986415,29.452639949586843,2.943677048148987e-14,0.0,1.1368683772161603e-13,1.4718385240744934e-14,1.1368683772161603e-13,ok
sample_000553,"(224, 2)","(224, 2)",0.0,0.0,0.0,0.0,0.0,6.5123718652643765,0.0,24.79545321223233,0.0,0.0,0.0,0.0,0.0,ok
sample_000554,"(224, 2)","(224, 2)",0.0,0.0,0.0,0.0,0.0,10.115950357460504,0.735459040327921,27.164804435151055,6.471014200672341e-14,0.0,2.2737367544323206e-13,3.2355071003361707e-14,2.2737367544323206e-13,ok
sample_000555,"(224, 2)","(224, 2)",0.0,0.0,0.0,0.0,0.0,10.657056299304356,15.150475240070868,28.019216620026963,2.1316282072803006e-14,2.2737367544323206e-13,2.2737367544323206e-13,1.0658141036401503e-14,2.2737367544323206e-13,ok
sample_000556,"(224, 2)","(224, 2)",0.0,0.0,0.0,0.0,0.0,11.260196831925551,23.803335900667435,28.338983750304052,2.248360228155174e-13,4.547473508864641e-13,6.821210263296962e-13,1.124180114077587e-13,6.821210263296962e-13,ok
sample_000557,"(224, 2)","(224, 2)",0.0,0.0,0.0,0.0,0.0,8.175331286895597,4.967625187149185,28.78625366385839,1.6748507342916648e-14,0.0,1.1368683772161603e-13,8.374253671458324e-15,1.1368683772161603e-13,ok
sample_000558,"(224, 2)","(224, 2)",0.0,0.0,0.0,0.0,0.0,9.39579564744893,25.475674672125976,26.11571557510928,4.0602442043434294e-15,0.0,1.1368683772161603e-13,2.0301221021717147e-15,1.1368683772161603e-13,ok
sample_000559,"(224, 2)","(224, 2)",0.0,0.0,0.0,0.0,0.0,12.72508389722326,0.0,26.46610095952931,1.588570544949367e-13,2.2737367544323206e-13,9.094947017729282e-13,7.942852724746834e-14,9.094947017729282e-13,ok
sample_000560,"(224, 2)","(224, 2)",0.0,0.0,0.0,0.0,0.0,6.66370541246026,6.632842527906126,25.83438212924785,0.0,0.0,0.0,0.0,0.0,ok
sample_000561,"(224, 2)","(224, 2)",0.0,0.0,0.0,0.0,0.0,10.082467961517462,16.973697299056532,29.590015207836554,1.5479681029059325e-13,4.547473508864641e-13,5.684341886080801e-13,7.739840514529662e-14,5.684341886080801e-13,ok
sample_000562,"(224, 2)","(224, 2)",0.0,0.0,0.0,0.0,0.0,12.662156066181415,27.73839396937035,28.829278520282184,8.591765884145562e-14,1.7053025658242404e-13,3.694822225952521e-13,4.834228255796396e-14,3.694822225952521e-13,ok
sample_000563,"(224, 2)","(224, 2)",0.0,0.0,0.0,0.0,0.0,4.9076470624192075,0.0,27.138446897344764,0.0,0.0,0.0,0.0,0.0,ok
sample_000564,"(224, 2)","(224, 2)",0.0,0.0,0.0,0.0,0.0,11.579402402747759,6.1009261591991155,28.618333284801924,4.199815098867735e-14,3.694822225952521e-13,4.547473508864641e-13,2.0999075494338675e-14,4.547473508864641e-13,ok
sample_000565,"(224, 2)","(224, 2)",0.0,0.0,0.0,0.0,0.0,6.057665965755954,4.265969995206248,24.21266610681278,0.0,0.0,0.0,0.0,0.0,ok
sample_000566,"(224, 2)","(224, 2)",0.0,0.0,0.0,0.0,0.0,8.850787350502785,0.03162277660165503,30.425405502638935,0.0,0.0,0.0,0.0,0.0,ok
sample_000567,"(224, 2)","(224, 2)",0.0,0.0,0.0,0.0,0.0,9.693886134125153,7.281552032362245,29.196008288805377,6.039613253960852e-14,2.2737367544323206e-13,2.2737367544323206e-13,3.019806626980426e-14,2.2737367544323206e-13,ok
sample_000568,"(224, 2)","(224, 2)",0.0,0.0,0.0,0.0,0.0,10.497646304495344,0.2549509756796303,29.04760919593895,0.0,0.0,0.0,0.0,0.0,ok
sample_000569,"(224, 2)","(224, 2)",0.0,0.0,0.0,0.0,0.0,10.101493176095033,5.130399594573478,33.13174308725701,5.557459254695069e-14,2.2737367544323206e-13,2.2737367544323206e-13,2.7787296273475346e-14,2.2737367544323206e-13,ok
sample_000570,"(224, 2)","(224, 2)",0.0,0.0,0.0,0.0,0.0,10.062096107250653,1.9788127753782796,32.38113030763441,2.5376526277146437e-14,0.0,2.2737367544323206e-13,1.2688263138573218e-14,2.2737367544323206e-13,ok
sample_000571,"(224, 2)","(224, 2)",0.0,0.0,0.0,0.0,0.0,14.120260243192657,16.998579352404725,30.769611632258226,1.1879928243432132e-13,3.979039320256561e-13,7.190186943645084e-13,6.629617489904506e-14,6.821210263296962e-13,ok
sample_000572,"(224, 2)","(224, 2)",0.0,0.0,0.0,0.0,0.0,10.483342644053414,12.348157757333555,26.479916918298652,2.6351936505924252e-14,0.0,1.1368683772161603e-13,1.3175968252962126e-14,1.1368683772161603e-13,ok
sample_000573,"(224, 2)","(224, 2)",0.0,0.0,0.0,0.0,0.0,8.37565031393709,15.246409413366854,21.8787248257296,1.8397981550931166e-14,0.0,1.1368683772161603e-13,9.198990775465583e-15,1.1368683772161603e-13,ok
sample_000574,"(224, 2)","(224, 2)",0.0,0.0,0.0,0.0,0.0,9.27040724070824,10.443969551851364,26.252180861787487,2.5757174171303632e-14,0.0,1.1368683772161603e-13,1.2878587085651816e-14,1.1368683772161603e-13,ok
sample_000575,"(224, 2)","(224, 2)",0.0,0.0,0.0,0.0,0.0,9.251531109010093,10.495889671676341,25.41964791258931,0.0,0.0,0.0,0.0,0.0,ok
sample_000576,"(224, 2)","(224, 2)",0.0,0.0,0.0,0.0,0.0,4.135470279198301,0.0,27.480975237425646,0.0,0.0,0.0,0.0,0.0,ok
sample_000577,"(224, 2)","(224, 2)",0.0,0.0,0.0,0.0,0.0,13.981782378405,10.635798042460388,31.158050324113663,3.045183153257572e-15,0.0,1.1368683772161603e-13,1.522591576628786e-15,1.1368683772161603e-13,ok
sample_000578,"(224, 2)","(224, 2)",0.0,0.0,0.0,0.0,0.0,6.828035117491164,8.530164125033096,26.12072931600484,1.1926967350258825e-14,1.4210854715202004e-13,1.9895196601282805e-13,5.963483675129412e-15,1.9895196601282805e-13,ok
sample_000579,"(224, 2)","(224, 2)",0.0,0.0,0.0,0.0,0.0,9.453727207665784,9.65625186084121,26.14635156192911,3.552713678800501e-15,0.0,1.1368683772161603e-13,1.7763568394002505e-15,1.1368683772161603e-13,ok
sample_000580,"(224, 2)","(224, 2)",0.0,0.0,0.0,0.0,0.0,8.549769817001547,17.930903490900764,23.101508608746872,3.9650822308041306e-17,0.0,3.552713678800501e-15,1.9825411154020653e-17,3.552713678800501e-15,ok
sample_000581,"(224, 2)","(224, 2)",0.0,0.0,0.0,0.0,0.0,9.147263740093637,8.238962313301307,27.689682193914713,2.0301221021717147e-15,0.0,2.2737367544323206e-13,1.0150610510858574e-15,2.2737367544323206e-13,ok
sample_000582,"(224, 2)","(224, 2)",0.0,0.0,0.0,0.0,0.0,10.798401171046425,13.291188810636914,26.32671836746844,1.419976671281195e-13,2.5421149729252077e-13,2.5421149729252077e-13,8.53444299358281e-14,2.2737367544323206e-13,ok
sample_000583,"(224, 2)","(224, 2)",0.0,0.0,0.0,0.0,0.0,8.567519252599395,0.050990195135881475,30.210893730573336,1.522591576628786e-15,1.1368683772161603e-13,1.1368683772161603e-13,7.61295788314393e-16,1.1368683772161603e-13,ok
sample_000584,"(224, 2)","(224, 2)",0.0,0.0,0.0,0.0,0.0,7.571506681621189,0.0,23.190396719331844,0.0,0.0,0.0,0.0,0.0,ok
sample_000585,"(224, 2)","(224, 2)",0.0,0.0,0.0,0.0,0.0,12.992032990148832,6.241233852372409,26.552131741161617,4.982009181763637e-13,1.4210854715202004e-12,1.5916157281026244e-12,2.495781359357352e-13,1.5916157281026244e-12,ok
sample_000586,"(224, 2)","(224, 2)",0.0,0.0,0.0,0.0,0.0,6.426907158727961,0.0,33.11175169029875,0.0,0.0,0.0,0.0,0.0,ok
sample_000587,"(224, 2)","(224, 2)",0.0,0.0,0.0,0.0,0.0,8.28039146600383,0.0,25.069680891467183,6.826285568552391e-14,1.1368683772161603e-13,1.1368683772161603e-13,3.413142784276196e-14,1.1368683772161603e-13,ok
sample_000588,"(224, 2)","(224, 2)",0.0,0.0,0.0,0.0,0.0,7.775843233444592,0.0,33.40054041478969,5.2275644130921654e-14,1.1368683772161603e-13,2.2737367544323206e-13,2.6137822065460827e-14,2.2737367544323206e-13,ok
sample_000589,"(224, 2)","(224, 2)",0.0,0.0,0.0,0.0,0.0,9.520135380886975,0.10999999999989996,30.383358932152284,3.451207573691915e-14,0.0,2.2737367544323206e-13,1.7256037868459575e-14,2.2737367544323206e-13,ok
sample_000590,"(224, 2)","(224, 2)",0.0,0.0,0.0,0.0,0.0,10.086512505854026,7.763710453127428,27.67093240207142,6.217248937900877e-14,3.410605131648481e-13,5.400124791776761e-13,3.108624468950438e-14,5.400124791776761e-13,ok
sample_000591,"(224, 2)","(224, 2)",0.0,0.0,0.0,0.0,0.0,10.02981324805522,0.0,29.945578972529425,5.785847991189387e-14,2.2737367544323206e-13,2.2737367544323206e-13,2.8929239955946934e-14,2.2737367544323206e-13,ok
sample_000592,"(224, 2)","(224, 2)",0.0,0.0,0.0,0.0,0.0,8.151970229068247,0.0,30.39411291681331,0.0,0.0,0.0,0.0,0.0,ok
sample_000593,"(224, 2)","(224, 2)",0.0,0.0,0.0,0.0,0.0,9.578451221834944,1.649242250247081,30.556860113565367,3.441056963181057e-13,5.684341886080801e-13,7.958078640513122e-13,1.7205284815905284e-13,7.958078640513122e-13,ok
sample_000594,"(224, 2)","(224, 2)",0.0,0.0,0.0,0.0,0.0,6.321424956305394,0.0,25.27606377583343,0.0,0.0,0.0,0.0,0.0,ok
sample_000595,"(224, 2)","(224, 2)",0.0,0.0,0.0,0.0,0.0,10.56422866939946,5.7997413735439265,27.99605150731088,0.0,0.0,0.0,0.0,0.0,ok
sample_000596,"(224, 2)","(224, 2)",0.0,0.0,0.0,0.0,0.0,9.607659146651898,8.06991945436879,26.99989814795603,7.841346619638249e-14,1.1368683772161603e-13,1.1368683772161603e-13,3.9206733098191245e-14,1.1368683772161603e-13,ok
sample_000597,"(224, 2)","(224, 2)",0.0,0.0,0.0,0.0,0.0,9.346293591452817,5.992303396858277,26.593608254616285,3.950030252080196e-14,0.0,1.6077746776921858e-13,2.0047455758945685e-14,1.1368683772161603e-13,ok
sample_000598,"(224, 2)","(224, 2)",0.0,0.0,0.0,0.0,0.0,9.763060108975472,11.600521539999713,29.52778014006473,3.045183153257572e-15,0.0,1.1368683772161603e-13,1.522591576628786e-15,1.1368683772161603e-13,ok
sample_000599,"(224, 2)","(224, 2)",0.0,0.0,0.0,0.0,0.0,9.126298938548073,1.1610340218961028,25.93048013439018,2.1316282072803006e-14,0.0,1.1368683772161603e-13,1.0658141036401503e-14,1.1368683772161603e-13,ok
sample_000600,"(224, 2)","(224, 2)",0.0,0.0,0.0,0.0,0.0,5.9363430879737455,0.0,30.242172541006404,3.532412457778784e-13,5.684341886080801e-13,9.094947017729282e-13,1.766206228889392e-13,9.094947017729282e-13,ok
sample_000601,"(224, 2)","(224, 2)",0.0,0.0,0.0,0.0,0.0,10.256256741352077,4.244573005615548,31.36409412050671,6.415503049441083e-15,0.0,5.684341886080802e-14,3.2077515247205415e-15,5.684341886080802e-14,ok
sample_000602,"(224, 2)","(224, 2)",0.0,0.0,0.0,0.0,0.0,13.104739259483592,1.4257980221615987,28.395360536538373,1.730679092101387e-13,6.821210263296962e-13,8.526512829121202e-13,8.653395460506935e-14,8.526512829121202e-13,ok
sample_000603,"(224, 2)","(224, 2)",0.0,0.0,0.0,0.0,0.0,5.279256870310539,0.0,27.20550863336315,1.5530434081613619e-13,2.2737367544323206e-13,4.547473508864641e-13,7.765217040806809e-14,4.547473508864641e-13,ok
sample_000604,"(224, 2)","(224, 2)",0.0,0.0,0.0,0.0,0.0,11.052778304770934,26.984041580163662,27.529658552186863,4.06024420434343e-14,0.0,2.2737367544323206e-13,2.030122102171715e-14,2.2737367544323206e-13,ok
sample_000605,"(224, 2)","(224, 2)",0.0,0.0,0.0,0.0,0.0,12.25174119065866,5.210614167255179,31.79668693433324,8.273689668581885e-14,2.2737367544323206e-13,2.5421149729252077e-13,4.472017994012439e-14,2.2737367544323206e-13,ok
sample_000606,"(224, 2)","(224, 2)",0.0,0.0,0.0,0.0,0.0,5.733477659559069,17.690350477025547,26.777671668761737,0.0,0.0,0.0,0.0,0.0,ok
sample_000607,"(224, 2)","(224, 2)",0.0,0.0,0.0,0.0,0.0,10.36910959489023,7.109711667852578,26.11147257432994,0.0,0.0,0.0,0.0,0.0,ok
sample_000608,"(224, 2)","(224, 2)",0.0,0.0,0.0,0.0,0.0,8.467057851773056,3.500357124637459,26.623052041416926,5.582835780972216e-15,0.0,1.1368683772161603e-13,2.791417890486108e-15,1.1368683772161603e-13,ok
sample_000609,"(224, 2)","(224, 2)",0.0,0.0,0.0,0.0,0.0,8.508509343624752,0.0,27.137768883974164,0.0,0.0,0.0,0.0,0.0,ok
sample_000610,"(224, 2)","(224, 2)",0.0,0.0,0.0,0.0,0.0,11.066409330920058,12.93538557600824,25.93264544931731,9.777701231148965e-14,1.1368683772161603e-13,1.2710574864626038e-13,5.024552202874994e-14,1.1368683772161603e-13,ok
sample_000611,"(224, 2)","(224, 2)",0.0,0.0,0.0,0.0,0.0,7.595125343945413,0.0,27.207581663940644,0.0,0.0,0.0,0.0,0.0,ok
sample_000612,"(224, 2)","(224, 2)",0.0,0.0,0.0,0.0,0.0,10.13289541140558,8.024886292029297,22.579397689043873,8.704148513061227e-14,2.5579538487363607e-13,3.979039320256561e-13,4.3520742565306136e-14,3.979039320256561e-13,ok
sample_000613,"(224, 2)","(224, 2)",0.0,0.0,0.0,0.0,0.0,12.2271687379293,15.209145275129627,27.33193370400275,6.141119359069437e-14,2.2737367544323206e-13,2.2737367544323206e-13,3.0705596795347185e-14,2.2737367544323206e-13,ok
sample_000614,"(224, 2)","(224, 2)",0.0,0.0,0.0,0.0,0.0,7.376351883713452,0.0,24.69109151090737,2.3049099676430015e-14,0.0,1.6077746776921858e-13,1.167320208748736e-14,1.1368683772161603e-13,ok
sample_000615,"(224, 2)","(224, 2)",0.0,0.0,0.0,0.0,0.0,11.423470652907708,0.0,30.497614660822325,1.6240976817373718e-14,2.2737367544323206e-13,3.410605131648481e-13,8.120488408686859e-15,3.410605131648481e-13,ok
sample_000616,"(224, 2)","(224, 2)",0.0,0.0,0.0,0.0,0.0,11.042896071263836,11.658134499138345,25.471003121196492,3.087367979725511e-13,1.5916157281026244e-12,1.5916157281026244e-12,1.6355171185620877e-13,1.5916157281026244e-12,ok
sample_000617,"(224, 2)","(224, 2)",0.0,0.0,0.0,0.0,0.0,12.088811421611526,12.53576084647435,27.44895808587283,4.555086466747785e-14,1.9895196601282805e-13,3.979039320256561e-13,2.2775432333738925e-14,3.979039320256561e-13,ok
sample_000618,"(224, 2)","(224, 2)",0.0,0.0,0.0,0.0,0.0,3.563370055020774,0.0,17.977399700735344,0.0,0.0,0.0,0.0,0.0,ok
sample_000619,"(224, 2)","(224, 2)",0.0,0.0,0.0,0.0,0.0,11.601286189246508,11.645140617442262,29.31507462040643,6.727951529228449e-14,1.4921397450962104e-13,2.7000623958883807e-13,3.3639757646142243e-14,2.7000623958883807e-13,ok
sample_000620,"(224, 2)","(224, 2)",0.0,0.0,0.0,0.0,0.0,8.115596035228284,13.717215460872549,25.49118278934895,2.5376526277146434e-16,0.0,2.842170943040401e-14,1.2688263138573217e-16,2.842170943040401e-14,ok
sample_000621,"(224, 2)","(224, 2)",0.0,0.0,0.0,0.0,0.0,11.049183134964933,25.55059294810983,28.37679333540006,5.075305255429287e-16,0.0,2.842170943040401e-14,2.5376526277146434e-16,2.842170943040401e-14,ok
sample_000622,"(224, 2)","(224, 2)",0.0,0.0,0.0,0.0,0.0,6.88387110950699,7.937808261730722,26.46484838422467,5.582835780972216e-15,1.1368683772161603e-13,1.1368683772161603e-13,2.791417890486108e-15,1.1368683772161603e-13,ok
sample_000623,"(224, 2)","(224, 2)",0.0,0.0,0.0,0.0,0.0,7.221161214764133,0.0,26.333772992110205,0.0,0.0,0.0,0.0,0.0,ok
sample_000624,"(224, 2)","(224, 2)",0.0,0.0,0.0,0.0,0.0,11.353209361762856,13.496229102975388,29.446120287739028,6.293378516732316e-14,2.2737367544323206e-13,5.115907697472721e-13,3.146689258366158e-14,5.115907697472721e-13,ok
sample_000625,"(224, 2)","(224, 2)",0.0,0.0,0.0,0.0,0.0,6.314517347072709,0.0,22.448164735674943,0.0,0.0,0.0,0.0,0.0,ok
sample_000626,"(224, 2)","(224, 2)",0.0,0.0,0.0,0.0,0.0,13.036620247137241,13.955995127542968,31.49811740406079,0.0,0.0,0.0,0.0,0.0,ok
sample_000627,"(224, 2)","(224, 2)",0.0,0.0,0.0,0.0,0.0,9.980712052537854,5.180463299744567,27.432083406114053,2.2911011817242333e-14,0.0,1.6077746776921858e-13,1.2942028401344682e-14,1.1368683772161603e-13,ok
sample_000628,"(224, 2)","(224, 2)",0.0,0.0,0.0,0.0,0.0,9.020251371598373,0.0,28.366251074119685,4.364762519669187e-14,1.1368683772161603e-13,2.2737367544323206e-13,2.1823812598345936e-14,2.2737367544323206e-13,ok
sample_000629,"(224, 2)","(224, 2)",0.0,0.0,0.0,0.0,0.0,3.017954421964472,0.0,20.417406789306042,0.0,0.0,0.0,0.0,0.0,ok
sample_000630,"(224, 2)","(224, 2)",0.0,0.0,0.0,0.0,0.0,10.432282855014696,15.00485588068058,20.210663027223966,0.0,0.0,0.0,0.0,0.0,ok
sample_000631,"(224, 2)","(224, 2)",0.0,0.0,0.0,0.0,0.0,8.351651883704553,11.732949330837597,24.950967917096975,0.0,0.0,0.0,0.0,0.0,ok
sample_000632,"(224, 2)","(224, 2)",0.0,0.0,0.0,0.0,0.0,11.886755955564913,10.35125596244239,28.494534563666782,3.806478941571965e-15,0.0,2.842170943040401e-14,1.9032394707859826e-15,2.842170943040401e-14,ok
sample_000633,"(224, 2)","(224, 2)",0.0,0.0,0.0,0.0,0.0,8.966420476819268,5.173867025736176,28.1407124998641,1.4210854715202004e-14,3.410605131648481e-13,3.410605131648481e-13,7.105427357601002e-15,3.410605131648481e-13,ok
sample_000634,"(224, 2)","(224, 2)",0.0,0.0,0.0,0.0,0.0,13.45309643117525,17.852968940767255,28.669811649189445,8.957913775832692e-14,2.2737367544323206e-13,7.958078640513122e-13,4.478956887916346e-14,7.958078640513122e-13,ok
sample_000635,"(224, 2)","(224, 2)",0.0,0.0,0.0,0.0,0.0,7.473524089081887,0.0,28.352982206462837,3.6034667313547936e-14,2.2737367544323206e-13,2.2737367544323206e-13,1.8017333656773968e-14,2.2737367544323206e-13,ok
sample_000636,"(224, 2)","(224, 2)",0.0,0.0,0.0,0.0,0.0,6.667184858950487,0.0,29.370488589739132,0.0,0.0,0.0,0.0,0.0,ok
sample_000637,"(224, 2)","(224, 2)",0.0,0.0,0.0,0.0,0.0,9.350911554795207,6.837492230342861,26.421213068290324,1.6066513199218338e-14,0.0,5.684341886080802e-14,8.033256599609169e-15,5.684341886080802e-14,ok
sample_000638,"(224, 2)","(224, 2)",0.0,0.0,0.0,0.0,0.0,11.391085550509912,5.6895869797375065,29.139763211117636,9.11017293349557e-14,4.547473508864641e-13,6.821210263296962e-13,4.555086466747785e-14,6.821210263296962e-13,ok
sample_000639,"(224, 2)","(224, 2)",0.0,0.0,0.0,0.0,0.0,9.606486356135706,20.858921352745103,33.754722632544244,7.065926902647633e-14,1.7053025658242404e-13,1.7053025658242404e-13,3.625671191847297e-14,1.7053025658242404e-13,ok
sample_000640,"(224, 2)","(224, 2)",0.0,0.0,0.0,0.0,0.0,9.993175246478001,22.90463708509705,22.90463708509705,2.398081733190338e-14,0.0,1.1368683772161603e-13,1.199040866595169e-14,1.1368683772161603e-13,ok
sample_000641,"(224, 2)","(224, 2)",0.0,0.0,0.0,0.0,0.0,11.194066227814316,7.6920283410814445,26.958134208435176,3.421973536656701e-13,3.2155493553843715e-13,9.779711566628324e-13,1.9831755285589938e-13,7.958078640513122e-13,ok
sample_000642,"(224, 2)","(224, 2)",0.0,0.0,0.0,0.0,0.0,8.043100325877427,0.0,23.853412753733977,1.344955892688761e-14,0.0,2.2737367544323206e-13,6.724779463443805e-15,2.2737367544323206e-13,ok
sample_000643,"(224, 2)","(224, 2)",0.0,0.0,0.0,0.0,0.0,10.954995490478266,22.887310894904083,23.66220826550228,1.1838149508288811e-13,6.821210263296962e-13,7.389644451905042e-13,5.919074754144406e-14,7.389644451905042e-13,ok
sample_000644,"(224, 2)","(224, 2)",0.0,0.0,0.0,0.0,0.0,7.919975123825109,7.783379728626918,23.867687361786867,2.0301221021717147e-15,0.0,1.1368683772161603e-13,1.0150610510858574e-15,1.1368683772161603e-13,ok
sample_000645,"(224, 2)","(224, 2)",0.0,0.0,0.0,0.0,0.0,9.369992710479696,3.7785976234579532,28.219597800110364,6.090366306515144e-15,0.0,2.2737367544323206e-13,3.045183153257572e-15,2.2737367544323206e-13,ok
sample_000646,"(224, 2)","(224, 2)",0.0,0.0,0.0,0.0,0.0,13.373829857714327,0.0,29.244859377333153,2.456447743627775e-13,1.5916157281026244e-12,1.5916157281026244e-12,1.2282238718138874e-13,1.5916157281026244e-12,ok
sample_000647,"(224, 2)","(224, 2)",0.0,0.0,0.0,0.0,0.0,11.67856909339658,7.310410385197217,28.433677215583796,3.724356903918204e-13,1.2505552149377763e-12,1.4062285205060312e-12,1.9755625706758499e-13,1.3642420526593924e-12,ok
sample_000648,"(224, 2)","(224, 2)",0.0,0.0,0.0,0.0,0.0,11.412180922004762,0.0,27.170336766407594,1.0674609686863101e-13,6.821210263296962e-13,6.821210263296962e-13,5.417888360170764e-14,6.821210263296962e-13,ok
sample_000649,"(224, 2)","(224, 2)",0.0,0.0,0.0,0.0,0.0,10.1979560359696,24.46512620036937,26.819532061540578,1.6530817695974318e-13,7.031142602530156e-13,7.978354032967558e-13,8.704148513061227e-14,7.958078640513122e-13,ok
sample_000650,"(224, 2)","(224, 2)",0.0,0.0,0.0,0.0,0.0,8.902065139558598,20.17190372771003,25.899677604170996,1.0150610510858574e-14,0.0,1.1368683772161603e-13,5.075305255429287e-15,1.1368683772161603e-13,ok
sample_000651,"(224, 2)","(224, 2)",0.0,0.0,0.0,0.0,0.0,9.19091659125323,13.941836320944317,26.927311414249992,8.628018934229787e-15,0.0,1.1368683772161603e-13,4.314009467114894e-15,1.1368683772161603e-13,ok
sample_000652,"(224, 2)","(224, 2)",0.0,0.0,0.0,0.0,0.0,7.279098893716188,12.124198942610573,24.612933591914654,3.933361572957698e-15,0.0,8.526512829121202e-14,1.966680786478849e-15,8.526512829121202e-14,ok
sample_000653,"(224, 2)","(224, 2)",0.0,0.0,0.0,0.0,0.0,12.170318845741928,6.139348499637425,27.69160522613316,9.629220668671748e-14,2.898457019905882e-13,5.362597410144533e-13,5.2910057287850316e-14,4.547473508864641e-13,ok
sample_000654,"(224, 2)","(224, 2)",0.0,0.0,0.0,0.0,0.0,8.178269916735974,9.030448493845867,27.024072602033968,2.0301221021717147e-15,0.0,1.1368683772161603e-13,1.0150610510858574e-15,1.1368683772161603e-13,ok
sample_000655,"(224, 2)","(224, 2)",0.0,0.0,0.0,0.0,0.0,9.762668398925305,4.860792116517568,24.65188836580267,1.4062759303712049e-14,2.2737367544323206e-13,2.5421149729252077e-13,7.61295788314393e-15,2.2737367544323206e-13,ok
sample_000656,"(224, 2)","(224, 2)",0.0,0.0,0.0,0.0,0.0,2.7028253035340417,0.0,26.834164790430812,0.0,0.0,0.0,0.0,0.0,ok
sample_000657,"(224, 2)","(224, 2)",0.0,0.0,0.0,0.0,0.0,10.708610893943042,5.00831308925461,25.01008596546601,1.2371056560108887e-14,9.237055564881302e-14,1.1368683772161603e-13,6.185528280054444e-15,1.1368683772161603e-13,ok
sample_000658,"(224, 2)","(224, 2)",0.0,0.0,0.0,0.0,0.0,8.675906998032143,0.0,28.042034519627904,0.0,0.0,0.0,0.0,0.0,ok
sample_000659,"(224, 2)","(224, 2)",0.0,0.0,0.0,0.0,0.0,7.892754226550819,9.26485833674751,26.78782559298138,1.4934085714100677e-13,2.8421709430404007e-13,4.547473508864641e-13,7.467042857050338e-14,4.547473508864641e-13,ok
sample_000660,"(224, 2)","(224, 2)",0.0,0.0,0.0,0.0,0.0,9.03421773910649,23.5428333044262,28.385963080367826,5.075305255429287e-15,2.2737367544323206e-13,2.2737367544323206e-13,2.5376526277146436e-15,2.2737367544323206e-13,ok
sample_000661,"(224, 2)","(224, 2)",0.0,0.0,0.0,0.0,0.0,10.909271257551419,7.354352452799789,30.995401271801693,3.552713678800501e-14,0.0,2.2737367544323206e-13,1.7763568394002505e-14,2.2737367544323206e-13,ok
sample_000662,"(224, 2)","(224, 2)",0.0,0.0,0.0,0.0,0.0,8.375152427742298,16.330600111447218,25.808054944144832,0.0,0.0,0.0,0.0,0.0,ok
sample_000663,"(224, 2)","(224, 2)",0.0,0.0,0.0,0.0,0.0,11.850643591957148,17.436312683592227,23.114225057310428,1.522591576628786e-15,0.0,1.1368683772161603e-13,7.61295788314393e-16,1.1368683772161603e-13,ok
sample_000664,"(224, 2)","(224, 2)",0.0,0.0,0.0,0.0,0.0,11.128503052900632,19.58655916693901,30.186367784150438,0.0,0.0,0.0,0.0,0.0,ok
sample_000665,"(224, 2)","(224, 2)",0.0,0.0,0.0,0.0,0.0,14.079556711764289,12.672699002185938,27.963365319646243,6.877038621106684e-14,2.2737367544323206e-13,2.2737367544323206e-13,3.438519310553342e-14,2.2737367544323206e-13,ok
sample_000666,"(224, 2)","(224, 2)",0.0,0.0,0.0,0.0,0.0,10.532235688706185,12.638172336220125,26.877726838406502,1.1165671561944431e-14,0.0,2.2737367544323206e-13,5.582835780972216e-15,2.2737367544323206e-13,ok
sample_000667,"(224, 2)","(224, 2)",0.0,0.0,0.0,0.0,0.0,8.140999298206065,6.051784860683674,26.220779927378313,1.1165671561944431e-13,4.547473508864641e-13,4.547473508864641e-13,5.5828357809722155e-14,4.547473508864641e-13,ok
sample_000668,"(224, 2)","(224, 2)",0.0,0.0,0.0,0.0,0.0,9.914169351575557,15.304953446515274,26.264205679974467,5.947623346206195e-14,2.2737367544323206e-13,2.2737367544323206e-13,2.9738116731030976e-14,2.2737367544323206e-13,ok
sample_000669,"(224, 2)","(224, 2)",0.0,0.0,0.0,0.0,0.0,10.921136285846455,0.0,24.328923116323935,4.0602442043434294e-15,0.0,1.1368683772161603e-13,2.0301221021717147e-15,1.1368683772161603e-13,ok
sample_000670,"(224, 2)","(224, 2)",0.0,0.0,0.0,0.0,0.0,6.859621733702785,0.0,27.42440701273244,8.120488408686859e-15,0.0,5.684341886080802e-14,4.0602442043434294e-15,5.684341886080802e-14,ok
sample_000671,"(224, 2)","(224, 2)",0.0,0.0,0.0,0.0,0.0,7.537356061691524,0.0,30.004752956823275,7.003921252492416e-14,2.2737367544323206e-13,2.2737367544323206e-13,3.501960626246208e-14,2.2737367544323206e-13,ok
sample_000672,"(224, 2)","(224, 2)",0.0,0.0,0.0,0.0,0.0,11.349369943532313,6.682424709639403,25.04453034097468,5.5067062021407764e-14,2.2737367544323206e-13,4.547473508864641e-13,2.7533531010703882e-14,4.547473508864641e-13,ok
sample_000673,"(224, 2)","(224, 2)",0.0,0.0,0.0,0.0,0.0,7.795875302193849,14.123016674917567,29.439600880446722,1.167320208748736e-14,0.0,5.684341886080802e-14,5.83660104374368e-15,5.684341886080802e-14,ok
sample_000674,"(224, 2)","(224, 2)",0.0,0.0,0.0,0.0,0.0,9.866536915302735,11.216104493093884,30.28474203291157,8.450383250289763e-14,1.9895196601282805e-13,6.821210263296962e-13,4.225191625144881e-14,6.821210263296962e-13,ok
sample_000675,"(224, 2)","(224, 2)",0.0,0.0,0.0,0.0,0.0,15.610077550458572,5.044333454481348,26.505895570608722,8.13963279482373e-14,2.8421709430404007e-13,6.629024818318272e-13,4.827884124227109e-14,5.684341886080801e-13,ok
sample_000676,"(224, 2)","(224, 2)",0.0,0.0,0.0,0.0,0.0,8.060617425933499,31.814191801773024,31.814191801773024,0.0,0.0,0.0,0.0,0.0,ok
sample_000677,"(224, 2)","(224, 2)",0.0,0.0,0.0,0.0,0.0,6.240500455573275,11.915439563859847,24.47076010262042,0.0,0.0,0.0,0.0,0.0,ok
sample_000678,"(224, 2)","(224, 2)",0.0,0.0,0.0,0.0,0.0,11.125769117082472,6.663887754156789,28.450760974005625,4.856304650853245e-14,4.263256414560601e-13,4.263256414560601e-13,2.5566850224225033e-14,4.263256414560601e-13,ok
sample_000679,"(224, 2)","(224, 2)",0.0,0.0,0.0,0.0,0.0,6.425434909285918,11.192015010711916,24.63559213820528,7.105427357601002e-15,0.0,5.684341886080802e-14,3.552713678800501e-15,5.684341886080802e-14,ok
sample_000680,"(224, 2)","(224, 2)",0.0,0.0,0.0,0.0,0.0,10.890521777184356,5.892919480189879,30.75853214963283,2.5376526277146436e-15,0.0,1.1368683772161603e-13,1.2688263138573218e-15,1.1368683772161603e-13,ok
sample_000681,"(224, 2)","(224, 2)",0.0,0.0,0.0,0.0,0.0,8.798349759802262,0.0,25.796317566660488,1.427429603089487e-14,0.0,5.684341886080802e-14,7.137148015447436e-15,5.684341886080802e-14,ok
sample_000682,"(224, 2)","(224, 2)",0.0,0.0,0.0,0.0,0.0,11.047795480823591,15.228896874035334,30.420698545562725,4.4662686247777725e-14,3.126388037344441e-13,3.979039320256561e-13,2.2331343123888863e-14,3.979039320256561e-13,ok
sample_000683,"(224, 2)","(224, 2)",0.0,0.0,0.0,0.0,0.0,9.343569842586268,24.848907420649248,25.07558573593049,9.135549459772717e-15,2.2737367544323206e-13,2.2737367544323206e-13,4.567774729886359e-15,2.2737367544323206e-13,ok
sample_000684,"(224, 2)","(224, 2)",0.0,0.0,0.0,0.0,0.0,14.078826219327963,0.05999999999994543,24.3528170855036,1.1011503745357003e-13,5.518497755175417e-13,6.536993168992922e-13,5.595524044110789e-14,6.536993168992922e-13,ok
sample_000685,"(224, 2)","(224, 2)",0.0,0.0,0.0,0.0,0.0,15.246883147056812,18.851909717585677,27.462312357119437,2.027602078427077e-13,1.3221441974579884e-12,1.3358203432289883e-12,1.0848464983480101e-13,1.3358203432289883e-12,ok
sample_000686,"(224, 2)","(224, 2)",0.0,0.0,0.0,0.0,0.0,8.56274522101012,0.2531797780234375,25.795503484134503,0.0,0.0,0.0,0.0,0.0,ok
sample_000687,"(224, 2)","(224, 2)",0.0,0.0,0.0,0.0,0.0,11.354933185318199,0.6964194138591391,24.41371131147406,9.130272727306998e-14,4.0990372275064023e-13,5.684341886080801e-13,4.973799150320701e-14,5.684341886080801e-13,ok
sample_000688,"(224, 2)","(224, 2)",0.0,0.0,0.0,0.0,0.0,9.17289444053368,0.05999999999994543,25.483269021065553,1.522591576628786e-14,2.2737367544323206e-13,2.2737367544323206e-13,7.61295788314393e-15,2.2737367544323206e-13,ok
sample_000689,"(224, 2)","(224, 2)",0.0,0.0,0.0,0.0,0.0,11.021524736072179,24.475346779974323,29.6912731286484,3.400454521137622e-14,0.0,1.1368683772161603e-13,1.700227260568811e-14,1.1368683772161603e-13,ok
sample_000690,"(224, 2)","(224, 2)",0.0,0.0,1.0610560049631853e-13,1.1368683772161603e-13,1.1368683772161603e-13,10.958478408455422,8.300921635577659,34.732078832111405,9.198990775465584e-16,0.0,2.842170943040401e-14,5.348102912908611e-14,1.1368683772161603e-13,ok
sample_000691,"(224, 2)","(224, 2)",0.0,0.0,0.0,0.0,0.0,11.012671284518783,23.44379662085473,28.7482747308425,9.57963866962278e-15,0.0,5.684341886080802e-14,4.78981933481139e-15,5.684341886080802e-14,ok
sample_000692,"(224, 2)","(224, 2)",0.0,0.0,0.0,0.0,0.0,10.894452386370927,0.43931765272982143,24.97587035520487,2.385393470051765e-14,0.0,1.1368683772161603e-13,1.1926967350258825e-14,1.1368683772161603e-13,ok
sample_000693,"(224, 2)","(224, 2)",0.0,0.0,0.0,0.0,0.0,8.1120753465991,18.88851767609091,25.65208763434276,1.0404375773630038e-14,0.0,5.684341886080802e-14,5.202187886815019e-15,5.684341886080802e-14,ok
sample_000694,"(224, 2)","(224, 2)",0.0,0.0,0.0,0.0,0.0,9.373001587271403,7.591607207963294,29.013600259188824,1.8271098919545435e-14,4.547473508864641e-13,4.547473508864641e-13,9.135549459772717e-15,4.547473508864641e-13,ok
sample_000695,"(224, 2)","(224, 2)",0.0,0.0,0.0,0.0,0.0,9.019800098132691,17.07918323574057,24.925579230982756,5.455953149586484e-15,8.526512829121202e-14,1.4210854715202004e-13,2.727976574793242e-15,1.4210854715202004e-13,ok
sample_000696,"(224, 2)","(224, 2)",0.0,0.0,0.0,0.0,0.0,13.712302234647334,27.217532952124753,28.283963654339534,3.3735814485326817e-13,1.4779288903810084e-12,1.6277477997478347e-12,2.0263156232301428e-13,1.4779288903810084e-12,ok
sample_000697,"(224, 2)","(224, 2)",0.0,0.0,0.0,0.0,0.0,16.44516909418103,8.594562234343213,28.313842904134482,1.3749156047054258e-13,1.3039959579776293e-12,1.3039959579776293e-12,8.602642407952642e-14,1.2505552149377763e-12,ok
sample_000698,"(224, 2)","(224, 2)",0.0,0.0,0.0,0.0,0.0,10.885262340391462,24.05265058158868,25.013444384970256,1.3576441558273344e-14,5.684341886080802e-14,5.684341886080802e-14,6.788220779136672e-15,5.684341886080802e-14,ok
sample_000699,"(224, 2)","(224, 2)",0.0,0.0,0.0,0.0,0.0,9.187805180902192,16.819241956759036,26.203085696154208,2.0301221021717147e-15,0.0,1.1368683772161603e-13,1.0150610510858574e-15,1.1368683772161603e-13,ok
sample_000700,"(224, 2)","(224, 2)",0.0,0.0,0.0,0.0,0.0,8.961797935066427,10.190269868850379,21.436067736410944,1.4718385240744934e-14,5.684341886080802e-14,1.1368683772161603e-13,7.359192620372467e-15,1.1368683772161603e-13,ok
sample_000701,"(224, 2)","(224, 2)",0.0,0.0,0.0,0.0,0.0,10.353182671734057,11.733175188328179,24.582697166909835,5.354447044477898e-14,0.0,3.410605131648481e-13,2.677223522238949e-14,3.410605131648481e-13,ok
sample_000702,"(224, 2)","(224, 2)",0.0,0.0,0.0,0.0,0.0,11.699847429303816,11.312046675999868,24.566387605832496,1.38064764860576e-13,6.386984823121859e-13,8.450381726173933e-13,8.348877145181177e-14,7.958078640513122e-13,ok
sample_000703,"(224, 2)","(224, 2)",0.0,0.0,0.0,0.0,0.0,8.004344429085574,12.867952440073681,26.60734672980381,6.268001990455169e-14,0.0,2.2737367544323206e-13,3.1340009952275847e-14,2.2737367544323206e-13,ok
sample_000704,"(224, 2)","(224, 2)",0.0,0.0,0.0,0.0,0.0,10.461517369998518,19.761551052485814,19.924309272845555,8.932537249555545e-14,2.2737367544323206e-13,2.2737367544323206e-13,4.4662686247777725e-14,2.2737367544323206e-13,ok
sample_000705,"(224, 2)","(224, 2)",0.0,0.0,0.0,0.0,0.0,9.795736227500365,19.610323811706927,25.68383343661925,1.3195793664116147e-14,0.0,1.1368683772161603e-13,6.597896832058073e-15,1.1368683772161603e-13,ok
sample_000706,"(224, 2)","(224, 2)",0.0,0.0,0.0,0.0,0.0,8.511134261777569,12.134323219693815,23.49525271198422,0.0,0.0,0.0,0.0,0.0,ok
sample_000707,"(224, 2)","(224, 2)",0.0,0.0,0.0,0.0,0.0,8.466234895759653,4.08770106539116,27.736809477659758,2.969053574426133e-14,1.7053025658242404e-13,3.410605131648481e-13,1.4845267872130665e-14,3.410605131648481e-13,ok
sample_000708,"(224, 2)","(224, 2)",0.0,0.0,0.0,0.0,0.0,9.28740747982251,0.0,29.599094580746886,1.682780898753273e-14,0.0,5.684341886080802e-14,8.413904493766366e-15,5.684341886080802e-14,ok
sample_000709,"(224, 2)","(224, 2)",0.0,0.0,0.0,0.0,0.0,7.661549550181691,0.0,22.979018690971134,1.167320208748736e-14,0.0,1.1368683772161603e-13,5.83660104374368e-15,1.1368683772161603e-13,ok
sample_000710,"(224, 2)","(224, 2)",0.0,0.0,0.0,0.0,0.0,16.589316796615726,28.133185031204693,28.939222518927473,1.936228954946273e-13,1.4210854715202004e-13,7.958078640513122e-13,9.681144774731365e-14,7.958078640513122e-13,ok
sample_000711,"(224, 2)","(224, 2)",0.0,0.0,0.0,0.0,0.0,9.99882089716903,18.244807480486156,27.6954743595411,2.5376526277146436e-15,0.0,1.1368683772161603e-13,1.2688263138573218e-15,1.1368683772161603e-13,ok
sample_000712,"(224, 2)","(224, 2)",0.0,0.0,0.0,0.0,0.0,13.019180633762662,0.8052949770115596,23.290620429692304,1.4007842504984833e-13,1.1368683772161603e-13,1.0800249583553523e-12,7.003921252492416e-14,1.0800249583553523e-12,ok
sample_000713,"(224, 2)","(224, 2)",0.0,0.0,0.0,0.0,0.0,6.210481249058824,0.0,30.20932968471832,6.851662094829537e-14,0.0,3.410605131648481e-13,3.4258310474147686e-14,3.410605131648481e-13,ok
sample_000714,"(224, 2)","(224, 2)",0.0,0.0,0.0,0.0,0.0,7.565434676449392,0.0,23.87946398058389,2.842170943040401e-14,0.0,1.1368683772161603e-13,1.4210854715202004e-14,1.1368683772161603e-13,ok
sample_000715,"(224, 2)","(224, 2)",0.0,0.0,0.0,0.0,0.0,14.405545330438896,11.14479250591957,24.19537559121567,9.493980598424075e-14,9.165725883006586e-13,9.165725883006586e-13,4.77078694010353e-14,9.094947017729282e-13,ok
sample_000716,"(224, 2)","(224, 2)",0.0,0.0,0.0,0.0,0.0,8.17522951658906,4.080012254883438,20.869540004513784,0.0,0.0,0.0,0.0,0.0,ok
sample_000717,"(224, 2)","(224, 2)",0.0,0.0,0.0,0.0,0.0,10.537983500718388,0.07071067811859044,25.147834896865316,7.765217040806809e-14,6.821210263296962e-13,7.958078640513122e-13,3.8826085204034047e-14,7.958078640513122e-13,ok
sample_000718,"(224, 2)","(224, 2)",0.0,0.0,0.0,0.0,0.0,8.064434975329648,0.0,28.10183268045008,7.486075251758199e-15,0.0,5.684341886080802e-14,3.743037625879099e-15,5.684341886080802e-14,ok
sample_000719,"(224, 2)","(224, 2)",0.0,0.0,0.0,0.0,0.0,6.829657373065197,0.0,22.785714823107913,7.105427357601002e-15,0.0,1.1368683772161603e-13,3.552713678800501e-15,1.1368683772161603e-13,ok
sample_000720,"(224, 2)","(224, 2)",0.0,0.0,0.0,0.0,0.0,8.74921449404085,15.919060901950141,22.324849383590482,0.0,0.0,0.0,0.0,0.0,ok
sample_000721,"(224, 2)","(224, 2)",0.0,0.0,0.0,0.0,0.0,8.784805444292642,15.72852186316311,23.366202087630743,4.910357834627835e-14,3.979039320256561e-13,3.979039320256561e-13,2.4551789173139176e-14,3.979039320256561e-13,ok
sample_000722,"(224, 2)","(224, 2)",0.0,0.0,0.0,0.0,0.0,12.983381783344683,22.992529221466718,23.33538300521339,2.5340314072174495e-13,5.796914039811764e-13,1.0247593068766006e-12,1.3513000242580476e-13,9.663381206337363e-13,ok
sample_000723,"(224, 2)","(224, 2)",0.0,0.0,0.0,0.0,0.0,10.432678555482596,9.392150978343558,24.51117296254919,3.298948416029037e-14,1.7053025658242404e-13,2.8421709430404007e-13,1.6494742080145184e-14,2.8421709430404007e-13,ok
sample_000724,"(224, 2)","(224, 2)",0.0,0.0,0.0,0.0,0.0,12.635917295480143,11.70982493464352,29.618062056792617,1.7179908289628136e-13,8.526512829121202e-13,1.3073986337985843e-12,8.589954144814068e-14,1.3073986337985843e-12,ok
sample_000725,"(224, 2)","(224, 2)",0.0,0.0,0.0,0.0,0.0,10.039337140478002,25.156321273190947,25.635438361767793,0.0,0.0,0.0,0.0,0.0,ok
sample_000726,"(224, 2)","(224, 2)",0.0,0.0,0.0,0.0,0.0,8.801429457013768,0.0,23.76538028309251,0.0,0.0,0.0,0.0,0.0,ok
sample_000727,"(224, 2)","(224, 2)",0.0,0.0,0.0,0.0,0.0,10.390338109806063,15.505437755832773,27.436738144320284,8.32350061890403e-14,0.0,2.2737367544323206e-13,4.161750309452015e-14,2.2737367544323206e-13,ok
sample_000728,"(224, 2)","(224, 2)",0.0,0.0,0.0,0.0,0.0,11.517198049004369,12.787970910195172,26.065720784202412,1.5276668818842154e-13,3.410605131648481e-13,7.958078640513122e-13,7.638334409421077e-14,7.958078640513122e-13,ok
sample_000729,"(224, 2)","(224, 2)",0.0,0.0,0.0,0.0,0.0,8.745116817384728,12.895227799461441,25.14217373259514,1.522591576628786e-14,5.684341886080802e-14,1.1368683772161603e-13,7.61295788314393e-15,1.1368683772161603e-13,ok
sample_000730,"(224, 2)","(224, 2)",0.0,0.0,0.0,0.0,0.0,11.265464451470438,9.810265032097728,27.376621413169293,0.0,0.0,0.0,0.0,0.0,ok
sample_000731,"(224, 2)","(224, 2)",0.0,0.0,0.0,0.0,0.0,8.99640848335714,19.38260302436163,29.25400827237172,0.0,0.0,0.0,0.0,0.0,ok
sample_000732,"(224, 2)","(224, 2)",0.0,0.0,0.0,0.0,0.0,7.07133782589633,5.231538970513408,24.263604431328837,5.329070518200751e-15,2.842170943040401e-14,1.7053025658242404e-13,2.6645352591003757e-15,1.7053025658242404e-13,ok
sample_000733,"(224, 2)","(224, 2)",0.0,0.0,0.0,0.0,0.0,11.991155122346441,11.249355537096317,27.75941281799729,2.3092638912203256e-14,0.0,1.1368683772161603e-13,1.1546319456101628e-14,1.1368683772161603e-13,ok
sample_000734,"(224, 2)","(224, 2)",0.0,0.0,0.0,0.0,0.0,11.647093542195709,0.041231056256139105,26.484646495658716,3.501867249347858e-14,2.2737367544323206e-13,2.2737367544323206e-13,1.7620825433693557e-14,2.2737367544323206e-13,ok
sample_000735,"(224, 2)","(224, 2)",0.0,0.0,0.0,0.0,0.0,12.160303590647803,13.071438329426641,27.623585936659435,0.0,0.0,0.0,0.0,0.0,ok
sample_000736,"(224, 2)","(224, 2)",0.0,0.0,0.0,0.0,0.0,12.153400827063331,21.13863997517356,21.621345934053316,0.0,0.0,0.0,0.0,0.0,ok
sample_000737,"(224, 2)","(224, 2)",0.0,0.0,0.0,0.0,0.0,10.89516063952409,11.61933302732995,30.20798073357435,6.115742832792291e-14,1.1368683772161603e-13,1.1368683772161603e-13,3.0578714163961456e-14,1.1368683772161603e-13,ok
sample_000738,"(224, 2)","(224, 2)",0.0,0.0,0.0,0.0,0.0,10.691731037438533,12.470324775241421,27.52815286211554,9.516197353929913e-14,6.252776074688882e-13,6.252776074688882e-13,4.7580986769649564e-14,6.252776074688882e-13,ok
sample_000739,"(224, 2)","(224, 2)",0.0,0.0,0.0,0.0,0.0,11.600138572400393,0.0,28.844996099843886,4.786567967382131e-13,1.7834622667578515e-12,1.836752971939859e-12,2.3932839836910653e-13,1.836752971939859e-12,ok
sample_000740,"(224, 2)","(224, 2)",0.0,0.0,0.0,0.0,0.0,8.395555305950875,0.36878177829171305,24.760074717173257,0.0,0.0,0.0,0.0,0.0,ok
sample_000741,"(224, 2)","(224, 2)",0.0,0.0,0.0,0.0,0.0,8.153695708864943,2.9830353668705607,24.944332021523405,1.3195793664116147e-14,0.0,1.1368683772161603e-13,6.597896832058073e-15,1.1368683772161603e-13,ok
sample_000742,"(224, 2)","(224, 2)",0.0,0.0,0.0,0.0,0.0,10.364614882909828,6.609114918050685,25.82484075459127,4.161750309452015e-14,2.2737367544323206e-13,2.2737367544323206e-13,2.0808751547260076e-14,2.2737367544323206e-13,ok
sample_000743,"(224, 2)","(224, 2)",0.0,0.0,0.0,0.0,0.0,11.460905289879946,10.702957535186268,31.306296491281074,2.772385495778248e-14,2.842170943040401e-14,5.684341886080802e-14,1.386192747889124e-14,5.684341886080802e-14,ok
sample_000744,"(224, 2)","(224, 2)",0.0,0.0,0.0,0.0,0.0,9.822512327721094,21.792934634876442,25.65630137022857,3.543197481446571e-14,0.0,1.1368683772161603e-13,1.7715987407232856e-14,1.1368683772161603e-13,ok
sample_000745,"(224, 2)","(224, 2)",0.0,0.0,0.0,0.0,0.0,9.018772367475203,2.46902814888774,23.2642601429747,0.0,0.0,0.0,0.0,0.0,ok
sample_000746,"(224, 2)","(224, 2)",0.0,0.0,0.0,0.0,0.0,11.3137481062813,24.868152323805766,25.31018767216087,1.2688263138573217e-16,0.0,2.842170943040401e-14,6.344131569286608e-17,2.842170943040401e-14,ok
sample_000747,"(224, 2)","(224, 2)",0.0,0.0,0.0,0.0,0.0,10.085499507228409,13.950874524559387,31.374213934376133,1.431236082031059e-13,9.094947017729282e-13,1.0231815394945443e-12,7.156180410155295e-14,1.0231815394945443e-12,ok
sample_000748,"(224, 2)","(224, 2)",0.0,0.0,0.0,0.0,0.0,10.600106902010916,8.136860573956007,28.949075978345217,2.6560499831264546e-13,3.694822225952521e-13,6.004086117172847e-13,1.3280249915632273e-13,6.004086117172847e-13,ok
sample_000749,"(224, 2)","(224, 2)",0.0,0.0,0.0,0.0,0.0,10.661189138234134,6.060404276944024,24.272537980194873,2.030122102171715e-14,0.0,2.2737367544323206e-13,1.0150610510858574e-14,2.2737367544323206e-13,ok
sample_000750,"(224, 2)","(224, 2)",0.0,0.0,0.0,0.0,0.0,11.327804742074743,0.0,32.68119489859573,6.800909042275244e-14,4.547473508864641e-13,6.821210263296962e-13,3.400454521137622e-14,6.821210263296962e-13,ok
sample_000751,"(224, 2)","(224, 2)",0.0,0.0,0.0,0.0,0.0,8.633589361041118,9.517667781552428,27.834160666346772,5.075305255429287e-16,0.0,1.1368683772161603e-13,2.5376526277146434e-16,1.1368683772161603e-13,ok
sample_000752,"(224, 2)","(224, 2)",0.0,0.0,0.0,0.0,0.0,10.796369253652367,6.467920840579212,32.95861192465483,5.189499623676446e-14,0.0,2.2737367544323206e-13,2.594749811838223e-14,2.2737367544323206e-13,ok
sample_000753,"(224, 2)","(224, 2)",0.0,0.0,0.0,0.0,0.0,9.003633883085932,0.7158910531638335,25.569892451866163,2.5376526277146434e-16,0.0,2.842170943040401e-14,1.2688263138573217e-16,2.842170943040401e-14,ok
sample_000754,"(224, 2)","(224, 2)",0.0,0.0,0.0,0.0,0.0,8.370904168145769,1.454991408909352,27.797733720575113,5.075305255429287e-16,0.0,1.1368683772161603e-13,2.5376526277146434e-16,1.1368683772161603e-13,ok
sample_000755,"(224, 2)","(224, 2)",0.0,0.0,0.0,0.0,0.0,9.98063695715596,0.0,24.60037398089712,6.432949411256622e-14,4.263256414560601e-13,5.115907697472721e-13,3.216474705628311e-14,5.115907697472721e-13,ok
sample_000756,"(224, 2)","(224, 2)",0.0,0.0,0.0,0.0,0.0,8.691037673160684,14.724870118272673,28.6040556564975,8.260059303211165e-14,1.1368683772161603e-13,1.1368683772161603e-13,4.1300296516055823e-14,1.1368683772161603e-13,ok
sample_000757,"(224, 2)","(224, 2)",0.0,0.0,0.0,0.0,0.0,9.21405402745916,0.0,26.699546812633336,5.4305766233093374e-14,0.0,4.547473508864641e-13,2.7152883116546687e-14,4.547473508864641e-13,ok
sample_000758,"(224, 2)","(224, 2)",0.0,0.0,0.0,0.0,0.0,15.177407613389063,6.738560677177294,28.72076774739833,1.9141321963561693e-13,6.386984823121859e-13,7.190186943645084e-13,1.0201363563412867e-13,6.821210263296962e-13,ok
sample_000759,"(224, 2)","(224, 2)",0.0,0.0,0.0,0.0,0.0,10.187818460321722,2.541692349597069,28.69108746631952,5.024552202874994e-14,2.2737367544323206e-13,2.2737367544323206e-13,2.512276101437497e-14,2.2737367544323206e-13,ok
sample_000760,"(224, 2)","(224, 2)",0.0,0.0,0.0,0.0,0.0,9.473095937510477,1.1164676439555925,26.026572959189217,1.0658141036401503e-14,0.0,1.1368683772161603e-13,5.329070518200751e-15,1.1368683772161603e-13,ok
sample_000761,"(224, 2)","(224, 2)",0.0,0.0,0.0,0.0,0.0,8.165260840117488,7.0116759765407854,29.059107006238246,7.105427357601002e-15,2.2737367544323206e-13,2.2737367544323206e-13,3.552713678800501e-15,2.2737367544323206e-13,ok
sample_000762,"(224, 2)","(224, 2)",0.0,0.0,0.0,0.0,0.0,9.414613645132903,6.849036428578818,28.59684772837737,2.4361465226060576e-14,2.2737367544323206e-13,2.2737367544323206e-13,1.2180732613030288e-14,2.2737367544323206e-13,ok
sample_000763,"(224, 2)","(224, 2)",0.0,0.0,0.0,0.0,0.0,11.101238499458928,9.743069331581442,26.928267675437088,5.671653622942228e-14,2.2737367544323206e-13,2.2737367544323206e-13,2.835826811471114e-14,2.2737367544323206e-13,ok
sample_000764,"(224, 2)","(224, 2)",0.0,0.0,0.0,0.0,0.0,8.209098123339903,7.915257418429287,27.634941650019897,5.075305255429287e-15,3.410605131648481e-13,3.410605131648481e-13,2.5376526277146436e-15,3.410605131648481e-13,ok
sample_000765,"(224, 2)","(224, 2)",0.0,0.0,0.0,0.0,0.0,8.846652707293105,10.912836478203108,26.600084586331526,2.4064160727515875e-14,0.0,1.6077746776921858e-13,1.2180732613030288e-14,1.1368683772161603e-13,ok
sample_000766,"(224, 2)","(224, 2)",0.0,0.0,0.0,0.0,0.0,9.753423081306533,11.560276813294744,26.1773356169034,3.7557258890176723e-14,6.252776074688882e-13,6.252776074688882e-13,1.8778629445088362e-14,6.252776074688882e-13,ok
sample_000767,"(224, 2)","(224, 2)",0.0,0.0,0.0,0.0,0.0,8.860191318321302,11.309792217366292,25.145926111400016,1.2231485665584582e-13,5.684341886080801e-13,5.684341886080801e-13,6.115742832792291e-14,5.684341886080801e-13,ok
sample_000768,"(224, 2)","(224, 2)",0.0,0.0,0.0,0.0,0.0,12.449980468519337,11.224014433347861,26.69802427146982,1.8778629445088362e-14,0.0,1.1368683772161603e-13,9.389314722544181e-15,1.1368683772161603e-13,ok
sample_000769,"(224, 2)","(224, 2)",0.0,0.0,0.0,0.0,0.0,10.110009558539343,7.375533878981218,24.861691414704506,1.7256037868459575e-14,0.0,2.2737367544323206e-13,8.628018934229787e-15,2.2737367544323206e-13,ok
sample_000770,"(224, 2)","(224, 2)",0.0,0.0,0.0,0.0,0.0,8.809541376159329,0.0,27.956374943829974,0.0,0.0,0.0,0.0,0.0,ok
sample_000771,"(224, 2)","(224, 2)",0.0,0.0,0.0,0.0,0.0,9.43517617951322,18.478758075152047,26.841628117534132,2.7109343880773446e-14,0.0,1.6077746776921858e-13,1.3703324189659075e-14,1.1368683772161603e-13,ok
sample_000772,"(224, 2)","(224, 2)",0.0,0.0,0.0,0.0,0.0,7.920131526124453,21.596890979953585,27.132777226078435,2.4361465226060576e-14,1.5631940186722204e-13,2.6290081223123707e-13,1.2180732613030288e-14,2.6290081223123707e-13,ok
sample_000773,"(224, 2)","(224, 2)",0.0,0.0,0.0,0.0,0.0,13.385230252319985,11.601465424678045,26.744481673795832,2.0794356074081285e-13,1.2061659148186518e-12,1.2274098754510978e-12,1.2662886612296072e-13,9.947598300641403e-13,ok
sample_000774,"(224, 2)","(224, 2)",0.0,0.0,0.0,0.0,0.0,11.731989513928157,12.624056400380983,26.47016811431325,2.0757998494705785e-13,4.547473508864641e-13,9.094947017729282e-13,1.0378999247352892e-13,9.094947017729282e-13,ok
sample_000775,"(224, 2)","(224, 2)",0.0,0.0,0.0,0.0,0.0,10.18310943982722,25.506518774619185,25.863048930858888,2.773538643663325e-13,6.821210263296962e-13,1.1368683772161603e-12,1.391902466301482e-13,1.1368683772161603e-12,ok
sample_000776,"(224, 2)","(224, 2)",0.0,0.0,0.0,0.0,0.0,12.665944298044563,25.58677783543694,30.681883905653713,1.522591576628786e-14,0.0,2.2737367544323206e-13,7.61295788314393e-15,2.2737367544323206e-13,ok
sample_000777,"(224, 2)","(224, 2)",0.0,0.0,0.0,0.0,0.0,10.032152907618913,0.0,27.560306602068195,7.105427357601002e-15,0.0,2.2737367544323206e-13,3.552713678800501e-15,2.2737367544323206e-13,ok
sample_000778,"(224, 2)","(224, 2)",0.0,0.0,0.0,0.0,0.0,8.729091250903407,9.543715209497828,27.056261752134272,2.0681868915874344e-14,3.410605131648481e-13,3.410605131648481e-13,1.0340934457937172e-14,3.410605131648481e-13,ok
sample_000779,"(224, 2)","(224, 2)",0.0,0.0,0.0,0.0,0.0,10.620155845028961,22.43133968357667,24.983268401071744,1.8271098919545434e-13,1.1368683772161603e-13,6.821210263296962e-13,9.135549459772717e-14,6.821210263296962e-13,ok
sample_000780,"(224, 2)","(224, 2)",0.0,0.0,0.0,0.0,0.0,7.4392192510557456,13.64722682452369,21.919911039965463,1.0150610510858574e-15,5.684341886080802e-14,5.684341886080802e-14,5.075305255429287e-16,5.684341886080802e-14,ok
sample_000781,"(224, 2)","(224, 2)",0.0,0.0,0.0,0.0,0.0,8.457151954129989,16.86929755502583,28.93995507943991,4.555086466747785e-14,1.1368683772161603e-13,3.979039320256561e-13,2.2775432333738925e-14,3.979039320256561e-13,ok
sample_000782,"(224, 2)","(224, 2)",0.0,0.0,0.0,0.0,0.0,9.79490108595685,17.66977362616739,23.561400637483462,5.41027540228762e-13,1.7053025658242404e-12,1.8189894035458565e-12,2.70513770114381e-13,1.8189894035458565e-12,ok
sample_000783,"(224, 2)","(224, 2)",0.0,0.0,0.0,0.0,0.0,4.848445458405829,0.0,31.226206942246414,0.0,0.0,0.0,0.0,0.0,ok
sample_000784,"(224, 2)","(224, 2)",0.0,0.0,0.0,0.0,0.0,9.757791466367602,0.0,29.977626657225667,7.61295788314393e-15,0.0,1.1368683772161603e-13,3.806478941571965e-15,1.1368683772161603e-13,ok
sample_000785,"(224, 2)","(224, 2)",0.0,0.0,0.0,0.0,0.0,7.514681612674886,0.0,26.552295569310143,6.090366306515144e-15,1.1368683772161603e-13,2.2737367544323206e-13,3.045183153257572e-15,2.2737367544323206e-13,ok
sample_000786,"(224, 2)","(224, 2)",0.0,0.0,0.0,0.0,0.0,12.180557118011492,4.5169237319221995,27.665270647510393,6.109713510353041e-14,1.1368683772161603e-13,2.0495186137532011e-13,3.102280337381152e-14,1.7053025658242404e-13,ok
sample_000787,"(224, 2)","(224, 2)",0.0,0.0,0.0,0.0,0.0,11.264627336515224,11.164967532420158,26.68936117631875,7.105427357601002e-14,2.2737367544323206e-13,2.2737367544323206e-13,3.552713678800501e-14,2.2737367544323206e-13,ok
sample_000788,"(224, 2)","(224, 2)",0.0,0.0,0.0,0.0,0.0,11.77898147913984,0.0,28.15248656868509,4.542398203609212e-14,3.410605131648481e-13,4.547473508864641e-13,2.271199101804606e-14,4.547473508864641e-13,ok
sample_000789,"(224, 2)","(224, 2)",0.0,0.0,0.0,0.0,0.0,10.027865005240448,20.516807743896337,27.271835288443633,6.19187241162373e-14,2.8421709430404007e-13,4.547473508864641e-13,3.095936205811865e-14,4.547473508864641e-13,ok
sample_000790,"(224, 2)","(224, 2)",0.0,0.0,0.0,0.0,0.0,11.792569281769945,11.7765275017723,27.46994175457963,5.684341886080802e-14,2.2737367544323206e-13,5.115907697472721e-13,2.842170943040401e-14,5.115907697472721e-13,ok
sample_000791,"(224, 2)","(224, 2)",0.0,0.0,0.0,0.0,0.0,10.981354230954391,10.93702427536858,28.437610659125383,2.5376526277146436e-13,3.410605131648481e-13,7.389644451905042e-13,1.2688263138573218e-13,7.389644451905042e-13,ok
sample_000792,"(224, 2)","(224, 2)",0.0,0.0,0.0,0.0,0.0,13.817088652534611,10.497852161275677,27.016013769614545,1.3054117409788963e-13,5.084229945850415e-13,5.859285502108464e-13,7.530484172743205e-14,5.684341886080801e-13,ok
sample_000793,"(224, 2)","(224, 2)",0.0,0.0,0.0,0.0,0.0,9.91467799003375,18.058828865682266,23.19712266639993,4.758098676964956e-15,0.0,5.684341886080802e-14,2.379049338482478e-15,5.684341886080802e-14,ok
sample_000794,"(224, 2)","(224, 2)",0.0,0.0,0.0,0.0,0.0,10.813189515245698,7.120990099698204,28.11034862821879,4.567774729886359e-15,2.2737367544323206e-13,2.2737367544323206e-13,2.2838873649431793e-15,2.2737367544323206e-13,ok
sample_000795,"(224, 2)","(224, 2)",0.0,0.0,0.0,0.0,0.0,9.085474253897795,5.513637637712519,27.664392275992473,0.0,0.0,0.0,0.0,0.0,ok
sample_000796,"(224, 2)","(224, 2)",0.0,0.0,0.0,0.0,0.0,9.24924261788201,12.849455241371142,27.209325607225118,1.324654671667044e-13,6.252776074688882e-13,6.821210263296962e-13,6.62327335833522e-14,6.821210263296962e-13,ok
sample_000797,"(224, 2)","(224, 2)",0.0,0.0,0.0,0.0,0.0,10.693533903448046,9.765454418510318,27.441563366543114,2.1062516810031542e-14,5.684341886080802e-14,1.1368683772161603e-13,1.0531258405015771e-14,1.1368683772161603e-13,ok
sample_000798,"(224, 2)","(224, 2)",0.0,0.0,0.0,0.0,0.0,9.628270181791525,12.137779862890891,29.75706470739342,8.566163651429243e-14,5.364597654988756e-13,5.684341886080801e-13,4.2830818257146217e-14,5.684341886080801e-13,ok
sample_000799,"(224, 2)","(224, 2)",0.0,0.0,0.0,0.0,0.0,9.64189425714127,23.51677061162945,28.450760974005625,0.0,0.0,0.0,0.0,0.0,ok
sample_000800,"(224, 2)","(224, 2)",0.0,0.0,0.0,0.0,0.0,10.673615519414744,16.756043685786977,33.20584285935234,0.0,0.0,0.0,0.0,0.0,ok
sample_000801,"(224, 2)","(224, 2)",0.0,0.0,0.0,0.0,0.0,10.700121187145374,13.111388179746683,27.91027409396041,2.1049828546892968e-13,1.0800249583553523e-12,1.1368683772161603e-12,1.0524914273446484e-13,1.1368683772161603e-12,ok
sample_000802,"(224, 2)","(224, 2)",0.0,0.0,0.0,0.0,0.0,8.606369449878322,18.555392747123413,23.389442062605923,2.5376526277146434e-16,0.0,2.842170943040401e-14,1.2688263138573217e-16,2.842170943040401e-14,ok
sample_000803,"(224, 2)","(224, 2)",0.0,0.0,0.0,0.0,0.0,10.646974960570743,0.43931765272982143,26.08249412920486,0.0,0.0,0.0,0.0,0.0,ok
sample_000804,"(224, 2)","(224, 2)",0.0,0.0,0.0,0.0,0.0,13.121011744691241,0.0,21.857154435104317,6.90241164174194e-14,4.687428401686771e-13,6.821210263296962e-13,3.62884325763194e-14,6.821210263296962e-13,ok
sample_000805,"(224, 2)","(224, 2)",0.0,0.0,0.0,0.0,0.0,13.806236988448761,5.532494916400671,26.650352718115933,1.088652977289582e-13,7.958078640513122e-13,8.526512829121202e-13,5.44326488644791e-14,8.526512829121202e-13,ok
sample_000806,"(224, 2)","(224, 2)",0.0,0.0,0.0,0.0,0.0,8.958983533509185,0.060827625302926874,25.215695508948468,1.0150610510858574e-15,0.0,2.2737367544323206e-13,5.075305255429287e-16,2.2737367544323206e-13,ok
sample_000807,"(224, 2)","(224, 2)",0.0,0.0,0.0,0.0,0.0,8.97001746935919,9.84868011461434,28.607609127643105,1.0758558045375063e-13,6.821210263296962e-13,9.112693272687351e-13,5.557459254695069e-14,9.094947017729282e-13,ok
sample_000808,"(224, 2)","(224, 2)",0.0,0.0,0.0,0.0,0.0,13.710240580637272,17.926128974209686,27.052282713294282,3.298948416029037e-14,0.0,4.547473508864641e-13,1.6494742080145184e-14,4.547473508864641e-13,ok
sample_000809,"(224, 2)","(224, 2)",0.0,0.0,0.0,0.0,0.0,7.896188385813255,7.115180953426535,31.445751700348943,0.0,0.0,0.0,0.0,0.0,ok
sample_000810,"(224, 2)","(224, 2)",0.0,0.0,0.0,0.0,0.0,7.204749489304456,12.167238799333207,25.432837041903124,0.0,0.0,0.0,0.0,0.0,ok
sample_000811,"(224, 2)","(224, 2)",0.0,0.0,0.0,0.0,0.0,8.83636377877266,4.8600925917106075,22.689050222519178,6.255313727316596e-14,5.968558980384842e-13,6.821210263296962e-13,3.127656863658298e-14,6.821210263296962e-13,ok
sample_000812,"(224, 2)","(224, 2)",0.0,0.0,0.0,0.0,0.0,10.487901302635786,21.66239368121624,27.037547965745603,2.334640417497472e-14,0.0,1.1368683772161603e-13,1.167320208748736e-14,1.1368683772161603e-13,ok
sample_000813,"(224, 2)","(224, 2)",0.0,0.0,0.0,0.0,0.0,13.073197355729251,16.100959598731947,24.612586211123883,7.490716213205135e-14,6.821210263296962e-13,6.821210263296962e-13,3.8572319941262583e-14,6.821210263296962e-13,ok
sample_000814,"(224, 2)","(224, 2)",0.0,0.0,0.0,0.0,0.0,8.60665351187914,6.286111675749971,27.52663437472869,4.517021677332065e-14,0.0,1.1368683772161603e-13,2.2585108386660326e-14,1.1368683772161603e-13,ok
sample_000815,"(224, 2)","(224, 2)",0.0,0.0,0.0,0.0,0.0,9.40782349916552,6.138607333915376,28.34467322090691,1.5175162713733569e-13,6.821210263296962e-13,7.958078640513122e-13,7.587581356866784e-14,7.958078640513122e-13,ok
sample_000816,"(224, 2)","(224, 2)",0.0,0.0,0.0,0.0,0.0,6.656954100379029,0.36878177829171305,19.906594384776138,1.2688263138573217e-16,0.0,2.842170943040401e-14,6.344131569286608e-17,2.842170943040401e-14,ok
sample_000817,"(224, 2)","(224, 2)",0.0,0.0,0.0,0.0,0.0,8.185600370665409,14.791757840094656,24.51336982138529,0.0,0.0,0.0,0.0,0.0,ok
sample_000818,"(224, 2)","(224, 2)",0.0,0.0,0.0,0.0,0.0,11.993471188390277,19.436954493953014,31.85516127725619,1.2262360125083554e-13,5.684341886080802e-14,6.821210263296962e-13,6.255313727316596e-14,6.821210263296962e-13,ok
sample_000819,"(224, 2)","(224, 2)",0.0,0.0,0.0,0.0,0.0,10.778764524303302,14.099716309202803,28.919757951960737,8.247371040072592e-14,2.2737367544323206e-13,5.115907697472721e-13,4.123685520036296e-14,5.115907697472721e-13,ok
sample_000820,"(224, 2)","(224, 2)",0.0,0.0,0.0,0.0,0.0,11.889342071873472,15.320655991177338,23.719513064141925,2.0307145468078024e-13,5.684341886080801e-13,7.190186943645084e-13,1.1248145272345157e-13,6.821210263296962e-13,ok
sample_000821,"(224, 2)","(224, 2)",0.0,0.0,0.0,0.0,0.0,7.354524779836351,25.826006272747495,25.826006272747495,7.61295788314393e-16,0.0,5.684341886080802e-14,3.806478941571965e-16,5.684341886080802e-14,ok
sample_000822,"(224, 2)","(224, 2)",0.0,0.0,0.0,0.0,0.0,9.730542791297117,0.0,24.163784885650692,4.529709940470639e-14,0.0,1.1368683772161603e-13,2.2648549702353193e-14,1.1368683772161603e-13,ok
sample_000823,"(224, 2)","(224, 2)",0.0,0.0,0.0,0.0,0.0,11.602493580412661,0.0,26.99616639450864,0.0,0.0,0.0,0.0,0.0,ok
sample_000824,"(224, 2)","(224, 2)",0.0,0.0,0.0,0.0,0.0,10.553697441070522,10.098915783389685,27.395548908536206,5.075305255429287e-14,0.0,2.2737367544323206e-13,2.5376526277146437e-14,2.2737367544323206e-13,ok
sample_000825,"(224, 2)","(224, 2)",0.0,0.0,0.0,0.0,0.0,12.453942722092405,0.02236067977497756,24.022583125051245,9.18630251232701e-14,2.2737367544323206e-13,2.2737367544323206e-13,4.593151256163505e-14,2.2737367544323206e-13,ok
sample_000826,"(224, 2)","(224, 2)",0.0,0.0,0.0,0.0,0.0,11.29579298217811,12.7015747055237,26.775752090277496,4.6036625575134164e-14,1.1368683772161603e-13,4.547473508864641e-13,2.3092638912203256e-14,4.547473508864641e-13,ok
sample_000827,"(224, 2)","(224, 2)",0.0,0.0,0.0,0.0,0.0,8.87397023463869,11.41014460907484,29.931608710525545,2.842170943040401e-14,0.0,2.2737367544323206e-13,1.4210854715202004e-14,2.2737367544323206e-13,ok
sample_000828,"(224, 2)","(224, 2)",0.0,0.0,0.0,0.0,0.0,10.070765736954755,14.154857823376355,26.28057267260344,9.440067775098474e-14,1.1368683772161603e-13,3.410605131648481e-13,4.720033887549237e-14,3.410605131648481e-13,ok
sample_000829,"(224, 2)","(224, 2)",0.0,0.0,0.0,0.0,0.0,11.053405457126981,0.0,22.91154512467482,0.0,0.0,0.0,0.0,0.0,ok
sample_000830,"(224, 2)","(224, 2)",0.0,0.0,0.0,0.0,0.0,10.213309291468912,21.998102190870913,22.519014188014477,0.0,0.0,0.0,0.0,0.0,ok
sample_000831,"(224, 2)","(224, 2)",0.0,0.0,0.0,0.0,0.0,9.29814479918433,0.0,22.817580941020026,5.83660104374368e-15,0.0,5.684341886080802e-14,2.91830052187184e-15,5.684341886080802e-14,ok
sample_000832,"(224, 2)","(224, 2)",0.0,0.0,0.0,0.0,0.0,13.564107233313106,0.0,26.25448723551851,1.3086029227303423e-13,6.12222357532858e-13,6.821210263296962e-13,7.663710935698224e-14,6.821210263296962e-13,ok
sample_000833,"(224, 2)","(224, 2)",0.0,0.0,0.0,0.0,0.0,9.011961453547514,0.0,26.752205516555094,2.2179083966225985e-13,1.3642420526593924e-12,1.3642420526593924e-12,1.1089541983112993e-13,1.3642420526593924e-12,ok
sample_000834,"(224, 2)","(224, 2)",0.0,0.0,0.0,0.0,0.0,8.929531284081774,11.649489259190561,24.99950599511919,0.0,0.0,0.0,0.0,0.0,ok
sample_000835,"(224, 2)","(224, 2)",0.0,0.0,0.0,0.0,0.0,9.822157598586873,25.141847585251202,25.982567232665875,0.0,0.0,0.0,0.0,0.0,ok
sample_000836,"(224, 2)","(224, 2)",0.0,0.0,0.0,0.0,0.0,8.975075992669915,0.0,22.590699413696765,2.0301221021717147e-15,0.0,1.1368683772161603e-13,1.0150610510858574e-15,1.1368683772161603e-13,ok
sample_000837,"(224, 2)","(224, 2)",0.0,0.0,0.0,0.0,0.0,8.920477619127947,0.0,29.291910145976967,2.2229837018780277e-13,6.821210263296962e-13,6.821210263296962e-13,1.1114918509390138e-13,6.821210263296962e-13,ok
sample_000838,"(224, 2)","(224, 2)",0.0,0.0,0.0,0.0,0.0,9.83363375851712,8.420380038929432,26.886608190695828,3.552713678800501e-15,0.0,1.1368683772161603e-13,1.7763568394002505e-15,1.1368683772161603e-13,ok
sample_000839,"(224, 2)","(224, 2)",0.0,0.0,0.0,0.0,0.0,8.228997759090024,1.0811567878896373,27.060266074079895,0.0,0.0,0.0,0.0,0.0,ok
sample_000840,"(224, 2)","(224, 2)",0.0,0.0,0.0,0.0,0.0,11.132313974044807,0.0,22.90644014245779,0.0,0.0,0.0,0.0,0.0,ok
sample_000841,"(224, 2)","(224, 2)",0.0,0.0,0.0,0.0,0.0,8.026049624629849,0.0,27.367763883810568,0.0,0.0,0.0,0.0,0.0,ok
sample_000842,"(224, 2)","(224, 2)",0.0,0.0,0.0,0.0,0.0,7.390469319039718,8.070619554904008,22.521989254948316,0.0,0.0,0.0,0.0,0.0,ok
sample_000843,"(224, 2)","(224, 2)",0.0,0.0,0.0,0.0,0.0,8.81123081474063,6.095941272683051,26.349834914093847,3.3497014685833295e-14,1.1368683772161603e-13,4.547473508864641e-13,1.6748507342916648e-14,4.547473508864641e-13,ok
sample_000844,"(224, 2)","(224, 2)",0.0,0.0,0.0,0.0,0.0,12.12631388152251,12.066320897440098,28.091696281997592,1.000135722327643e-13,1.1368683772161603e-13,7.958078640513122e-13,5.176811360537873e-14,7.958078640513122e-13,ok
sample_000845,"(224, 2)","(224, 2)",0.0,0.0,0.0,0.0,0.0,12.021708840623129,12.58638152925617,26.52646225941165,7.961885119454693e-15,1.7053025658242404e-13,1.7053025658242404e-13,3.980942559727347e-15,1.7053025658242404e-13,ok
sample_000846,"(224, 2)","(224, 2)",0.0,0.0,0.0,0.0,0.0,6.681923800986378,0.0,26.948426670215785,0.0,0.0,0.0,0.0,0.0,ok
sample_000847,"(224, 2)","(224, 2)",0.0,0.0,0.0,0.0,0.0,8.96464856647597,5.275954889875385,23.237824769112922,3.654219783909087e-14,4.547473508864641e-13,4.547473508864641e-13,1.8271098919545435e-14,4.547473508864641e-13,ok
sample_000848,"(224, 2)","(224, 2)",0.0,0.0,0.0,0.0,0.0,11.931035614978436,8.57070592191792,26.04443318638366,8.055698002099543e-14,3.595093471822542e-13,5.084229945850415e-13,4.33938599339204e-14,4.547473508864641e-13,ok
sample_000849,"(224, 2)","(224, 2)",0.0,0.0,0.0,0.0,0.0,9.043561641954557,15.518830497173361,24.09091114922794,1.8677123339979776e-13,1.0231815394945443e-12,1.0231815394945443e-12,9.338561669989888e-14,1.0231815394945443e-12,ok
sample_000850,"(224, 2)","(224, 2)",0.0,0.0,0.0,0.0,0.0,10.466953783564767,12.392715602320587,29.30400825825709,1.9032394707859825e-16,0.0,2.842170943040401e-14,9.516197353929913e-17,2.842170943040401e-14,ok
sample_000851,"(224, 2)","(224, 2)",0.0,0.0,0.0,0.0,0.0,13.616553034641703,0.0,26.50109431702776,0.0,0.0,0.0,0.0,0.0,ok
sample_000852,"(224, 2)","(224, 2)",0.0,0.0,0.0,0.0,0.0,6.815980369173563,6.736772224144133,23.269037367282696,3.045183153257572e-15,1.7053025658242404e-13,1.7053025658242404e-13,1.522591576628786e-15,1.7053025658242404e-13,ok
sample_000853,"(224, 2)","(224, 2)",0.0,0.0,0.0,0.0,0.0,7.94508065778669,0.0,22.52691945206894,0.0,0.0,0.0,0.0,0.0,ok
sample_000854,"(224, 2)","(224, 2)",0.0,0.0,0.0,0.0,0.0,7.509109046741746,0.0,24.23298991045056,1.2180732613030288e-14,0.0,2.2737367544323206e-13,6.090366306515144e-15,2.2737367544323206e-13,ok
sample_000855,"(224, 2)","(224, 2)",0.0,0.0,0.0,0.0,0.0,10.145543074328929,4.209857479772963,24.474333494499778,9.135549459772717e-15,2.2737367544323206e-13,2.2737367544323206e-13,4.567774729886359e-15,2.2737367544323206e-13,ok
sample_000856,"(224, 2)","(224, 2)",0.0,0.0,0.0,0.0,0.0,9.950423336943599,10.584181593302374,26.786184872056804,8.374253671458324e-15,0.0,5.684341886080802e-14,4.187126835729162e-15,5.684341886080802e-14,ok
sample_000857,"(224, 2)","(224, 2)",0.0,0.0,0.0,0.0,0.0,6.2893928068953375,3.313034862478787,26.97822269905868,0.0,0.0,0.0,0.0,0.0,ok
sample_000858,"(224, 2)","(224, 2)",0.0,0.0,0.0,0.0,0.0,8.618252210902934,22.581375068848168,27.848762988685817,9.440067775098474e-14,2.2737367544323206e-13,2.2737367544323206e-13,4.720033887549237e-14,2.2737367544323206e-13,ok
sample_000859,"(224, 2)","(224, 2)",0.0,0.0,0.0,0.0,0.0,9.43486119423574,22.832652057962896,25.455093792795193,1.0023727879472843e-14,8.526512829121202e-14,1.7053025658242404e-13,5.011863939736421e-15,1.7053025658242404e-13,ok
sample_000860,"(224, 2)","(224, 2)",0.0,0.0,0.0,0.0,0.0,11.163536503507718,11.464955298648144,27.121461981242774,0.0,0.0,0.0,0.0,0.0,ok
sample_000861,"(224, 2)","(224, 2)",0.0,0.0,0.0,0.0,0.0,10.273589455328263,11.730515760187203,23.80245785628027,1.4700675178247243e-13,4.1382633578908315e-13,7.476584436270687e-13,8.697804381491941e-14,7.389644451905042e-13,ok
sample_000862,"(224, 2)","(224, 2)",0.0,0.0,0.0,0.0,0.0,11.921693175832061,13.648809471891695,27.811438294342167,0.0,0.0,0.0,0.0,0.0,ok
sample_000863,"(224, 2)","(224, 2)",0.0,0.0,0.0,0.0,0.0,11.95692909485573,19.972623763541858,26.32420938983737,1.1006853594334063e-13,9.447813987773464e-13,1.0231815394945443e-12,5.551115123125783e-14,1.0231815394945443e-12,ok
sample_000864,"(224, 2)","(224, 2)",0.0,0.0,0.0,0.0,0.0,8.437380779546135,7.067538468236289,24.46275945186892,1.1776294225488267e-14,1.2256862191861728e-13,1.2256862191861728e-13,5.888147112744134e-15,1.2256862191861728e-13,ok
sample_000865,"(224, 2)","(224, 2)",0.0,0.0,0.0,0.0,0.0,10.236930109267323,0.0,27.32326481224374,0.0,0.0,0.0,0.0,0.0,ok
sample_000866,"(224, 2)","(224, 2)",0.0,0.0,0.0,0.0,0.0,6.632510651814877,16.41113036935601,26.106650493695994,4.897669571489262e-14,5.684341886080802e-14,1.7053025658242404e-13,2.448834785744631e-14,1.7053025658242404e-13,ok
sample_000867,"(224, 2)","(224, 2)",0.0,0.0,0.0,0.0,0.0,8.009499607625242,5.50567888638631,28.357032637425213,1.1419436824715897e-13,2.2737367544323206e-13,2.2737367544323206e-13,5.709718412357948e-14,2.2737367544323206e-13,ok
sample_000868,"(224, 2)","(224, 2)",0.0,0.0,0.0,0.0,0.0,10.497264567505242,6.161144374221498,29.667600172579014,3.552713678800501e-15,0.0,1.1368683772161603e-13,1.7763568394002505e-15,1.1368683772161603e-13,ok
sample_000869,"(224, 2)","(224, 2)",0.0,0.0,0.0,0.0,0.0,7.847812564318654,0.0,26.56220811604339,8.425006724012617e-14,3.410605131648481e-13,3.410605131648481e-13,4.2125033620063084e-14,3.410605131648481e-13,ok
sample_000870,"(224, 2)","(224, 2)",0.0,0.0,0.0,0.0,0.0,10.415251872061756,24.847840952485182,26.028618864626687,1.2434497875801753e-14,1.1368683772161603e-13,2.2737367544323206e-13,6.217248937900877e-15,2.2737367544323206e-13,ok
sample_000871,"(224, 2)","(224, 2)",0.0,0.0,0.0,0.0,0.0,9.454103397434418,14.512256888575326,22.533619327573675,4.821539992657823e-15,0.0,5.684341886080802e-14,2.4107699963289115e-15,5.684341886080802e-14,ok
sample_000872,"(224, 2)","(224, 2)",0.0,0.0,0.0,0.0,0.0,11.151250170593633,11.047244000202006,25.214767498432128,4.44153610215862e-14,2.5421149729252077e-13,3.8131724593878115e-13,2.4868995751603507e-14,3.410605131648481e-13,ok
sample_000873,"(224, 2)","(224, 2)",0.0,0.0,0.0,0.0,0.0,9.868049169021265,9.990895855727787,25.25577359733809,3.5273371525233546e-14,2.2737367544323206e-13,2.2737367544323206e-13,1.7636685762616773e-14,2.2737367544323206e-13,ok
sample_000874,"(224, 2)","(224, 2)",0.0,0.0,0.0,0.0,0.0,17.082052189342736,9.78526443178721,27.849554754070994,1.1975602055817162e-13,4.687428401686771e-13,1.061922699379318e-12,6.915103410522404e-14,1.0231815394945443e-12,ok
sample_000875,"(224, 2)","(224, 2)",0.0,0.0,0.0,0.0,0.0,7.589308700669748,9.963157130147072,24.947987894818294,1.0150610510858574e-15,1.1368683772161603e-13,1.1368683772161603e-13,5.075305255429287e-16,1.1368683772161603e-13,ok
sample_000876,"(224, 2)","(224, 2)",0.0,0.0,0.0,0.0,0.0,5.951027498487272,17.307686153845086,28.109800781933714,6.080215696004286e-13,1.0800249583553523e-12,1.1937117960769683e-12,3.040107848002143e-13,1.1937117960769683e-12,ok
sample_000877,"(224, 2)","(224, 2)",0.0,0.0,0.0,0.0,0.0,9.641469413612144,4.308746917608429,20.91795879143084,5.977174653400915e-14,2.5421149729252077e-13,2.5421149729252077e-13,3.0578714163961456e-14,2.2737367544323206e-13,ok
sample_000878,"(224, 2)","(224, 2)",0.0,0.0,0.0,0.0,0.0,12.466800779984528,17.848789874946775,31.011367270728357,5.075305255429287e-16,0.0,1.1368683772161603e-13,2.5376526277146434e-16,1.1368683772161603e-13,ok
sample_000879,"(224, 2)","(224, 2)",0.0,0.0,0.0,0.0,0.0,16.467173698255017,5.0194123161979896,26.30194099301421,5.084212716332903e-13,1.5916157281026244e-12,1.946005200878027e-12,2.6834090505190034e-13,1.9326762412674725e-12,ok
sample_000880,"(224, 2)","(224, 2)",0.0,0.0,0.0,0.0,0.0,12.737385437547251,23.112916302362308,32.34575706333069,1.7763568394002505e-14,0.0,2.2737367544323206e-13,8.881784197001252e-15,2.2737367544323206e-13,ok
sample_000881,"(224, 2)","(224, 2)",0.0,0.0,0.0,0.0,0.0,3.3567470742845424,0.0,26.243734490350313,0.0,0.0,0.0,0.0,0.0,ok
sample_000882,"(224, 2)","(224, 2)",0.0,0.0,0.0,0.0,0.0,10.887534105449356,15.007694693056594,24.913259521788728,6.274927438648716e-14,4.2750823912715883e-13,5.796914039811764e-13,3.847715796772328e-14,5.684341886080801e-13,ok
sample_000883,"(224, 2)","(224, 2)",0.0,0.0,0.0,0.0,0.0,10.331266087525657,28.37958773484917,29.51259053353318,7.105427357601002e-15,0.0,2.2737367544323206e-13,3.552713678800501e-15,2.2737367544323206e-13,ok
sample_000884,"(224, 2)","(224, 2)",0.0,0.0,0.0,0.0,0.0,9.6106076014777,4.924428900898059,26.111032151180957,1.556252874886232e-13,4.0990372275064023e-13,6.821210263296962e-13,9.084796407218424e-14,6.821210263296962e-13,ok
sample_000885,"(224, 2)","(224, 2)",0.0,0.0,0.0,0.0,0.0,11.852442557172813,15.989712317612266,22.64185725597615,9.18630251232701e-14,4.263256414560601e-13,6.252776074688882e-13,4.593151256163505e-14,6.252776074688882e-13,ok
sample_000886,"(224, 2)","(224, 2)",0.0,0.0,0.0,0.0,0.0,8.581569153417002,0.0,26.999342584588874,2.0301221021717147e-15,0.0,1.1368683772161603e-13,1.0150610510858574e-15,1.1368683772161603e-13,ok
sample_000887,"(224, 2)","(224, 2)",0.0,0.0,0.0,0.0,0.0,3.961754818077275,4.6150297940532585,30.94758471997452,0.0,0.0,0.0,0.0,0.0,ok
sample_000888,"(224, 2)","(224, 2)",0.0,0.0,0.0,0.0,0.0,3.490618794122338,2.1512786895239664,25.82022656755744,0.0,0.0,0.0,0.0,0.0,ok
sample_000889,"(224, 2)","(224, 2)",0.0,0.0,0.0,0.0,0.0,9.884947274403613,0.1236931687686379,23.979218085667426,1.0658141036401503e-14,0.0,5.684341886080802e-14,5.329070518200751e-15,5.684341886080802e-14,ok
sample_000890,"(224, 2)","(224, 2)",0.0,0.0,0.0,0.0,0.0,8.781405023182826,0.0,32.40890309776021,1.2942028401344682e-14,5.684341886080802e-14,5.684341886080802e-14,6.471014200672341e-15,5.684341886080802e-14,ok
sample_000891,"(224, 2)","(224, 2)",0.0,0.0,0.0,0.0,0.0,4.267399403751788,0.0,27.06105134690823,0.0,0.0,0.0,0.0,0.0,ok
sample_000892,"(224, 2)","(224, 2)",0.0,0.0,0.0,0.0,0.0,12.14682142874382,4.359931192117527,25.092488916008293,1.3855583347321954e-13,3.410605131648481e-13,4.547473508864641e-13,6.927791673660977e-14,4.547473508864641e-13,ok
sample_000893,"(224, 2)","(224, 2)",0.0,0.0,0.0,0.0,0.0,7.567065483701861,4.955340553382601,30.072745135753756,1.0150610510858574e-15,0.0,1.1368683772161603e-13,5.075305255429287e-16,1.1368683772161603e-13,ok
sample_000894,"(224, 2)","(224, 2)",0.0,0.0,0.0,0.0,0.0,12.818451964766467,0.0,29.961316726739405,1.395708945243054e-15,0.0,5.684341886080802e-14,6.97854472621527e-16,5.684341886080802e-14,ok
sample_000895,"(224, 2)","(224, 2)",0.0,0.0,0.0,0.0,0.0,9.868030966608973,8.670668947664772,30.123447677847118,4.0348676780662834e-14,4.547473508864641e-13,4.547473508864641e-13,2.0174338390331417e-14,4.547473508864641e-13,ok
sample_000896,"(224, 2)","(224, 2)",0.0,0.0,0.0,0.0,0.0,9.477272156632521,11.709184429327316,31.992113090572865,3.370319896183511e-15,0.0,1.1368683772161603e-13,1.6851599480917555e-15,1.1368683772161603e-13,ok
sample_000897,"(224, 2)","(224, 2)",0.0,0.0,0.0,0.0,0.0,8.318281216296322,10.445137624751508,26.11090959733128,2.6391587328232294e-14,1.7053025658242404e-13,5.684341886080801e-13,1.3195793664116147e-14,5.684341886080801e-13,ok
sample_000898,"(224, 2)","(224, 2)",0.0,0.0,0.0,0.0,0.0,10.781362346157469,21.1295906254712,31.389533287387348,7.453389723567372e-14,2.5421149729252077e-13,5.796914039811764e-13,4.02217941492771e-14,5.684341886080801e-13,ok
sample_000899,"(224, 2)","(224, 2)",0.0,0.0,0.0,0.0,0.0,8.479703723760498,16.82413742216818,22.491015984165877,9.24498572934291e-14,1.1013412404281553e-13,3.979039320256561e-13,4.622492864671455e-14,3.979039320256561e-13,ok
sample_000900,"(224, 2)","(224, 2)",0.0,0.0,0.0,0.0,0.0,9.051795600479476,6.393246436670472,26.8780375027642,1.5860328923216523e-15,5.684341886080802e-14,5.684341886080802e-14,7.930164461608261e-16,5.684341886080802e-14,ok
sample_000901,"(224, 2)","(224, 2)",0.0,0.0,0.0,0.0,0.0,9.013598508016983,11.421002582960813,26.727577518361063,0.0,0.0,0.0,0.0,0.0,ok
sample_000902,"(224, 2)","(224, 2)",0.0,0.0,0.0,0.0,0.0,11.352910259645503,25.56721533526874,26.4053365818351,8.19352840331609e-14,2.2737367544323206e-13,2.2737367544323206e-13,4.168094441021302e-14,2.2737367544323206e-13,ok
sample_000903,"(224, 2)","(224, 2)",0.0,0.0,0.0,0.0,0.0,12.154643606819963,13.554224433732653,30.29680676242953,8.120488408686859e-15,0.0,2.2737367544323206e-13,4.0602442043434294e-15,2.2737367544323206e-13,ok
sample_000904,"(224, 2)","(224, 2)",0.0,0.0,0.0,0.0,0.0,5.27751915508265,2.6482069405542954,25.973627008948874,0.0,0.0,0.0,0.0,0.0,ok
sample_000905,"(224, 2)","(224, 2)",0.0,0.0,0.0,0.0,0.0,7.885046930886135,0.0,33.29325006664269,0.0,0.0,0.0,0.0,0.0,ok
sample_000906,"(224, 2)","(224, 2)",0.0,0.0,0.0,0.0,0.0,10.130721889003215,3.2310988842807196,30.96872131683851,2.4158453015843406e-13,3.979039320256561e-13,6.821210263296962e-13,1.2079226507921703e-13,6.821210263296962e-13,ok
sample_000907,"(224, 2)","(224, 2)",0.0,0.0,0.0,0.0,0.0,12.955362186392083,17.222276272316417,27.644494931179153,2.943677048148987e-14,0.0,2.2737367544323206e-13,1.4718385240744934e-14,2.2737367544323206e-13,ok
sample_000908,"(224, 2)","(224, 2)",0.0,0.0,0.0,0.0,0.0,15.578533169423562,4.341151920861535,30.895865419178772,1.3885190718211103e-13,4.687428401686771e-13,6.148555841259604e-13,7.72715225139109e-14,5.968558980384842e-13,ok
sample_000909,"(224, 2)","(224, 2)",0.0,0.0,0.0,0.0,0.0,8.604668146929928,14.471579043076169,28.02372209396895,4.314009467114894e-15,5.684341886080802e-14,1.7053025658242404e-13,2.157004733557447e-15,1.7053025658242404e-13,ok
sample_000910,"(224, 2)","(224, 2)",0.0,0.0,0.0,0.0,0.0,7.243215282008599,7.8267809474904455,24.612403377159115,1.1419436824715897e-15,0.0,5.684341886080802e-14,5.709718412357948e-16,5.684341886080802e-14,ok
sample_000911,"(224, 2)","(224, 2)",0.0,0.0,0.0,0.0,0.0,8.742845012612074,1.1709824934643354,22.51961145313125,3.8572319941262583e-14,0.0,2.2737367544323206e-13,1.9286159970631292e-14,2.2737367544323206e-13,ok
sample_000912,"(224, 2)","(224, 2)",0.0,0.0,0.0,0.0,0.0,8.267330556923795,13.241257493153764,26.661260285290272,5.887354096297974e-14,2.2737367544323206e-13,2.2737367544323206e-13,2.943677048148987e-14,2.2737367544323206e-13,ok
sample_000913,"(224, 2)","(224, 2)",0.0,0.0,0.0,0.0,0.0,9.316290553491415,2.534442739538813,23.617766617527643,9.85878045867139e-14,2.2737367544323206e-13,2.2737367544323206e-13,4.929390229335695e-14,2.2737367544323206e-13,ok
sample_000914,"(224, 2)","(224, 2)",0.0,0.0,0.0,0.0,0.0,9.685115227194789,0.0,31.604786029967105,9.135549459772717e-15,0.0,2.2737367544323206e-13,4.567774729886359e-15,2.2737367544323206e-13,ok
sample_000915,"(224, 2)","(224, 2)",0.0,0.0,0.0,0.0,0.0,7.0328754806389195,6.815049522930805,26.293698864937326,5.329070518200751e-15,1.7053025658242404e-13,2.2737367544323206e-13,2.6645352591003757e-15,2.2737367544323206e-13,ok
sample_000916,"(224, 2)","(224, 2)",0.0,0.0,0.0,0.0,0.0,7.6075752547655275,21.204350968610143,25.704493770545444,1.0150610510858574e-14,0.0,1.1368683772161603e-13,5.075305255429287e-15,1.1368683772161603e-13,ok
sample_000917,"(224, 2)","(224, 2)",0.0,0.0,0.0,0.0,0.0,11.526430127764664,6.597241847924089,27.549441010663,6.293378516732316e-14,2.2737367544323206e-13,4.547473508864641e-13,3.146689258366158e-14,4.547473508864641e-13,ok
sample_000918,"(224, 2)","(224, 2)",0.0,0.0,0.0,0.0,0.0,7.952804153353698,5.218630088442558,29.175349183857286,9.135549459772717e-15,2.2737367544323206e-13,2.2737367544323206e-13,4.567774729886359e-15,2.2737367544323206e-13,ok
sample_000919,"(224, 2)","(224, 2)",0.0,0.0,0.0,0.0,0.0,10.183489790727558,15.24427761489539,27.916034818720377,5.075305255429287e-14,0.0,1.1368683772161603e-13,2.5376526277146437e-14,1.1368683772161603e-13,ok
sample_000920,"(224, 2)","(224, 2)",0.0,0.0,0.0,0.0,0.0,7.268168731812965,14.045903317337759,24.9861821813578,1.167320208748736e-14,1.7053025658242404e-13,1.7053025658242404e-13,5.83660104374368e-15,1.7053025658242404e-13,ok
sample_000921,"(224, 2)","(224, 2)",0.0,0.0,0.0,0.0,0.0,9.99894092441437,12.353562239289458,25.98342741056309,5.760471464912241e-14,1.1368683772161603e-13,1.1368683772161603e-13,2.8802357324561206e-14,1.1368683772161603e-13,ok
sample_000922,"(224, 2)","(224, 2)",0.0,0.0,0.0,0.0,0.0,8.886919126475515,7.846100942506444,23.8457899848169,0.0,0.0,0.0,0.0,0.0,ok
sample_000923,"(224, 2)","(224, 2)",0.0,0.0,0.0,0.0,0.0,9.840151371896207,8.451887363186993,27.84418969910951,3.0705596795347185e-14,7.389644451905042e-13,7.389644451905042e-13,1.5352798397673592e-14,7.389644451905042e-13,ok
sample_000924,"(224, 2)","(224, 2)",0.0,0.0,0.0,0.0,0.0,10.089767153130055,0.0,30.670430384981497,7.168868673293868e-15,0.0,5.684341886080802e-14,3.584434336646934e-15,5.684341886080802e-14,ok
sample_000925,"(224, 2)","(224, 2)",0.0,0.0,0.0,0.0,0.0,10.09211550835381,12.275666987988858,22.269656485900313,9.998351353195695e-14,2.2737367544323206e-13,2.2737367544323206e-13,4.9991756765978476e-14,2.2737367544323206e-13,ok
sample_000926,"(224, 2)","(224, 2)",0.0,0.0,0.0,0.0,0.0,8.92620405606432,5.973223585301409,27.721632347320345,7.61295788314393e-16,0.0,5.684341886080802e-14,3.806478941571965e-16,5.684341886080802e-14,ok
sample_000927,"(224, 2)","(224, 2)",0.0,0.0,0.0,0.0,0.0,9.397144868736774,12.847711858537188,28.899882352701628,1.0658141036401503e-14,0.0,1.1368683772161603e-13,5.329070518200751e-15,1.1368683772161603e-13,ok
sample_000928,"(224, 2)","(224, 2)",0.0,0.0,0.0,0.0,0.0,7.599371050311706,0.0,29.853189109373215,1.4819891345853519e-13,7.958078640513122e-13,1.0231815394945443e-12,7.409945672926759e-14,1.0231815394945443e-12,ok
sample_000929,"(224, 2)","(224, 2)",0.0,0.0,0.0,0.0,0.0,6.26183508889269,12.024258812916479,20.62257258442798,8.628018934229787e-15,0.0,5.684341886080802e-14,4.314009467114894e-15,5.684341886080802e-14,ok
sample_000930,"(224, 2)","(224, 2)",0.0,0.0,0.0,0.0,0.0,11.461117184830158,0.0,30.78495898974051,2.030122102171715e-14,0.0,2.2737367544323206e-13,1.0150610510858574e-14,2.2737367544323206e-13,ok
sample_000931,"(224, 2)","(224, 2)",0.0,0.0,0.0,0.0,0.0,9.788112605089387,5.796774965444179,25.895530502385952,5.075305255429287e-15,0.0,1.1368683772161603e-13,2.5376526277146436e-15,1.1368683772161603e-13,ok
sample_000932,"(224, 2)","(224, 2)",0.0,0.0,0.0,0.0,0.0,11.923043436801679,0.0,21.45248004310923,8.723180907769087e-17,0.0,7.105427357601002e-15,4.3615904538845435e-17,7.105427357601002e-15,ok
sample_000933,"(224, 2)","(224, 2)",0.0,0.0,0.0,0.0,0.0,10.547638205247624,14.87588988934769,24.471379201017662,1.3348052821779024e-13,1.0231815394945443e-12,1.1368683772161603e-12,6.674026410889512e-14,1.1368683772161603e-12,ok
sample_000934,"(224, 2)","(224, 2)",0.0,0.0,0.0,0.0,0.0,10.514293257860784,9.807395168952954,24.77784696054106,2.4361465226060576e-14,0.0,2.2737367544323206e-13,1.2180732613030288e-14,2.2737367544323206e-13,ok
sample_000935,"(224, 2)","(224, 2)",0.0,0.0,0.0,0.0,0.0,8.810775864043956,9.222326170766268,31.255637891426836,5.785847991189387e-14,2.2737367544323206e-13,2.2737367544323206e-13,2.8929239955946934e-14,2.2737367544323206e-13,ok
sample_000936,"(224, 2)","(224, 2)",0.0,0.0,0.0,0.0,0.0,9.291775828262454,3.655680511204377,24.213459067221322,0.0,0.0,0.0,0.0,0.0,ok
sample_000937,"(224, 2)","(224, 2)",0.0,0.0,0.0,0.0,0.0,11.536750652718533,23.924920062562414,23.932626266250058,2.602471072500615e-13,1.255712165537632e-12,1.2710574864626038e-12,1.3233858453531866e-13,1.2505552149377763e-12,ok
sample_000938,"(224, 2)","(224, 2)",0.0,0.0,0.0,0.0,0.0,10.182932450636944,5.522680508593692,21.049223263579147,7.105427357601002e-15,0.0,1.1368683772161603e-13,3.552713678800501e-15,1.1368683772161603e-13,ok
sample_000939,"(224, 2)","(224, 2)",0.0,0.0,0.0,0.0,0.0,11.308165327478722,9.533420162774755,27.49809084282035,1.5543122344752192e-13,1.4210854715202004e-13,9.094947017729282e-13,7.771561172376096e-14,9.094947017729282e-13,ok
sample_000940,"(224, 2)","(224, 2)",0.0,0.0,0.0,0.0,0.0,11.71220961615687,13.942012049915979,29.385360300666843,1.758593271006248e-13,5.115907697472721e-13,7.389644451905042e-13,8.79296635503124e-14,7.389644451905042e-13,ok
sample_000941,"(224, 2)","(224, 2)",0.0,0.0,0.0,0.0,0.0,7.809950211770255,12.27936887629005,28.758153626406617,4.0602442043434294e-15,0.0,1.1368683772161603e-13,2.0301221021717147e-15,1.1368683772161603e-13,ok
sample_000942,"(224, 2)","(224, 2)",0.0,0.0,0.0,0.0,0.0,12.158067898731531,5.50912878774864,28.833836026446562,4.314009467114894e-15,0.0,5.684341886080802e-14,2.157004733557447e-15,5.684341886080802e-14,ok
sample_000943,"(224, 2)","(224, 2)",0.0,0.0,0.0,0.0,0.0,12.881588663121102,14.442721350216582,29.217683001908394,1.2688263138573218e-14,0.0,2.2737367544323206e-13,6.344131569286609e-15,2.2737367544323206e-13,ok
sample_000944,"(224, 2)","(224, 2)",0.0,0.0,0.0,0.0,0.0,10.980808849404522,15.860305797808767,27.26218076383472,2.0301221021717147e-15,0.0,1.1368683772161603e-13,1.0150610510858574e-15,1.1368683772161603e-13,ok
sample_000945,"(224, 2)","(224, 2)",0.0,0.0,0.0,0.0,0.0,10.405597423247745,15.314166643993355,28.69872645257973,7.359192620372467e-15,0.0,5.684341886080802e-14,3.6795963101862334e-15,5.684341886080802e-14,ok
sample_000946,"(224, 2)","(224, 2)",0.0,0.0,0.0,0.0,0.0,8.871071927630384,0.0,31.276593484585316,1.320848192725472e-13,2.2737367544323206e-13,2.2737367544323206e-13,6.60424096362736e-14,2.2737367544323206e-13,ok
sample_000947,"(224, 2)","(224, 2)",0.0,0.0,0.0,0.0,0.0,5.3706094996568385,0.0,26.783894414367694,0.0,0.0,0.0,0.0,0.0,ok
sample_000948,"(224, 2)","(224, 2)",0.0,0.0,0.0,0.0,0.0,10.902325664977809,9.435941924365567,25.396623791362433,9.003026541463705e-14,6.355287432313019e-13,6.821210263296962e-13,4.815195861088536e-14,6.821210263296962e-13,ok
sample_000949,"(224, 2)","(224, 2)",0.0,0.0,0.0,0.0,0.0,9.415409805730421,17.897631128169067,19.167224629559705,0.0,0.0,0.0,0.0,0.0,ok
sample_000950,"(224, 2)","(224, 2)",0.0,0.0,0.0,0.0,0.0,12.415118742047838,20.978591468446936,29.78067997880512,5.938107148852266e-14,0.0,2.2737367544323206e-13,2.969053574426133e-14,2.2737367544323206e-13,ok
sample_000951,"(224, 2)","(224, 2)",0.0,0.0,0.0,0.0,0.0,11.357372771274367,8.636897591149271,29.855438365564073,1.1909520988443287e-13,3.907985046680551e-13,5.968558980384842e-13,5.954760494221644e-14,5.968558980384842e-13,ok
sample_000952,"(224, 2)","(224, 2)",0.0,0.0,0.0,0.0,0.0,11.099477142037781,12.658360873351636,25.149928429321616,4.4444990068911533e-14,5.684341886080802e-14,1.6077746776921858e-13,2.2965756280817524e-14,1.1368683772161603e-13,ok
sample_000953,"(224, 2)","(224, 2)",0.0,0.0,0.0,0.0,0.0,11.28951768813578,27.65432515900552,28.557627702594598,1.4566126083082054e-13,8.526512829121202e-13,8.526512829121202e-13,7.283063041541027e-14,8.526512829121202e-13,ok
sample_000954,"(224, 2)","(224, 2)",0.0,0.0,0.0,0.0,0.0,8.032863775652277,21.7737686218991,25.114459978267465,1.0150610510858574e-15,0.0,1.1368683772161603e-13,5.075305255429287e-16,1.1368683772161603e-13,ok
sample_000955,"(224, 2)","(224, 2)",0.0,0.0,0.0,0.0,0.0,9.174902142566294,9.49764707703967,26.196889128291577,1.3195793664116147e-14,5.684341886080802e-14,5.684341886080802e-14,6.597896832058073e-15,5.684341886080802e-14,ok
sample_000956,"(224, 2)","(224, 2)",0.0,0.0,0.0,0.0,0.0,13.230287082567504,14.108908533263751,28.17670136832882,1.8271098919545435e-14,0.0,2.2737367544323206e-13,9.135549459772717e-15,2.2737367544323206e-13,ok
sample_000957,"(224, 2)","(224, 2)",0.0,0.0,0.0,0.0,0.0,10.174798783879124,0.0,29.00885554447135,4.631216045579225e-14,0.0,2.2737367544323206e-13,2.3156080227896123e-14,2.2737367544323206e-13,ok
sample_000958,"(224, 2)","(224, 2)",0.0,0.0,0.0,0.0,0.0,11.140646468701863,12.202151449641805,30.46437919932063,4.187126835729162e-15,0.0,5.684341886080802e-14,2.093563417864581e-15,5.684341886080802e-14,ok
sample_000959,"(224, 2)","(224, 2)",0.0,0.0,0.0,0.0,0.0,10.11474798219832,9.25356687985775,25.05189014825045,1.7688397763137674e-13,3.06111178766429e-13,9.112693272687351e-13,9.554262143345633e-14,9.094947017729282e-13,ok
sample_000960,"(224, 2)","(224, 2)",0.0,0.0,0.0,0.0,0.0,8.540706421425414,10.450574146907007,28.764716233608148,5.472726763966092e-14,3.2155493553843715e-13,3.2155493553843715e-13,3.787446546864106e-14,2.2737367544323206e-13,ok
sample_000961,"(224, 2)","(224, 2)",0.0,0.0,0.0,0.0,0.0,12.78160936803103,0.0,27.660224149489345,5.4305766233093374e-14,2.2737367544323206e-13,3.410605131648481e-13,2.7152883116546687e-14,3.410605131648481e-13,ok
sample_000962,"(224, 2)","(224, 2)",0.0,0.0,0.0,0.0,0.0,7.509300450747371,22.97585906990206,25.221022976873893,4.0602442043434294e-15,0.0,1.1368683772161603e-13,2.0301221021717147e-15,1.1368683772161603e-13,ok
sample_000963,"(224, 2)","(224, 2)",0.0,0.0,0.0,0.0,0.0,9.287990120337428,24.080101743971067,24.509316595939502,0.0,0.0,0.0,0.0,0.0,ok
sample_000964,"(224, 2)","(224, 2)",0.0,0.0,0.0,0.0,0.0,9.414636002230015,5.488624600025102,26.333721727093508,9.27397719202286e-14,3.8657704262548816e-13,4.823324033076557e-13,5.170467228968586e-14,4.547473508864641e-13,ok
sample_000965,"(224, 2)","(224, 2)",0.0,0.0,0.0,0.0,0.0,10.983748158600466,6.091017977317024,31.70799899079089,6.445637674395194e-14,2.8421709430404007e-13,2.8421709430404007e-13,3.222818837197597e-14,2.8421709430404007e-13,ok
sample_000966,"(224, 2)","(224, 2)",0.0,0.0,0.0,0.0,0.0,9.98744488300055,4.221812407011969,23.787362190877683,0.0,0.0,0.0,0.0,0.0,ok
sample_000967,"(224, 2)","(224, 2)",0.0,0.0,0.0,0.0,0.0,7.8961980639598135,14.900906012722764,25.93862371059807,0.0,0.0,0.0,0.0,0.0,ok
sample_000968,"(224, 2)","(224, 2)",0.0,0.0,0.0,0.0,0.0,9.391912571004976,10.494307980996174,26.955088573402936,0.0,0.0,0.0,0.0,0.0,ok
sample_000969,"(224, 2)","(224, 2)",0.0,0.0,0.0,0.0,0.0,9.459634232318162,14.488950962716425,27.985799970699478,5.582835780972216e-15,0.0,1.1368683772161603e-13,2.791417890486108e-15,1.1368683772161603e-13,ok
sample_000970,"(224, 2)","(224, 2)",0.0,0.0,0.0,0.0,0.0,10.625224001830258,22.902999803519172,26.244271755947082,4.070394814854288e-13,6.821210263296962e-13,1.3642420526593924e-12,2.035197407427144e-13,1.3642420526593924e-12,ok
sample_000971,"(224, 2)","(224, 2)",0.0,0.0,0.0,0.0,0.0,11.535932852651651,12.511322871703069,27.054825817218028,1.3176761269408287e-13,5.258016244624741e-13,6.252776074688882e-13,6.588380634704143e-14,6.252776074688882e-13,ok
sample_000972,"(224, 2)","(224, 2)",0.0,0.0,0.0,0.0,0.0,8.977120558575445,0.0,25.491308322642002,2.5376526277146434e-16,0.0,2.842170943040401e-14,1.2688263138573217e-16,2.842170943040401e-14,ok
sample_000973,"(224, 2)","(224, 2)",0.0,0.0,0.0,0.0,0.0,13.423558681621582,14.78879643513965,28.07403070454962,6.683219874110097e-14,1.1718571004216928e-13,4.831690603168681e-13,3.825511336279825e-14,4.831690603168681e-13,ok
sample_000974,"(224, 2)","(224, 2)",0.0,0.0,0.0,0.0,0.0,7.021010797836425,16.35044036104225,28.701409373060443,5.5479430573411395e-14,1.1368683772161603e-13,1.1368683772161603e-13,2.7739715286705697e-14,1.1368683772161603e-13,ok
sample_000975,"(224, 2)","(224, 2)",0.0,0.0,0.0,0.0,0.0,10.150665312943648,0.009999999999990905,30.66004729285327,0.0,0.0,0.0,0.0,0.0,ok
sample_000976,"(224, 2)","(224, 2)",0.0,0.0,0.0,0.0,0.0,8.177404006859502,5.304950518148154,29.553106435703196,8.221994513795445e-14,2.2737367544323206e-13,2.2737367544323206e-13,4.1109972568977224e-14,2.2737367544323206e-13,ok
sample_000977,"(224, 2)","(224, 2)",0.0,0.0,0.0,0.0,0.0,10.102501750039151,21.942493021532126,28.781224782833778,0.0,0.0,0.0,0.0,0.0,ok
sample_000978,"(224, 2)","(224, 2)",0.0,0.0,0.0,0.0,0.0,7.8322933800826045,13.0008653558137,26.847146962014374,0.0,0.0,0.0,0.0,0.0,ok
sample_000979,"(224, 2)","(224, 2)",0.0,0.0,0.0,0.0,0.0,9.27781163011692,1.0592922165295897,27.51142308205811,4.4662686247777725e-14,2.2737367544323206e-13,2.2737367544323206e-13,2.2331343123888863e-14,2.2737367544323206e-13,ok
sample_000980,"(224, 2)","(224, 2)",0.0,0.0,0.0,0.0,0.0,11.510095620236797,6.477723365504178,27.714692854152275,1.2688263138573217e-16,0.0,1.4210854715202004e-14,6.344131569286608e-17,1.4210854715202004e-14,ok
sample_000981,"(224, 2)","(224, 2)",0.0,0.0,0.0,0.0,0.0,10.998707997574142,21.65164427936131,24.87734109586482,1.2015785192228836e-13,2.2737367544323206e-13,5.684341886080801e-13,6.007892596114418e-14,5.684341886080801e-13,ok
sample_000982,"(224, 2)","(224, 2)",0.0,0.0,0.0,0.0,0.0,10.932094466382797,12.749654897290368,25.99502260049014,3.8826085204034047e-14,2.8421709430404007e-13,3.410605131648481e-13,1.9413042602017023e-14,3.410605131648481e-13,ok
sample_000983,"(224, 2)","(224, 2)",0.0,0.0,0.0,0.0,0.0,10.285022574845659,0.0,28.32580802024909,8.018982303578274e-14,0.0,2.2737367544323206e-13,4.009491151789137e-14,2.2737367544323206e-13,ok
sample_000984,"(224, 2)","(224, 2)",0.0,0.0,0.0,0.0,0.0,9.642343479041248,5.812606988262785,25.715788924316584,1.9286159970631292e-14,2.2737367544323206e-13,2.2737367544323206e-13,9.643079985315646e-15,2.2737367544323206e-13,ok
sample_000985,"(224, 2)","(224, 2)",0.0,0.0,0.0,0.0,0.0,8.369899774753026,10.105983376198562,29.446120287739028,0.0,0.0,0.0,0.0,0.0,ok
sample_000986,"(224, 2)","(224, 2)",0.0,0.0,0.0,0.0,0.0,11.405016152339872,6.388153097727215,30.337964664756182,1.794120407794253e-13,2.8421709430404007e-13,7.389644451905042e-13,8.970602038971265e-14,7.389644451905042e-13,ok
sample_000987,"(224, 2)","(224, 2)",0.0,0.0,0.0,0.0,0.0,9.317053384416571,13.053325246848132,27.54612858461239,8.120488408686859e-15,2.2737367544323206e-13,2.2737367544323206e-13,4.0602442043434294e-15,2.2737367544323206e-13,ok
sample_000988,"(224, 2)","(224, 2)",0.0,0.0,0.0,0.0,0.0,11.43591669677638,26.59264559986459,27.64823502504269,2.5376526277146437e-14,0.0,2.2737367544323206e-13,1.2688263138573218e-14,2.2737367544323206e-13,ok
sample_000989,"(224, 2)","(224, 2)",0.0,0.0,0.0,0.0,0.0,14.241692618582245,19.868137809065058,24.978458719464566,3.4670465015929077e-13,1.6543900849575518e-12,1.6543900849575518e-12,1.8984813721090177e-13,1.6058265828178264e-12,ok
sample_000990,"(224, 2)","(224, 2)",0.0,0.0,0.0,0.0,0.0,10.327707181021145,5.018894300540728,24.891703437089273,1.0627329986283493e-13,3.979039320256561e-13,7.958078640513122e-13,5.3925118338936176e-14,7.958078640513122e-13,ok
sample_000991,"(224, 2)","(224, 2)",0.0,0.0,0.0,0.0,0.0,11.906843693643967,11.240538243340275,29.06093597942094,2.334640417497472e-14,2.2737367544323206e-13,3.410605131648481e-13,1.167320208748736e-14,3.410605131648481e-13,ok
sample_000992,"(224, 2)","(224, 2)",0.0,0.0,0.0,0.0,0.0,8.041867700717761,0.0,28.48839939343725,0.0,0.0,0.0,0.0,0.0,ok
sample_000993,"(224, 2)","(224, 2)",0.0,0.0,0.0,0.0,0.0,8.032442116996638,0.0,26.011385968456185,0.0,0.0,0.0,0.0,0.0,ok
sample_000994,"(224, 2)","(224, 2)",0.0,0.0,0.0,0.0,0.0,9.88236209529376,1.108196733436954,28.3895473722284,1.522591576628786e-15,0.0,1.1368683772161603e-13,7.61295788314393e-16,1.1368683772161603e-13,ok
sample_000995,"(224, 2)","(224, 2)",0.0,0.0,0.0,0.0,0.0,15.815175108440714,9.922015924196051,29.2251210433764,7.756322056855754e-13,2.341343437791525e-12,2.341343437791525e-12,4.683555131025839e-13,1.9326762412674725e-12,ok
sample_000996,"(224, 2)","(224, 2)",0.0,0.0,0.0,0.0,0.0,8.545358139950169,0.0,27.121019523609483,5.988860201406559e-14,3.410605131648481e-13,3.410605131648481e-13,2.9944301007032794e-14,3.410605131648481e-13,ok
sample_000997,"(224, 2)","(224, 2)",0.0,0.0,0.0,0.0,0.0,9.0945804169327,14.315128361282598,25.471933574033837,0.0,0.0,0.0,0.0,0.0,ok
sample_000998,"(224, 2)","(224, 2)",0.0,0.0,0.0,0.0,0.0,8.086229027737517,1.8592471594707838,26.713242034616357,3.7593327974081995e-14,1.1368683772161603e-13,2.2737367544323206e-13,1.9539925233402755e-14,2.2737367544323206e-13,ok
sample_000999,"(224, 2)","(224, 2)",0.0,0.0,0.0,0.0,0.0,9.051299353231054,24.388048302396108,24.511956266279515,3.552713678800501e-15,0.0,5.684341886080802e-14,1.7763568394002505e-15,5.684341886080802e-14,ok
sample_001000,"(224, 2)","(224, 2)",0.0,0.0,0.0,0.0,0.0,8.04365988657194,0.0,28.456117092814946,0.0,0.0,0.0,0.0,0.0,ok
sample_001001,"(224, 2)","(224, 2)",0.0,0.0,0.0,0.0,0.0,9.774452399180845,11.362974962570421,26.298283213928652,4.440892098500626e-15,0.0,5.684341886080802e-14,2.220446049250313e-15,5.684341886080802e-14,ok
sample_001002,"(224, 2)","(224, 2)",0.0,0.0,0.0,0.0,0.0,10.141990342331306,12.410004029008206,24.171987919904293,2.2141019176810263e-14,1.6342482922482304e-13,2.4868995751603507e-13,1.1070509588405132e-14,2.4868995751603507e-13,ok
sample_001003,"(224, 2)","(224, 2)",0.0,0.0,0.0,0.0,0.0,10.312216315867365,6.330126381044838,27.599681157578427,1.5543122344752192e-13,8.526512829121202e-13,8.810729923425242e-13,7.771561172376096e-14,8.810729923425242e-13,ok
sample_001004,"(224, 2)","(224, 2)",0.0,0.0,0.0,0.0,0.0,10.302822970395122,4.105995616169083,22.79465946225122,2.157004733557447e-14,1.1368683772161603e-13,2.2737367544323206e-13,1.0785023667787235e-14,2.2737367544323206e-13,ok
sample_001005,"(224, 2)","(224, 2)",0.0,0.0,0.0,0.0,0.0,11.90118004455289,26.539758853463642,27.466011723583,0.0,0.0,0.0,0.0,0.0,ok
sample_001006,"(224, 2)","(224, 2)",0.0,0.0,0.0,0.0,0.0,9.792328110733466,6.659316781772744,29.014956487990794,2.0808751547260076e-14,2.8421709430404007e-13,2.8421709430404007e-13,1.0404375773630038e-14,2.8421709430404007e-13,ok
sample_001007,"(224, 2)","(224, 2)",0.0,0.0,0.0,0.0,0.0,8.307066407037183,0.1118033988748878,26.079547542087617,1.8778629445088362e-14,0.0,1.1368683772161603e-13,9.389314722544181e-15,1.1368683772161603e-13,ok
sample_001008,"(224, 2)","(224, 2)",0.0,0.0,0.0,0.0,0.0,10.23138346309409,0.0,27.579842276561205,1.3830206821044807e-14,0.0,2.2737367544323206e-13,6.9151034105224035e-15,2.2737367544323206e-13,ok
sample_001009,"(224, 2)","(224, 2)",0.0,0.0,0.0,0.0,0.0,10.823626081815432,22.840389663926487,28.05060605405879,7.879411409053968e-14,2.2737367544323206e-13,2.2737367544323206e-13,3.939705704526984e-14,2.2737367544323206e-13,ok
sample_001010,"(224, 2)","(224, 2)",0.0,0.0,0.0,0.0,0.0,9.511546822099465,0.0,27.414335665851862,0.0,0.0,0.0,0.0,0.0,ok
sample_001011,"(224, 2)","(224, 2)",0.0,0.0,0.0,0.0,0.0,10.053978091336022,0.0,24.41257462866213,4.4365381749233023e-14,0.0,1.6077746776921858e-13,2.2331343123888863e-14,1.1368683772161603e-13,ok
sample_001012,"(224, 2)","(224, 2)",0.0,0.0,0.0,0.0,0.0,7.583145500904215,3.173168763239552,24.552851158266698,2.4361465226060576e-14,2.2737367544323206e-13,2.2737367544323206e-13,1.2180732613030288e-14,2.2737367544323206e-13,ok
sample_001013,"(224, 2)","(224, 2)",0.0,0.0,0.0,0.0,0.0,10.931476474438265,13.119039598994886,27.594667963213688,2.1316282072803006e-14,2.2737367544323206e-13,2.2737367544323206e-13,1.0658141036401503e-14,2.2737367544323206e-13,ok
sample_001014,"(224, 2)","(224, 2)",0.0,0.0,0.0,0.0,0.0,11.403025510042196,18.535385078276608,28.1818984456336,4.0399429833217123e-13,5.684341886080801e-13,1.1368683772161603e-12,2.0199714916608561e-13,1.1368683772161603e-12,ok
sample_001015,"(224, 2)","(224, 2)",0.0,0.0,0.0,0.0,0.0,10.939363652656878,1.503362896974661,31.312663572427056,1.0984044466983507e-15,0.0,4.0194366942304644e-14,6.97854472621527e-16,2.842170943040401e-14,ok
sample_001016,"(224, 2)","(224, 2)",0.0,0.0,0.0,0.0,0.0,10.563558721009128,0.0,26.866047346046344,2.842170943040401e-14,0.0,1.1368683772161603e-13,1.4210854715202004e-14,1.1368683772161603e-13,ok
sample_001017,"(224, 2)","(224, 2)",0.0,0.0,0.0,0.0,0.0,11.011419697844275,11.330886990875854,31.845357589450977,1.10387889305587e-13,5.115907697472721e-13,5.115907697472721e-13,5.51939446527935e-14,5.115907697472721e-13,ok
sample_001018,"(224, 2)","(224, 2)",0.0,0.0,0.0,0.0,0.0,7.950257847836783,10.801115683113528,24.694958999763415,5.988860201406559e-14,2.2737367544323206e-13,2.2737367544323206e-13,2.9944301007032794e-14,2.2737367544323206e-13,ok
sample_001019,"(224, 2)","(224, 2)",0.0,0.0,0.0,0.0,0.0,7.224646777947476,8.862877636524168,29.993332592427873,1.6748507342916648e-14,2.2737367544323206e-13,3.410605131648481e-13,8.374253671458324e-15,3.410605131648481e-13,ok
sample_001020,"(224, 2)","(224, 2)",0.0,0.0,0.0,0.0,0.0,8.001086556109751,7.560165342107276,26.99689056169257,1.0188675300274293e-13,8.810729923425242e-13,9.947598300641403e-13,5.0943376501371466e-14,9.947598300641403e-13,ok
sample_001021,"(224, 2)","(224, 2)",0.0,0.0,0.0,0.0,0.0,11.829680763082129,11.674009593965561,25.829285704409198,6.090366306515144e-15,0.0,1.1368683772161603e-13,3.045183153257572e-15,1.1368683772161603e-13,ok
sample_001022,"(224, 2)","(224, 2)",0.0,0.0,0.0,0.0,0.0,10.156347608045147,21.88662833786879,26.553728551749597,5.075305255429287e-15,0.0,5.684341886080802e-14,2.5376526277146436e-15,5.684341886080802e-14,ok
sample_001023,"(224, 2)","(224, 2)",0.0,0.0,0.0,0.0,0.0,7.8835427468550705,0.0,27.465068723744455,5.075305255429287e-16,0.0,5.684341886080802e-14,2.5376526277146434e-16,5.684341886080802e-14,ok
sample_001024,"(224, 2)","(224, 2)",0.0,0.0,0.0,0.0,0.0,9.680990110085196,12.912420377295737,26.72764299372467,2.2965756280817524e-14,5.684341886080802e-14,1.1368683772161603e-13,1.1482878140408762e-14,1.1368683772161603e-13,ok
sample_001025,"(224, 2)","(224, 2)",0.0,0.0,0.0,0.0,0.0,8.379965114244152,5.893063719322787,25.89169944209922,6.597896832058073e-15,0.0,1.1368683772161603e-13,3.2989484160290367e-15,1.1368683772161603e-13,ok
sample_001026,"(224, 2)","(224, 2)",0.0,0.0,0.0,0.0,0.0,9.52475999242014,8.457422775290365,21.692904369862692,1.6621624711530916e-14,5.684341886080802e-14,5.684341886080802e-14,8.310812355765458e-15,5.684341886080802e-14,ok
sample_001027,"(224, 2)","(224, 2)",0.0,0.0,0.0,0.0,0.0,13.815413094554444,4.941437037947475,27.49106036514414,2.927161560929309e-13,9.663381206337363e-13,1.1937117960769683e-12,1.4800858951145658e-13,1.1937117960769683e-12,ok
sample_001028,"(224, 2)","(224, 2)",0.0,0.0,2.220446049250313e-16,0.0,1.4210854715202004e-14,12.584032013813575,11.275003325941817,32.81985070045264,7.387741212434256e-14,0.0,1.1368683772161603e-13,3.7018007706787364e-14,1.1368683772161603e-13,ok
sample_001029,"(224, 2)","(224, 2)",0.0,0.0,0.0,0.0,0.0,9.500423509186536,13.400720129903364,25.19690655616277,3.806478941571965e-15,0.0,5.684341886080802e-14,1.9032394707859826e-15,5.684341886080802e-14,ok
sample_001030,"(224, 2)","(224, 2)",0.0,0.0,0.0,0.0,0.0,10.977609756392976,4.835297302131458,23.903091850218825,5.823912780605107e-14,2.2737367544323206e-13,3.979039320256561e-13,2.9119563903025534e-14,3.979039320256561e-13,ok
sample_001031,"(224, 2)","(224, 2)",0.0,0.0,0.0,0.0,0.0,8.469024338047651,13.750345450205911,22.647094736411532,1.0150610510858574e-14,2.2737367544323206e-13,2.2737367544323206e-13,5.075305255429287e-15,2.2737367544323206e-13,ok
sample_001032,"(224, 2)","(224, 2)",0.0,0.0,0.0,0.0,0.0,13.568857112430956,0.0,36.02419742339873,7.156299894541136e-14,3.410605131648481e-13,4.687428401686771e-13,3.806478941571965e-14,4.547473508864641e-13,ok
sample_001033,"(224, 2)","(224, 2)",0.0,0.0,0.0,0.0,0.0,10.757831344573873,7.274482799484657,27.275663145008938,1.4781826556437798e-14,0.0,5.684341886080802e-14,7.390913278218899e-15,5.684341886080802e-14,ok
sample_001034,"(224, 2)","(224, 2)",0.0,0.0,0.0,0.0,0.0,6.943049324666781,13.962324305071656,25.47508586835377,5.075305255429287e-15,1.1368683772161603e-13,1.1368683772161603e-13,2.5376526277146436e-15,1.1368683772161603e-13,ok
sample_001035,"(224, 2)","(224, 2)",0.0,0.0,0.0,0.0,0.0,8.407290019135141,14.727175560846652,29.976717632189192,0.0,0.0,0.0,0.0,0.0,ok
sample_001036,"(224, 2)","(224, 2)",0.0,0.0,0.0,0.0,0.0,11.272499455079847,7.203998889505677,24.20257217735344,3.8039412889442506e-13,1.1084466677857563e-12,1.2505552149377763e-12,1.9019706444721253e-13,1.2505552149377763e-12,ok
sample_001037,"(224, 2)","(224, 2)",0.0,0.0,0.0,0.0,0.0,11.714113823381897,15.1921361236661,30.30396673704609,3.552713678800501e-14,0.0,2.2737367544323206e-13,1.7763568394002505e-14,2.2737367544323206e-13,ok
sample_001038,"(224, 2)","(224, 2)",0.0,0.0,0.0,0.0,0.0,7.06293842875909,7.135271543536393,25.94549864620067,5.722406675496521e-14,5.684341886080801e-13,5.684341886080801e-13,2.8612033377482607e-14,5.684341886080801e-13,ok
sample_001039,"(224, 2)","(224, 2)",0.0,0.0,0.0,0.0,0.0,12.137030855636462,4.412493626057788,29.25466287619788,3.868093652331401e-13,1.5167715973946468e-12,1.5167715973946468e-12,2.1037140283754395e-13,1.4779288903810084e-12,ok
sample_001040,"(224, 2)","(224, 2)",0.0,0.0,0.0,0.0,0.0,10.110452870670173,0.20396078054374883,28.35441588183395,1.1165671561944431e-14,0.0,1.1368683772161603e-13,5.582835780972216e-15,1.1368683772161603e-13,ok
sample_001041,"(224, 2)","(224, 2)",0.0,0.0,0.0,0.0,0.0,8.439137882421784,12.275056008018922,24.92693322492753,0.0,0.0,0.0,0.0,0.0,ok
sample_001042,"(224, 2)","(224, 2)",0.0,0.0,0.0,0.0,0.0,11.06849981079927,7.7063091035851565,25.797461115388934,3.5773431898908506e-14,1.1368683772161603e-13,1.6077746776921858e-13,1.8778629445088362e-14,1.1368683772161603e-13,ok
sample_001043,"(224, 2)","(224, 2)",0.0,0.0,0.0,0.0,0.0,9.355573586512756,0.0,27.77800028799776,0.0,0.0,0.0,0.0,0.0,ok
sample_001044,"(224, 2)","(224, 2)",0.0,0.0,0.0,0.0,0.0,9.00431558177067,8.627861844049246,26.39047176539285,5.341758781339325e-14,2.2737367544323206e-13,2.2737367544323206e-13,2.6708793906696624e-14,2.2737367544323206e-13,ok
sample_001045,"(224, 2)","(224, 2)",0.0,0.0,0.0,0.0,0.0,10.429650621757743,9.472998469333824,28.316157931470936,4.4662686247777725e-14,1.1368683772161603e-13,3.410605131648481e-13,2.2331343123888863e-14,3.410605131648481e-13,ok
sample_001046,"(224, 2)","(224, 2)",0.0,0.0,0.0,0.0,0.0,11.138808660835881,11.517052574335144,24.647519144936243,1.0435117120817947e-13,4.3290658060549894e-13,4.602649920770331e-13,5.568561484941321e-14,4.547473508864641e-13,ok
sample_001047,"(224, 2)","(224, 2)",0.0,0.0,0.0,0.0,0.0,10.175783324368739,15.177565680964753,23.591093658412703,8.136017038520245e-14,2.7000623958883807e-13,5.115907697472721e-13,4.0879997799590586e-14,5.115907697472721e-13,ok
sample_001048,"(224, 2)","(224, 2)",0.0,0.0,0.0,0.0,0.0,11.503890761458878,12.573702716383874,28.65640068117422,9.757180976664455e-14,1.1368683772161603e-13,1.1368683772161603e-13,4.889739407027654e-14,1.1368683772161603e-13,ok
sample_001049,"(224, 2)","(224, 2)",0.0,0.0,0.0,0.0,0.0,10.005565642220105,2.6242903802741457,21.036587175680506,1.2688263138573218e-15,0.0,2.842170943040401e-14,6.344131569286609e-16,2.842170943040401e-14,ok
sample_001050,"(224, 2)","(224, 2)",0.0,0.0,0.0,0.0,0.0,11.523133177438066,14.794863973690383,30.064015034588998,4.06024420434343e-14,0.0,2.2737367544323206e-13,2.030122102171715e-14,2.2737367544323206e-13,ok
sample_001051,"(224, 2)","(224, 2)",0.0,0.0,0.0,0.0,0.0,7.366476391736794,9.892623514518279,20.784980153947846,4.1109972568977224e-14,0.0,4.547473508864641e-13,2.0554986284488612e-14,4.547473508864641e-13,ok
sample_001052,"(224, 2)","(224, 2)",0.0,0.0,0.0,0.0,0.0,10.731849770460093,13.862485347151907,28.606785908242166,4.7454104138263836e-14,0.0,2.2737367544323206e-13,2.3727052069131918e-14,2.2737367544323206e-13,ok
sample_001053,"(224, 2)","(224, 2)",0.0,0.0,0.0,0.0,0.0,13.021954849418922,25.376014265443544,26.606262420715844,1.10387889305587e-14,0.0,1.1368683772161603e-13,5.51939446527935e-15,1.1368683772161603e-13,ok
sample_001054,"(224, 2)","(224, 2)",0.0,0.0,0.0,0.0,0.0,9.051603913448584,1.327742444904083,27.37770078001442,5.582835780972216e-15,0.0,1.1368683772161603e-13,2.791417890486108e-15,1.1368683772161603e-13,ok
sample_001055,"(224, 2)","(224, 2)",0.0,0.0,0.0,0.0,0.0,14.975180522289383,11.90000420167993,26.286593541194968,4.2251916251448815e-13,1.2505552149377763e-12,1.8758328224066645e-12,2.1125958125724408e-13,1.8758328224066645e-12,ok
sample_001056,"(224, 2)","(224, 2)",0.0,0.0,0.0,0.0,0.0,7.135138723271899,9.551088943151969,20.849904076517987,7.105427357601002e-15,5.684341886080802e-14,1.7053025658242404e-13,3.552713678800501e-15,1.7053025658242404e-13,ok
sample_001057,"(224, 2)","(224, 2)",0.0,0.0,0.0,0.0,0.0,9.59964878333623,6.181075958116052,28.89221348391281,9.891002474084288e-14,1.1368683772161603e-13,1.7053025658242404e-13,4.992831545028561e-14,1.7053025658242404e-13,ok
sample_001058,"(224, 2)","(224, 2)",0.0,0.0,0.0,0.0,0.0,7.934011192616099,0.0,27.182452060106865,0.0,0.0,0.0,0.0,0.0,ok
sample_001059,"(224, 2)","(224, 2)",0.0,0.0,0.0,0.0,0.0,13.565348547235427,0.0,25.24535600858094,1.0909507094527928e-13,9.165725883006586e-13,1.016845989170083e-12,6.97854472621527e-14,9.094947017729282e-13,ok
sample_001060,"(224, 2)","(224, 2)",0.0,0.0,0.0,0.0,0.0,9.20413727948256,8.619756377067642,26.65408036305132,2.2902314965124657e-14,2.842170943040401e-14,5.684341886080802e-14,1.1451157482562328e-14,5.684341886080802e-14,ok
sample_001061,"(224, 2)","(224, 2)",0.0,0.0,0.0,0.0,0.0,12.215438642405022,18.715696620751224,29.70637137046521,7.676399198836797e-14,0.0,2.2737367544323206e-13,3.8381995994183984e-14,2.2737367544323206e-13,ok
sample_001062,"(224, 2)","(224, 2)",0.0,0.0,0.0,0.0,0.0,9.622393244145542,16.975494101792556,27.70511324647481,1.1276693864406947e-14,0.0,5.684341886080802e-14,5.6383469322034735e-15,5.684341886080802e-14,ok
sample_001063,"(224, 2)","(224, 2)",0.0,0.0,0.0,0.0,0.0,13.848907680488841,8.98230482671338,32.252201475248185,6.543819180004288e-14,3.2155493553843715e-13,6.12222357532858e-13,3.9333615729576974e-14,5.684341886080801e-13,ok
sample_001064,"(224, 2)","(224, 2)",0.0,0.0,0.0,0.0,0.0,11.999868323032233,9.632761805422115,24.210410983707092,1.7256037868459575e-14,0.0,2.2737367544323206e-13,8.628018934229787e-15,2.2737367544323206e-13,ok
sample_001065,"(224, 2)","(224, 2)",0.0,0.0,0.0,0.0,0.0,12.2067934236504,21.565755261525183,27.609233962571196,1.766206228889392e-13,0.0,6.821210263296962e-13,8.83103114444696e-14,6.821210263296962e-13,ok
sample_001066,"(224, 2)","(224, 2)",0.0,0.0,0.0,0.0,0.0,8.207270863661531,2.673798795721182,27.834554065046497,3.3306690738754696e-14,2.0605739337042905e-13,2.5579538487363607e-13,1.6653345369377348e-14,2.5579538487363607e-13,ok
sample_001067,"(224, 2)","(224, 2)",0.0,0.0,0.0,0.0,0.0,9.594831853434638,14.361591137475164,21.851938129145513,0.0,0.0,0.0,0.0,0.0,ok
sample_001068,"(224, 2)","(224, 2)",0.0,0.0,0.0,0.0,0.0,11.097683161612222,9.954360853414904,21.010123750230395,4.618527782440651e-14,1.1368683772161603e-13,4.547473508864641e-13,2.3092638912203256e-14,4.547473508864641e-13,ok
sample_001069,"(224, 2)","(224, 2)",0.0,0.0,0.0,0.0,0.0,9.308512888296535,11.772391430801125,26.59335255284667,2.9944301007032794e-14,0.0,1.1368683772161603e-13,1.4972150503516397e-14,1.1368683772161603e-13,ok
sample_001070,"(224, 2)","(224, 2)",0.0,0.0,0.0,0.0,0.0,9.552776234497893,7.884801836444728,26.579708425789725,0.0,0.0,0.0,0.0,0.0,ok
sample_001071,"(224, 2)","(224, 2)",0.0,0.0,0.0,0.0,0.0,8.032235273877847,4.091210089936697,25.154540345631414,0.0,0.0,0.0,0.0,0.0,ok
sample_001072,"(224, 2)","(224, 2)",0.0,0.0,0.0,0.0,0.0,11.353127570691173,5.618727613970973,27.215249401759937,1.260578942817249e-13,3.694822225952521e-13,6.252776074688882e-13,6.302894714086245e-14,6.252776074688882e-13,ok
sample_001073,"(224, 2)","(224, 2)",0.0,0.0,0.0,0.0,0.0,10.480547966556232,15.279332446150846,31.52858385655792,3.3497014685833295e-14,0.0,2.2737367544323206e-13,1.6748507342916648e-14,2.2737367544323206e-13,ok
sample_001074,"(224, 2)","(224, 2)",0.0,0.0,0.0,0.0,0.0,16.91762506792168,10.91386732556336,33.02835902675152,3.9530409105347873e-13,1.0785280415467626e-12,1.5252689837551246e-12,2.1557359072435897e-13,1.3642420526593924e-12,ok
sample_001075,"(224, 2)","(224, 2)",0.0,0.0,0.0,0.0,0.0,9.744820375645968,12.433298033908889,23.139742868061482,3.1923670056650217e-13,7.958078640513122e-13,1.1368683772161603e-12,1.5961835028325108e-13,1.1368683772161603e-12,ok
sample_001076,"(224, 2)","(224, 2)",0.0,0.0,0.0,0.0,0.0,10.066710863568558,10.514261742985077,28.354415881834036,1.2688263138573218e-15,0.0,5.684341886080802e-14,6.344131569286609e-16,5.684341886080802e-14,ok
sample_001077,"(224, 2)","(224, 2)",0.0,0.0,0.0,0.0,0.0,10.476708194296672,8.949748599821222,25.13731290333152,0.0,0.0,0.0,0.0,0.0,ok
sample_001078,"(224, 2)","(224, 2)",0.0,0.0,0.0,0.0,0.0,9.281880274626834,8.132465800727271,29.390001701258818,2.5503408908532168e-14,1.4210854715202004e-13,3.979039320256561e-13,1.2751704454266084e-14,3.979039320256561e-13,ok
sample_001079,"(224, 2)","(224, 2)",0.0,0.0,0.0,0.0,0.0,11.48650786246416,10.711675872616746,26.837142172742674,7.681602021675213e-14,5.240704272917405e-13,6.629024818318272e-13,5.1641230973993e-14,5.684341886080801e-13,ok
sample_001080,"(224, 2)","(224, 2)",0.0,0.0,0.0,0.0,0.0,8.96469194756641,9.720329212531876,29.975698490610725,3.0258739535924655e-14,1.2710574864626038e-13,2.3437142008433856e-13,1.7636685762616773e-14,2.2737367544323206e-13,ok
sample_001081,"(224, 2)","(224, 2)",0.0,0.0,0.0,0.0,0.0,10.186232149432245,28.154363782547073,28.1773313143739,1.573344629183079e-14,1.1368683772161603e-13,2.2737367544323206e-13,7.866723145915395e-15,2.2737367544323206e-13,ok
sample_001082,"(224, 2)","(224, 2)",0.0,0.0,0.0,0.0,0.0,11.909182730310478,9.59403981646941,28.40378143839301,2.1747683019514495e-13,0.0,1.1368683772161603e-12,1.0873841509757248e-13,1.1368683772161603e-12,ok
sample_001083,"(224, 2)","(224, 2)",0.0,0.0,0.0,0.0,0.0,11.495440631813299,0.0,28.79386740262578,8.75490156561552e-15,0.0,5.684341886080802e-14,4.37745078280776e-15,5.684341886080802e-14,ok
sample_001084,"(224, 2)","(224, 2)",0.0,0.0,0.0,0.0,0.0,9.283631085219222,10.543623665514554,23.11950258980504,7.700833038869907e-14,6.821210263296962e-13,8.526512829121202e-13,3.907985046680551e-14,8.526512829121202e-13,ok
sample_001085,"(224, 2)","(224, 2)",0.0,0.0,0.0,0.0,0.0,9.002581713309587,0.0,22.86226585445983,3.1568398688770167e-13,6.821210263296962e-13,7.958078640513122e-13,1.5784199344385083e-13,7.958078640513122e-13,ok
sample_001086,"(224, 2)","(224, 2)",0.0,0.0,0.0,0.0,0.0,9.244643630610025,15.343910844370757,27.340682142185045,1.4718385240744934e-14,0.0,5.684341886080802e-14,7.359192620372467e-15,5.684341886080802e-14,ok
sample_001087,"(224, 2)","(224, 2)",0.0,0.0,0.0,0.0,0.0,7.097813721887774,16.01115236327481,25.08688900601274,2.2838873649431793e-15,1.1368683772161603e-13,1.7053025658242404e-13,1.1419436824715897e-15,1.7053025658242404e-13,ok
sample_001088,"(224, 2)","(224, 2)",0.0,0.0,0.0,0.0,0.0,9.961724555452362,23.36236503438824,24.627220712049503,4.0729324674820026e-14,2.5579538487363607e-13,3.979039320256561e-13,2.0364662337410013e-14,3.979039320256561e-13,ok
sample_001089,"(224, 2)","(224, 2)",0.0,0.0,0.0,0.0,0.0,11.629555489736434,28.87498051947385,29.192843301055714,4.838705788177177e-14,3.694822225952521e-13,3.694822225952521e-13,2.721632443223955e-14,3.694822225952521e-13,ok
sample_001090,"(224, 2)","(224, 2)",0.0,0.0,0.0,0.0,0.0,11.453906268844971,0.0,24.885708750204557,1.5479681029059324e-14,0.0,1.1368683772161603e-13,7.739840514529662e-15,1.1368683772161603e-13,ok
sample_001091,"(224, 2)","(224, 2)",0.0,0.0,0.0,0.0,0.0,10.96334955736859,10.588980120861512,24.959713540022868,4.1465243936857273e-13,1.1937117960769683e-12,1.2505552149377763e-12,2.0732621968428636e-13,1.2505552149377763e-12,ok
sample_001092,"(224, 2)","(224, 2)",0.0,0.0,0.0,0.0,0.0,12.64079352147695,16.20317252886,24.656828668748066,2.720363616910098e-13,1.7905676941154525e-12,2.1032064978498966e-12,1.360181808455049e-13,2.1032064978498966e-12,ok
sample_001093,"(224, 2)","(224, 2)",0.0,0.0,0.0,0.0,0.0,6.225563501129303,2.1313845265461304,30.09172643767711,2.5376526277146434e-16,5.684341886080802e-14,5.684341886080802e-14,1.2688263138573217e-16,5.684341886080802e-14,ok
sample_001094,"(224, 2)","(224, 2)",0.0,0.0,0.0,0.0,0.0,7.90734473871616,0.0,21.947692361612777,2.385393470051765e-14,0.0,1.1368683772161603e-13,1.1926967350258825e-14,1.1368683772161603e-13,ok
sample_001095,"(224, 2)","(224, 2)",0.0,0.0,0.0,0.0,0.0,11.149508387126994,9.590338888694069,25.099458161482204,7.714463988252517e-14,0.0,2.2737367544323206e-13,3.8572319941262583e-14,2.2737367544323206e-13,ok
sample_001096,"(224, 2)","(224, 2)",0.0,0.0,0.0,0.0,0.0,9.935193969463347,8.062567829172089,30.970841125161463,0.0,0.0,0.0,0.0,0.0,ok
sample_001097,"(224, 2)","(224, 2)",0.0,0.0,0.0,0.0,0.0,12.40206670733991,12.556038387962786,27.116142793546384,1.9286159970631292e-14,0.0,1.1368683772161603e-13,9.643079985315646e-15,1.1368683772161603e-13,ok
sample_001098,"(224, 2)","(224, 2)",0.0,0.0,0.0,0.0,0.0,7.863192315010388,7.277946138849941,23.61655351654848,0.0,0.0,0.0,0.0,0.0,ok
sample_001099,"(224, 2)","(224, 2)",0.0,0.0,0.0,0.0,0.0,11.349267226185516,10.826643062371614,31.60041930101561,1.2117291297337422e-14,0.0,5.684341886080802e-14,6.058645648668711e-15,5.684341886080802e-14,ok
sample_001100,"(224, 2)","(224, 2)",0.0,0.0,0.0,0.0,0.0,7.150221259963081,15.995405590356318,31.96627754368661,1.1419436824715896e-14,1.4210854715202004e-13,1.4210854715202004e-13,5.709718412357948e-15,1.4210854715202004e-13,ok
sample_001101,"(224, 2)","(224, 2)",0.0,0.0,0.0,0.0,0.0,13.113194019463856,16.75391894453352,27.44546774970331,1.1165671561944431e-14,0.0,2.2737367544323206e-13,5.582835780972216e-15,2.2737367544323206e-13,ok
sample_001102,"(224, 2)","(224, 2)",0.0,0.0,0.0,0.0,0.0,7.416696126255398,11.908358409117513,27.124815206743886,1.4718385240744934e-14,2.2737367544323206e-13,3.410605131648481e-13,7.359192620372467e-15,3.410605131648481e-13,ok
sample_001103,"(224, 2)","(224, 2)",0.0,0.0,0.0,0.0,0.0,10.570287990458452,11.201973040496053,25.618028807853296,5.861977570020827e-14,1.7053025658242404e-13,3.410605131648481e-13,2.930988785010413e-14,3.410605131648481e-13,ok
sample_001104,"(224, 2)","(224, 2)",0.0,0.0,0.0,0.0,0.0,13.85463665339829,13.548409500749584,28.72206294819382,2.5376526277146436e-15,0.0,1.1368683772161603e-13,1.2688263138573218e-15,1.1368683772161603e-13,ok
sample_001105,"(224, 2)","(224, 2)",0.0,0.0,0.0,0.0,0.0,11.215898425102564,28.178403077534544,28.25504025833275,3.3497014685833295e-14,0.0,1.1368683772161603e-13,1.6748507342916648e-14,1.1368683772161603e-13,ok
sample_001106,"(224, 2)","(224, 2)",0.0,0.0,0.0,0.0,0.0,11.510144845927723,24.59941869231894,24.83136121923244,3.146689258366158e-14,0.0,2.2737367544323206e-13,1.573344629183079e-14,2.2737367544323206e-13,ok
sample_001107,"(224, 2)","(224, 2)",0.0,0.0,0.0,0.0,0.0,13.603298074447974,11.367673464698058,26.874458134072174,8.234682776934018e-14,3.410605131648481e-13,7.958078640513122e-13,4.117341388467009e-14,7.958078640513122e-13,ok
sample_001108,"(224, 2)","(224, 2)",0.0,0.0,0.0,0.0,0.0,10.527004479921022,14.999973333309697,21.292310818697054,2.5376526277146434e-16,0.0,2.842170943040401e-14,1.2688263138573217e-16,2.842170943040401e-14,ok
sample_001109,"(224, 2)","(224, 2)",0.0,0.0,0.0,0.0,0.0,9.870312075681401,22.17486189359477,28.897607167376236,5.725578741281164e-15,0.0,5.684341886080802e-14,2.862789370640582e-15,5.684341886080802e-14,ok
sample_001110,"(224, 2)","(224, 2)",0.0,0.0,0.0,0.0,0.0,10.537958997123095,4.715803218964994,20.194320983880512,8.582059463022648e-14,2.0961010704922955e-13,4.582862941503293e-13,4.988073446351596e-14,4.547473508864641e-13,ok
sample_001111,"(224, 2)","(224, 2)",0.0,0.0,0.0,0.0,0.0,4.133435192293765,0.0,26.446264386487627,0.0,0.0,0.0,0.0,0.0,ok
sample_001112,"(224, 2)","(224, 2)",0.0,0.0,0.0,0.0,0.0,12.76522980952359,12.039202631403825,25.051890148250227,5.48132967586363e-14,6.821210263296962e-13,6.821210263296962e-13,2.740664837931815e-14,6.821210263296962e-13,ok
sample_001113,"(224, 2)","(224, 2)",0.0,0.0,0.0,0.0,0.0,11.173544520903262,8.807723883047226,24.735177379594454,3.806478941571965e-16,0.0,2.842170943040401e-14,1.9032394707859825e-16,2.842170943040401e-14,ok
sample_001114,"(224, 2)","(224, 2)",0.0,0.0,0.0,0.0,0.0,9.538609545027677,13.969656402359952,24.66461432903435,3.451207573691915e-14,0.0,1.1368683772161603e-13,1.7256037868459575e-14,1.1368683772161603e-13,ok
sample_001115,"(224, 2)","(224, 2)",0.0,0.0,0.0,0.0,0.0,9.381672395754029,0.0,27.44375520951897,2.1443164704188737e-13,6.821210263296962e-13,7.958078640513122e-13,1.0721582352094368e-13,7.958078640513122e-13,ok
sample_001116,"(224, 2)","(224, 2)",0.0,0.0,0.0,0.0,0.0,13.009619160265284,8.35947964887766,31.0659701281,0.0,0.0,0.0,0.0,0.0,ok
sample_001117,"(224, 2)","(224, 2)",0.0,0.0,0.0,0.0,0.0,11.610004192345778,8.690092059351269,27.357558370585615,4.178526744474598e-14,3.67083184559348e-13,5.859285502108464e-13,2.513069117883658e-14,5.684341886080801e-13,ok
sample_001118,"(224, 2)","(224, 2)",0.0,0.0,0.0,0.0,0.0,15.639597590088576,9.054026728478291,28.2859770911312,2.5257292814956887e-13,5.934627159212227e-13,9.663381206337363e-13,1.3798486163198375e-13,9.663381206337363e-13,ok
sample_001119,"(224, 2)","(224, 2)",0.0,0.0,0.0,0.0,0.0,9.342126609007895,10.306527058131705,27.441563366543114,7.61295788314393e-15,0.0,5.684341886080802e-14,3.806478941571965e-15,5.684341886080802e-14,ok
sample_001120,"(224, 2)","(224, 2)",0.0,0.0,0.0,0.0,0.0,9.566888517171842,3.8479604987577294,27.604349294993344,5.075305255429287e-16,0.0,1.1368683772161603e-13,2.5376526277146434e-16,1.1368683772161603e-13,ok
sample_001121,"(224, 2)","(224, 2)",0.0,0.0,0.0,0.0,0.0,12.27683003536992,9.673308637689615,20.633976834338178,1.984444354872851e-13,1.3642420526593924e-12,1.4779288903810084e-12,9.922221774364256e-14,1.4779288903810084e-12,ok
sample_001122,"(224, 2)","(224, 2)",0.0,0.0,0.0,0.0,0.0,10.943458296143143,0.0,31.54520724293948,3.768040644562848e-14,0.0,1.6077746776921858e-13,1.9286159970631292e-14,1.1368683772161603e-13,ok
sample_001123,"(224, 2)","(224, 2)",0.0,0.0,0.0,0.0,0.0,9.674055087371286,16.757019424706677,26.611097309205455,5.988860201406559e-14,0.0,2.2737367544323206e-13,2.9944301007032794e-14,2.2737367544323206e-13,ok
sample_001124,"(224, 2)","(224, 2)",0.0,0.0,0.0,0.0,0.0,12.044071260766348,16.73893963188817,25.974048587002976,1.6240976817373718e-14,0.0,2.2737367544323206e-13,8.120488408686859e-15,2.2737367544323206e-13,ok
sample_001125,"(224, 2)","(224, 2)",0.0,0.0,0.0,0.0,0.0,10.872790542914304,0.0,33.242119366851455,5.735094938635094e-14,3.410605131648481e-13,3.410605131648481e-13,2.867547469317547e-14,3.410605131648481e-13,ok
sample_001126,"(224, 2)","(224, 2)",0.0,0.0,0.0,0.0,0.0,10.478246896593065,11.836832346535923,25.32270325222011,2.3976379130140275e-14,4.0990372275064023e-13,4.0990372275064023e-13,1.5860328923216522e-14,3.410605131648481e-13,ok
sample_001127,"(224, 2)","(224, 2)",0.0,0.0,0.0,0.0,0.0,10.350190532327913,0.0,28.40228864017823,3.5061863822800746e-14,3.2155493553843715e-13,3.2155493553843715e-13,2.2585108386660326e-14,2.2737367544323206e-13,ok
sample_001128,"(224, 2)","(224, 2)",0.0,0.0,0.0,0.0,0.0,14.157617949992922,27.110331978786235,28.334463114730113,4.769500033699596e-13,1.4062285205060312e-12,1.6484591469634324e-12,2.4900716409449937e-13,1.6484591469634324e-12,ok
sample_001129,"(224, 2)","(224, 2)",0.0,0.0,0.0,0.0,0.0,9.849015986669574,0.0,23.835477759004494,7.206933462709587e-14,2.2737367544323206e-13,4.547473508864641e-13,3.6034667313547936e-14,4.547473508864641e-13,ok
sample_001130,"(224, 2)","(224, 2)",0.0,0.0,0.0,0.0,0.0,11.20424675523138,29.295084911977955,29.371564479952287,4.4886925565813214e-14,3.2155493553843715e-13,3.979039320256561e-13,2.7660413642089614e-14,3.979039320256561e-13,ok
sample_001131,"(224, 2)","(224, 2)",0.0,0.0,0.0,0.0,0.0,8.830775917145711,0.0,27.60432031403779,2.7343207063625283e-14,5.684341886080802e-14,5.684341886080802e-14,1.3671603531812642e-14,5.684341886080802e-14,ok
sample_001132,"(224, 2)","(224, 2)",0.0,0.0,0.0,0.0,0.0,12.432295125448691,25.578041363638466,26.059412886709428,9.217870880159647e-14,4.3290658060549894e-13,5.392640207733813e-13,4.7580986769649564e-14,5.115907697472721e-13,ok
sample_001133,"(224, 2)","(224, 2)",0.0,0.0,0.0,0.0,0.0,10.185182828793412,0.0,30.515061854762894,7.054674305046709e-14,7.958078640513122e-13,7.958078640513122e-13,3.5273371525233546e-14,7.958078640513122e-13,ok
sample_001134,"(224, 2)","(224, 2)",0.0,0.0,0.0,0.0,0.0,8.770841807918192,8.30787578144977,29.941230769626124,2.5376526277146436e-15,0.0,1.1368683772161603e-13,1.2688263138573218e-15,1.1368683772161603e-13,ok
sample_001135,"(224, 2)","(224, 2)",0.0,0.0,0.0,0.0,0.0,10.403347592847927,6.064321891192819,28.461034766852674,0.0,0.0,0.0,0.0,0.0,ok
sample_001136,"(224, 2)","(224, 2)",0.0,0.0,0.0,0.0,0.0,9.356135957435855,0.020000000000095497,24.165533306757403,3.146689258366158e-14,1.1368683772161603e-13,1.1368683772161603e-13,1.573344629183079e-14,1.1368683772161603e-13,ok
sample_001137,"(224, 2)","(224, 2)",0.0,0.0,0.0,0.0,0.0,6.148665602023056,0.0,27.55356238311123,3.166990479387875e-13,6.821210263296962e-13,7.958078640513122e-13,1.5834952396939375e-13,7.958078640513122e-13,ok
sample_001138,"(224, 2)","(224, 2)",0.0,0.0,0.0,0.0,0.0,6.933071151598294,5.104213945359207,25.446086143059453,0.0,0.0,0.0,0.0,0.0,ok
sample_001139,"(224, 2)","(224, 2)",0.0,0.0,0.0,0.0,0.0,6.89275376356531,19.365415048482703,28.152678380573295,3.4562828789473447e-13,6.821210263296962e-13,6.821210263296962e-13,1.7281414394736723e-13,6.821210263296962e-13,ok
sample_001140,"(224, 2)","(224, 2)",0.0,0.0,0.0,0.0,0.0,10.389559512414559,8.597400770000185,28.4986403184434,1.2891275348790389e-13,7.389644451905042e-13,1.1368683772161603e-12,6.445637674395194e-14,1.1368683772161603e-12,ok
sample_001141,"(224, 2)","(224, 2)",0.0,0.0,0.0,0.0,0.0,9.85999849696528,13.805277976194466,29.62110396322191,8.628018934229787e-15,1.1368683772161603e-13,1.1368683772161603e-13,4.314009467114894e-15,1.1368683772161603e-13,ok
sample_001142,"(224, 2)","(224, 2)",0.0,0.0,0.0,0.0,0.0,8.766364440895961,5.143393821203943,26.482129823713116,9.998351353195695e-14,4.547473508864641e-13,6.821210263296962e-13,4.9991756765978476e-14,6.821210263296962e-13,ok
sample_001143,"(224, 2)","(224, 2)",0.0,0.0,0.0,0.0,0.0,12.11396159115549,9.525738816490755,25.764512415336082,3.501960626246208e-14,2.842170943040401e-14,5.115907697472721e-13,1.750980313123104e-14,5.115907697472721e-13,ok
sample_001144,"(224, 2)","(224, 2)",0.0,0.0,0.0,0.0,0.0,10.545319551167912,6.524055487195045,34.324564090458566,0.0,0.0,0.0,0.0,0.0,ok
sample_001145,"(224, 2)","(224, 2)",0.0,0.0,0.0,0.0,0.0,10.850202400905081,11.733903868704376,27.507500795237693,8.723180907769087e-17,0.0,3.552713678800501e-15,4.3615904538845435e-17,3.552713678800501e-15,ok
sample_001146,"(224, 2)","(224, 2)",0.0,0.0,0.0,0.0,0.0,10.453900091170771,10.787029248129391,23.40125851316552,2.0808751547260076e-14,0.0,1.1368683772161603e-13,1.0404375773630038e-14,1.1368683772161603e-13,ok
sample_001147,"(224, 2)","(224, 2)",0.0,0.0,0.0,0.0,0.0,10.649786203861044,16.3773318950309,29.089965623905382,2.1062516810031542e-14,1.1368683772161603e-13,3.410605131648481e-13,1.0531258405015771e-14,3.410605131648481e-13,ok
sample_001148,"(224, 2)","(224, 2)",0.0,0.0,0.0,0.0,0.0,9.753964889453211,16.58716672611697,29.861823454035733,8.120488408686859e-15,0.0,1.1368683772161603e-13,4.0602442043434294e-15,1.1368683772161603e-13,ok
sample_001149,"(224, 2)","(224, 2)",0.0,0.0,0.0,0.0,0.0,9.487542462890577,0.0,25.52367528393983,4.77078694010353e-14,2.2737367544323206e-13,3.410605131648481e-13,2.385393470051765e-14,3.410605131648481e-13,ok
sample_001150,"(224, 2)","(224, 2)",0.0,0.0,0.0,0.0,0.0,9.554508556942041,0.0,30.002176587707623,1.4528061293666335e-14,0.0,5.684341886080802e-14,7.264030646833167e-15,5.684341886080802e-14,ok
sample_001151,"(224, 2)","(224, 2)",0.0,0.0,0.0,0.0,0.0,8.951566186003621,0.0,25.39715338379481,6.445637674395194e-14,1.1368683772161603e-13,3.410605131648481e-13,3.222818837197597e-14,3.410605131648481e-13,ok
sample_001152,"(224, 2)","(224, 2)",0.0,0.0,0.0,0.0,0.0,10.11841829230102,12.636660951374731,27.533835548285015,0.0,0.0,0.0,0.0,0.0,ok
sample_001153,"(224, 2)","(224, 2)",0.0,0.0,0.0,0.0,0.0,7.494617003852328,4.07343835107395,23.91967600115037,2.5884056802689363e-14,1.1368683772161603e-13,3.410605131648481e-13,1.2942028401344682e-14,3.410605131648481e-13,ok
sample_001154,"(224, 2)","(224, 2)",0.0,0.0,0.0,0.0,0.0,11.064125329693013,14.032255698924523,28.755043035961545,2.3029777767103644e-13,1.1283599857659548e-12,1.1309967882509549e-12,1.5767545999015706e-13,9.094947017729282e-13,ok
sample_001155,"(224, 2)","(224, 2)",0.0,0.0,0.0,0.0,0.0,8.89512737795962,0.0,31.02754421477799,2.5884056802689363e-14,1.1368683772161603e-13,1.1368683772161603e-13,1.2942028401344682e-14,1.1368683772161603e-13,ok
sample_001156,"(224, 2)","(224, 2)",0.0,0.0,0.0,0.0,0.0,7.835584988348429,16.14462758938707,28.19162996351934,1.2688263138573217e-16,0.0,2.842170943040401e-14,6.344131569286608e-17,2.842170943040401e-14,ok
sample_001157,"(224, 2)","(224, 2)",0.0,0.0,0.0,0.0,0.0,7.704351084170175,0.0,25.528550683499443,0.0,0.0,0.0,0.0,0.0,ok
sample_001158,"(224, 2)","(224, 2)",0.0,0.0,0.0,0.0,0.0,10.017662780564823,14.469754662744025,24.567315685682832,3.2997414324751975e-14,0.0,1.1368683772161603e-13,1.6498707162375987e-14,1.1368683772161603e-13,ok
sample_001159,"(224, 2)","(224, 2)",0.0,0.0,0.0,0.0,0.0,10.724406601296296,11.955425546587676,29.66528611019958,0.0,0.0,0.0,0.0,0.0,ok
sample_001160,"(224, 2)","(224, 2)",0.0,0.0,0.0,0.0,0.0,16.808945828908048,22.712386488433946,31.21666862431036,1.5632402335418143e-13,1.2274098754510978e-12,1.2431046189151993e-12,8.228338645364731e-14,1.2221335055073723e-12,ok
sample_001161,"(224, 2)","(224, 2)",0.0,0.0,0.0,0.0,0.0,9.813079464821211,15.991253859532073,27.96606872622602,3.0705596795347185e-14,0.0,1.1368683772161603e-13,1.5352798397673592e-14,1.1368683772161603e-13,ok
sample_001162,"(224, 2)","(224, 2)",0.0,0.0,0.0,0.0,0.0,10.780602015091103,15.845191699692277,29.947220238279208,1.8474111129762605e-13,6.821210263296962e-13,9.094947017729282e-13,9.237055564881302e-14,9.094947017729282e-13,ok
sample_001163,"(224, 2)","(224, 2)",0.0,0.0,0.0,0.0,0.0,7.538371974475086,10.649291056215871,28.241906805313203,0.0,0.0,0.0,0.0,0.0,ok
sample_001164,"(224, 2)","(224, 2)",0.0,0.0,0.0,0.0,0.0,8.827096022043282,30.150165837023188,30.150165837023188,4.821539992657823e-15,0.0,5.684341886080802e-14,2.4107699963289115e-15,5.684341886080802e-14,ok
sample_001165,"(224, 2)","(224, 2)",0.0,0.0,0.0,0.0,0.0,9.36166727350548,19.57014307561388,24.58641291445342,3.159377521504731e-14,1.4210854715202004e-13,3.410605131648481e-13,1.5796887607523655e-14,3.410605131648481e-13,ok
sample_001166,"(224, 2)","(224, 2)",0.0,0.0,0.0,0.0,0.0,9.274590269876585,0.03162277660165503,30.00904030454836,4.0602442043434294e-15,0.0,2.2737367544323206e-13,2.0301221021717147e-15,2.2737367544323206e-13,ok
sample_001167,"(224, 2)","(224, 2)",0.0,0.0,0.0,0.0,0.0,11.971522335438411,12.622780993109231,29.882463084558424,9.169226946136995e-14,2.5421149729252077e-13,3.8657704262548816e-13,5.303693991923605e-14,3.126388037344441e-13,ok
sample_001168,"(224, 2)","(224, 2)",0.0,0.0,0.0,0.0,0.0,9.474180768546754,6.010565697170241,26.974033810314502,7.940880217682372e-14,7.958078640513122e-13,9.094947017729282e-13,4.0158352833584235e-14,9.094947017729282e-13,ok
sample_001169,"(224, 2)","(224, 2)",0.0,0.0,0.0,0.0,0.0,10.506523958029089,0.0,28.25267774919763,2.2331343123888863e-14,0.0,2.2737367544323206e-13,1.1165671561944431e-14,2.2737367544323206e-13,ok
sample_001170,"(224, 2)","(224, 2)",0.0,0.0,0.0,0.0,0.0,12.220510348603623,0.11045361017188536,30.773654316639092,1.2688263138573218e-15,0.0,5.684341886080802e-14,6.344131569286609e-16,5.684341886080802e-14,ok
sample_001171,"(224, 2)","(224, 2)",0.0,0.0,0.0,0.0,0.0,14.343611624975198,18.61548011736468,26.72905722243113,1.911921517584364e-13,4.405364961712621e-13,1.0231815394945443e-12,9.804855340332454e-14,1.0231815394945443e-12,ok
sample_001172,"(224, 2)","(224, 2)",0.0,0.0,0.0,0.0,0.0,8.22275699380621,0.0,28.286443749612467,0.0,0.0,0.0,0.0,0.0,ok
sample_001173,"(224, 2)","(224, 2)",0.0,0.0,0.0,0.0,0.0,10.954822493228908,10.83597711330175,27.788619972931212,2.896730474536266e-13,1.1368683772161603e-12,1.1368683772161603e-12,1.448365237268133e-13,1.1368683772161603e-12,ok
sample_001174,"(224, 2)","(224, 2)",0.0,0.0,0.0,0.0,0.0,10.581591843106143,8.261386082250382,29.978395554132113,8.932537249555545e-14,5.684341886080801e-13,6.821210263296962e-13,4.4662686247777725e-14,6.821210263296962e-13,ok
sample_001175,"(224, 2)","(224, 2)",0.0,0.0,0.0,0.0,0.0,8.38630185008553,23.70512391868056,29.50139827194637,4.567774729886359e-15,2.2737367544323206e-13,2.2737367544323206e-13,2.2838873649431793e-15,2.2737367544323206e-13,ok
sample_001176,"(224, 2)","(224, 2)",0.0,0.0,0.0,0.0,0.0,11.383948318850807,12.967220210978166,27.38014791778887,1.2180732613030288e-14,0.0,2.2737367544323206e-13,6.090366306515144e-15,2.2737367544323206e-13,ok
sample_001177,"(224, 2)","(224, 2)",0.0,0.0,0.0,0.0,0.0,11.644765327340565,22.37300605640649,23.235044652421035,0.0,0.0,0.0,0.0,0.0,ok
sample_001178,"(224, 2)","(224, 2)",0.0,0.0,0.0,0.0,0.0,10.459702379375642,8.882235079077603,22.826585377581058,2.930504168656883e-14,0.0,1.6077746776921858e-13,1.5479681029059324e-14,1.1368683772161603e-13,ok
sample_001179,"(224, 2)","(224, 2)",0.0,0.0,0.0,0.0,0.0,11.851687184515246,4.987183573922294,28.87510519461358,0.0,0.0,0.0,0.0,0.0,ok
sample_001180,"(224, 2)","(224, 2)",0.0,0.0,0.0,0.0,0.0,10.49622419496893,14.838497228493381,24.207852031933754,4.314009467114894e-14,2.2737367544323206e-13,2.2737367544323206e-13,2.157004733557447e-14,2.2737367544323206e-13,ok
sample_001181,"(224, 2)","(224, 2)",0.0,0.0,0.0,0.0,0.0,12.456412069537445,23.429317104858107,24.500802027688778,4.9991756765978476e-14,3.410605131648481e-13,3.410605131648481e-13,2.4995878382989238e-14,3.410605131648481e-13,ok
sample_001182,"(224, 2)","(224, 2)",0.0,0.0,0.0,0.0,0.0,10.221962548657697,0.5922837157983405,30.314643326287072,7.105427357601002e-15,0.0,2.2737367544323206e-13,3.552713678800501e-15,2.2737367544323206e-13,ok
sample_001183,"(224, 2)","(224, 2)",0.0,0.0,0.0,0.0,0.0,6.210892455175029,2.301521236052442,26.41251218646191,4.973799150320701e-14,1.1368683772161603e-13,2.2737367544323206e-13,2.4868995751603507e-14,2.2737367544323206e-13,ok
sample_001184,"(224, 2)","(224, 2)",0.0,0.0,0.0,0.0,0.0,6.893779302411067,6.0010832355500225,28.061564461020353,2.4615230488832043e-14,1.7053025658242404e-13,2.2737367544323206e-13,1.2307615244416022e-14,2.2737367544323206e-13,ok
sample_001185,"(224, 2)","(224, 2)",0.0,0.0,0.0,0.0,0.0,9.958811643091924,12.647675675791064,26.915699879438325,1.6697754290362354e-13,3.979039320256561e-13,9.094947017729282e-13,8.348877145181177e-14,9.094947017729282e-13,ok
sample_001186,"(224, 2)","(224, 2)",0.0,0.0,0.0,0.0,0.0,10.981499023320046,23.538381422689376,25.286259114388557,1.1546319456101628e-14,0.0,2.2737367544323206e-13,5.773159728050814e-15,2.2737367544323206e-13,ok
sample_001187,"(224, 2)","(224, 2)",0.0,0.0,0.0,0.0,0.0,11.514690047987793,2.9692086487817555,28.444122415711814,3.4722301763917374e-14,0.0,1.6077746776921858e-13,1.750980313123104e-14,1.1368683772161603e-13,ok
sample_001188,"(224, 2)","(224, 2)",0.0,0.0,0.0,0.0,0.0,11.700427399711677,7.7028890683951685,28.010649760403574,2.5376526277146436e-15,0.0,1.1368683772161603e-13,1.2688263138573218e-15,1.1368683772161603e-13,ok
sample_001189,"(224, 2)","(224, 2)",0.0,0.0,0.0,0.0,0.0,11.465266328880189,14.108302520147378,28.88893386748614,0.0,0.0,0.0,0.0,0.0,ok
sample_001190,"(224, 2)","(224, 2)",0.0,0.0,0.0,0.0,0.0,10.671595605212234,3.6957949077297036,30.823667854426425,0.0,0.0,0.0,0.0,0.0,ok
sample_001191,"(224, 2)","(224, 2)",0.0,0.0,0.0,0.0,0.0,8.52256802442496,0.0,26.332064104433595,2.862472164062118e-13,1.1368683772161603e-12,1.1368683772161603e-12,1.431236082031059e-13,1.1368683772161603e-12,ok
sample_001192,"(224, 2)","(224, 2)",0.0,0.0,0.0,0.0,0.0,11.604013369450618,0.041231056256139105,35.98712269687591,3.552713678800501e-15,0.0,1.1368683772161603e-13,1.7763568394002505e-15,1.1368683772161603e-13,ok
sample_001193,"(224, 2)","(224, 2)",0.0,0.0,0.0,0.0,0.0,9.374801384872551,16.989835196375505,20.873104704379696,3.045183153257572e-15,0.0,1.1368683772161603e-13,1.522591576628786e-15,1.1368683772161603e-13,ok
sample_001194,"(224, 2)","(224, 2)",0.0,0.0,0.0,0.0,0.0,11.087005011214952,14.044963510098455,28.764563268021504,2.6645352591003757e-14,0.0,1.1368683772161603e-13,1.3322676295501878e-14,1.1368683772161603e-13,ok
sample_001195,"(224, 2)","(224, 2)",0.0,0.0,0.0,0.0,0.0,12.497539434860341,26.476166640962028,26.614000075148383,4.0602442043434294e-15,0.0,5.684341886080802e-14,2.0301221021717147e-15,5.684341886080802e-14,ok
sample_001196,"(224, 2)","(224, 2)",0.0,0.0,0.0,0.0,0.0,11.329388412580029,7.992878079890829,25.402125895286925,5.075305255429287e-16,0.0,2.842170943040401e-14,2.5376526277146434e-16,2.842170943040401e-14,ok
sample_001197,"(224, 2)","(224, 2)",0.0,0.0,0.0,0.0,0.0,8.122230818660068,14.8290154764232,25.83890477555109,4.720033887549237e-14,2.8421709430404007e-13,3.979039320256561e-13,2.3600169437746186e-14,3.979039320256561e-13,ok
sample_001198,"(224, 2)","(224, 2)",0.0,0.0,0.0,0.0,0.0,9.988253420877948,32.03201523476167,32.03201523476167,0.0,0.0,0.0,0.0,0.0,ok
sample_001199,"(224, 2)","(224, 2)",0.0,0.0,0.0,0.0,0.0,10.471863184256089,0.0,24.06906936298096,4.06024420434343e-14,4.547473508864641e-13,4.547473508864641e-13,2.030122102171715e-14,4.547473508864641e-13,ok
sample_001200,"(224, 2)","(224, 2)",0.0,0.0,0.0,0.0,0.0,10.230036622940599,0.0,26.958169448239605,4.631216045579225e-14,0.0,2.2737367544323206e-13,2.3156080227896123e-14,2.2737367544323206e-13,ok
sample_001201,"(224, 2)","(224, 2)",0.0,0.0,0.0,0.0,0.0,10.806211186690026,0.0,32.63001072632371,1.8271098919545435e-14,1.1368683772161603e-13,1.1368683772161603e-13,9.135549459772717e-15,1.1368683772161603e-13,ok
sample_001202,"(224, 2)","(224, 2)",0.0,0.0,0.0,0.0,0.0,10.25732647372222,12.850000000000051,27.47511055482774,0.0,0.0,0.0,0.0,0.0,ok
sample_001203,"(224, 2)","(224, 2)",0.0,0.0,0.0,0.0,0.0,9.76908689927958,22.363206389066836,29.83308230806865,2.56302915399179e-14,3.979039320256561e-13,3.979039320256561e-13,1.281514576995895e-14,3.979039320256561e-13,ok
sample_001204,"(224, 2)","(224, 2)",0.0,0.0,0.0,0.0,0.0,11.602939509666127,4.9830211719398365,26.998240683422342,3.146689258366158e-14,0.0,2.2737367544323206e-13,1.573344629183079e-14,2.2737367544323206e-13,ok
sample_001205,"(224, 2)","(224, 2)",0.0,0.0,0.0,0.0,0.0,11.361485373589536,4.4989109793371655,31.60225941289639,1.0150610510858574e-15,0.0,1.1368683772161603e-13,5.075305255429287e-16,1.1368683772161603e-13,ok
sample_001206,"(224, 2)","(224, 2)",0.0,0.0,0.0,0.0,0.0,11.889293638574006,6.350338573651064,28.3147329141562,2.5586117996820575e-13,6.536993168992922e-13,7.105427357601002e-13,1.324654671667044e-13,7.105427357601002e-13,ok
sample_001207,"(224, 2)","(224, 2)",0.0,0.0,0.0,0.0,0.0,9.75660047948118,5.638519309180381,29.09247669071854,8.450383250289763e-14,2.2737367544323206e-13,2.2737367544323206e-13,4.225191625144881e-14,2.2737367544323206e-13,ok
sample_001208,"(224, 2)","(224, 2)",0.0,0.0,0.0,0.0,0.0,9.246731605956535,8.887097388911561,30.76437062577415,1.1114918509390138e-13,7.105427357601002e-13,7.673861546209082e-13,5.557459254695069e-14,7.673861546209082e-13,ok
sample_001209,"(224, 2)","(224, 2)",0.0,0.0,0.0,0.0,0.0,8.108265010006404,0.0,30.915648141353852,1.2688263138573217e-16,0.0,2.842170943040401e-14,6.344131569286608e-17,2.842170943040401e-14,ok
sample_001210,"(224, 2)","(224, 2)",0.0,0.0,0.0,0.0,0.0,9.188437774901134,10.25236070375989,30.994051042095165,1.522591576628786e-15,0.0,1.1368683772161603e-13,7.61295788314393e-16,1.1368683772161603e-13,ok
sample_001211,"(224, 2)","(224, 2)",0.0,0.0,0.0,0.0,0.0,9.028532113001406,12.949517365523674,24.059160417603902,2.5376526277146436e-15,2.2737367544323206e-13,2.2737367544323206e-13,1.2688263138573218e-15,2.2737367544323206e-13,ok
sample_001212,"(224, 2)","(224, 2)",0.0,0.0,0.0,0.0,0.0,10.907168626065797,0.0,28.292021843622244,0.0,0.0,0.0,0.0,0.0,ok
sample_001213,"(224, 2)","(224, 2)",0.0,0.0,0.0,0.0,0.0,11.099498615250145,28.95132812152163,29.395132250085194,1.0007867550549625e-14,0.0,1.1368683772161603e-13,5.0039337752748125e-15,1.1368683772161603e-13,ok
sample_001214,"(224, 2)","(224, 2)",0.0,0.0,0.0,0.0,0.0,9.318268428156268,0.0,26.741477146933992,9.976146892703193e-15,0.0,5.684341886080802e-14,4.9880734463515964e-15,5.684341886080802e-14,ok
sample_001215,"(224, 2)","(224, 2)",0.0,0.0,0.0,0.0,0.0,8.688497015551585,23.509413008410082,32.32460363252727,9.389314722544181e-15,0.0,5.684341886080802e-14,4.6946573612720904e-15,5.684341886080802e-14,ok
sample_001216,"(224, 2)","(224, 2)",0.0,0.0,0.0,0.0,0.0,11.625676333713788,10.775365423037847,26.295902722667734,1.9516576572692933e-13,9.374856803373542e-13,1.0859919924850373e-12,1.0861153246618675e-13,1.0800249583553523e-12,ok
sample_001217,"(224, 2)","(224, 2)",0.0,0.0,0.0,0.0,0.0,14.151834350604746,10.508249140556257,22.655352568432956,1.8478206127488473e-13,1.3972963362541412e-12,1.4256256922617983e-12,9.287808617435595e-14,1.4210854715202004e-12,ok
sample_001218,"(224, 2)","(224, 2)",0.0,0.0,0.0,0.0,0.0,10.565105751031805,12.159210500686166,26.60626242071589,5.2696096184918104e-14,2.2737367544323206e-13,2.2737367544323206e-13,2.6645352591003757e-14,2.2737367544323206e-13,ok
sample_001219,"(224, 2)","(224, 2)",0.0,0.0,0.0,0.0,0.0,9.604201358303259,18.37065594909429,23.666550234455254,0.0,0.0,0.0,0.0,0.0,ok
sample_001220,"(224, 2)","(224, 2)",0.0,0.0,0.0,0.0,0.0,11.322229790639353,7.315360551606469,26.26388013984224,1.0150610510858574e-14,2.2737367544323206e-13,3.410605131648481e-13,5.075305255429287e-15,3.410605131648481e-13,ok
sample_001221,"(224, 2)","(224, 2)",0.0,0.0,0.0,0.0,0.0,10.93186643472917,6.184116751808547,27.57851700146332,1.0150610510858574e-15,0.0,1.1368683772161603e-13,5.075305255429287e-16,1.1368683772161603e-13,ok
sample_001222,"(224, 2)","(224, 2)",0.0,0.0,0.0,0.0,0.0,10.468307409146806,0.0,30.69524556018404,1.1368683772161603e-13,6.821210263296962e-13,6.821210263296962e-13,5.684341886080802e-14,6.821210263296962e-13,ok
sample_001223,"(224, 2)","(224, 2)",0.0,0.0,0.0,0.0,0.0,11.913062263557839,8.880225222369122,25.938427091865005,9.07210814407985e-14,2.2737367544323206e-13,2.2737367544323206e-13,4.536054072039925e-14,2.2737367544323206e-13,ok
sample_001224,"(224, 2)","(224, 2)",0.0,0.0,0.0,0.0,0.0,10.312072794912565,0.0,28.109991106366458,1.1165671561944431e-14,1.1368683772161603e-13,2.2737367544323206e-13,5.582835780972216e-15,2.2737367544323206e-13,ok
sample_001225,"(224, 2)","(224, 2)",0.0,0.0,0.0,0.0,0.0,9.031645662423017,7.119171300088248,23.42225650956807,1.8562928971732617e-13,8.242295734817162e-13,1.0231815394945443e-12,9.281464485866309e-14,1.0231815394945443e-12,ok
sample_001226,"(224, 2)","(224, 2)",0.0,0.0,0.0,0.0,0.0,10.059323293559526,12.572263121649947,29.140082360899438,5.075305255429287e-16,0.0,1.1368683772161603e-13,2.5376526277146434e-16,1.1368683772161603e-13,ok
sample_001227,"(224, 2)","(224, 2)",0.0,0.0,0.0,0.0,0.0,6.149019108483588,0.0,24.78361152051904,3.41568043690391e-13,9.094947017729282e-13,1.0231815394945443e-12,1.707840218451955e-13,1.0231815394945443e-12,ok
sample_001228,"(224, 2)","(224, 2)",0.0,0.0,0.0,0.0,0.0,7.016729796078558,0.0,24.876044701680346,2.1671553440683056e-13,4.547473508864641e-13,6.821210263296962e-13,1.0835776720341528e-13,6.821210263296962e-13,ok
sample_001229,"(224, 2)","(224, 2)",0.0,0.0,0.0,0.0,0.0,7.544680000688154,8.01708800001605,29.609572776384304,1.786507449911109e-13,1.0231815394945443e-12,1.1368683772161603e-12,8.932537249555545e-14,1.1368683772161603e-12,ok
sample_001230,"(224, 2)","(224, 2)",0.0,0.0,0.0,0.0,0.0,10.139502535551031,14.325836799293652,26.752280276641855,3.8572319941262583e-14,0.0,2.2737367544323206e-13,1.9286159970631292e-14,2.2737367544323206e-13,ok
sample_001231,"(224, 2)","(224, 2)",0.0,0.0,0.0,0.0,0.0,10.591891829224059,10.718213470536934,30.563393136233923,1.522591576628786e-15,0.0,1.1368683772161603e-13,7.61295788314393e-16,1.1368683772161603e-13,ok
sample_001232,"(224, 2)","(224, 2)",0.0,0.0,0.0,0.0,0.0,9.397980543587384,0.0,26.905720581318736,1.310538978925381e-13,6.004086117172847e-13,6.004086117172847e-13,6.552694894626906e-14,6.004086117172847e-13,ok
sample_001233,"(224, 2)","(224, 2)",0.0,0.0,0.0,0.0,0.0,8.01052294012639,0.0,26.78101193009699,0.0,0.0,0.0,0.0,0.0,ok
sample_001234,"(224, 2)","(224, 2)",0.0,0.0,0.0,0.0,0.0,9.24949241478586,24.371343828357016,28.596302208502404,1.4210854715202004e-14,0.0,2.2737367544323206e-13,7.105427357601002e-15,2.2737367544323206e-13,ok
sample_001235,"(224, 2)","(224, 2)",0.0,0.0,0.0,0.0,0.0,12.360263672084637,3.032111475523376,27.95779140060955,5.697030149219374e-14,0.0,2.2737367544323206e-13,2.848515074609687e-14,2.2737367544323206e-13,ok
sample_001236,"(224, 2)","(224, 2)",0.0,0.0,0.0,0.0,0.0,12.41646955975941,23.450127931420788,24.406695802586565,5.075305255429287e-16,0.0,2.842170943040401e-14,2.5376526277146434e-16,2.842170943040401e-14,ok
sample_001237,"(224, 2)","(224, 2)",0.0,0.0,0.0,0.0,0.0,4.0647661725031154,1.1111255554616795,33.44222630148893,0.0,0.0,0.0,0.0,0.0,ok
sample_001238,"(224, 2)","(224, 2)",0.0,0.0,0.0,0.0,0.0,6.917183372998982,10.459560220200485,26.969428989135086,4.567774729886359e-15,1.7053025658242404e-13,1.7053025658242404e-13,2.2838873649431793e-15,1.7053025658242404e-13,ok
sample_001239,"(224, 2)","(224, 2)",0.0,0.0,0.0,0.0,0.0,8.418995829464508,0.0,21.16543644718904,0.0,0.0,0.0,0.0,0.0,ok
sample_001240,"(224, 2)","(224, 2)",0.0,0.0,0.0,0.0,0.0,10.239165011499457,0.0,25.44804904113481,0.0,0.0,0.0,0.0,0.0,ok
sample_001241,"(224, 2)","(224, 2)",0.0,0.0,0.0,0.0,0.0,10.62966806586357,11.027610801982465,24.33072543102661,4.314009467114894e-15,0.0,5.684341886080802e-14,2.157004733557447e-15,5.684341886080802e-14,ok
sample_001242,"(224, 2)","(224, 2)",0.0,0.0,0.0,0.0,0.0,10.087810136446624,8.455039917114442,23.95303112342992,2.0301221021717147e-15,0.0,2.2737367544323206e-13,1.0150610510858574e-15,2.2737367544323206e-13,ok
sample_001243,"(224, 2)","(224, 2)",0.0,0.0,0.0,0.0,0.0,8.853246244401925,2.8692333470807574,21.377167726338335,4.421859703792766e-14,2.2737367544323206e-13,2.2737367544323206e-13,2.210929851896383e-14,2.2737367544323206e-13,ok
sample_001244,"(224, 2)","(224, 2)",0.0,0.0,0.0,0.0,0.0,8.496152936061765,17.906836683233468,27.645297972711333,2.5376526277146434e-16,0.0,2.842170943040401e-14,1.2688263138573217e-16,2.842170943040401e-14,ok
sample_001245,"(224, 2)","(224, 2)",0.0,0.0,0.0,0.0,0.0,9.08380190002572,9.53530282686395,24.16718850011305,0.0,0.0,0.0,0.0,0.0,ok
sample_001246,"(224, 2)","(224, 2)",0.0,0.0,0.0,0.0,0.0,8.739844711164256,0.0,28.87510519461358,0.0,0.0,0.0,0.0,0.0,ok
sample_001247,"(224, 2)","(224, 2)",0.0,0.0,0.0,0.0,0.0,9.607691576542274,8.530375138292543,26.767893081077563,0.0,0.0,0.0,0.0,0.0,ok
sample_001248,"(224, 2)","(224, 2)",0.0,0.0,0.0,0.0,0.0,12.115871049140205,0.0,24.395198298025818,3.0767727410855455e-14,0.0,1.6077746776921858e-13,1.6114094185987986e-14,1.1368683772161603e-13,ok
sample_001249,"(224, 2)","(224, 2)",0.0,0.0,0.0,0.0,0.0,10.147887734071784,14.141923490105524,28.95260437335491,3.283722500262749e-13,7.958078640513122e-13,1.0231815394945443e-12,1.6418612501313744e-13,1.0231815394945443e-12,ok
sample_001250,"(224, 2)","(224, 2)",0.0,0.0,0.0,0.0,0.0,9.318363249771872,9.155249860052951,27.27398944049072,1.3830206821044807e-14,2.2737367544323206e-13,2.2737367544323206e-13,6.9151034105224035e-15,2.2737367544323206e-13,ok
sample_001251,"(224, 2)","(224, 2)",0.0,0.0,0.0,0.0,0.0,13.500340485612606,12.794655134078406,29.388501152661647,0.0,0.0,0.0,0.0,0.0,ok
sample_001252,"(224, 2)","(224, 2)",0.0,0.0,0.0,0.0,0.0,12.347718714020308,10.421756090026307,30.16110409119673,0.0,0.0,0.0,0.0,0.0,ok
sample_001253,"(224, 2)","(224, 2)",0.0,0.0,0.0,0.0,0.0,9.266070910611637,15.00736485862862,26.176006188874563,1.2497939191494619e-14,0.0,5.684341886080802e-14,6.2489695957473096e-15,5.684341886080802e-14,ok
sample_001254,"(224, 2)","(224, 2)",0.0,0.0,0.0,0.0,0.0,7.268985313798524,0.0,28.9391672305892,6.90241514738383e-14,2.2737367544323206e-13,2.2737367544323206e-13,3.451207573691915e-14,2.2737367544323206e-13,ok
sample_001255,"(224, 2)","(224, 2)",0.0,0.0,0.0,0.0,0.0,11.369156965838597,15.403129552139864,32.71417124122205,4.718539857175643e-14,2.2737367544323206e-13,3.2155493553843715e-13,2.5376526277146437e-14,2.2737367544323206e-13,ok
sample_001256,"(224, 2)","(224, 2)",0.0,0.0,0.0,0.0,0.0,13.041034881663565,12.257650672131255,29.823924959669593,6.902591949709951e-13,1.6601781983934227e-12,1.6601781983934227e-12,4.138277022645655e-13,1.3642420526593924e-12,ok
sample_001257,"(224, 2)","(224, 2)",0.0,0.0,0.0,0.0,0.0,10.040737122725867,0.0,29.982928476050834,0.0,0.0,0.0,0.0,0.0,ok
sample_001258,"(224, 2)","(224, 2)",0.0,0.0,0.0,0.0,0.0,12.793061703876848,17.17397158493049,25.364039504779207,1.2942028401344683e-13,4.547473508864641e-13,8.526512829121202e-13,6.471014200672341e-14,8.526512829121202e-13,ok
sample_001259,"(224, 2)","(224, 2)",0.0,0.0,0.0,0.0,0.0,9.877834823643514,11.993239762466128,23.993934650240153,3.045183153257572e-14,4.547473508864641e-13,5.684341886080801e-13,1.522591576628786e-14,5.684341886080801e-13,ok
sample_001260,"(224, 2)","(224, 2)",0.0,0.0,0.0,0.0,0.0,11.221030617264526,15.89246676888141,27.41228374287693,0.0,0.0,0.0,0.0,0.0,ok
sample_001261,"(224, 2)","(224, 2)",0.0,0.0,0.0,0.0,0.0,9.552287254479085,5.34063666616614,25.48750674350083,3.552713678800501e-15,0.0,5.684341886080802e-14,1.7763568394002505e-15,5.684341886080802e-14,ok
sample_001262,"(224, 2)","(224, 2)",0.0,0.0,0.0,0.0,0.0,12.740623359871247,22.784365253392586,30.81042193803906,6.047769053547501e-13,2.1719839849700746e-12,2.1719839849700746e-12,3.0407422611590714e-13,2.1600499167107046e-12,ok
sample_001263,"(224, 2)","(224, 2)",0.0,0.0,0.0,0.0,0.0,10.043875611020928,0.11999999999989086,24.977808150436342,1.3741388979074795e-13,2.2737367544323206e-13,2.2737367544323206e-13,6.870694489537398e-14,2.2737367544323206e-13,ok
sample_001264,"(224, 2)","(224, 2)",0.0,0.0,0.0,0.0,0.0,12.440407240779559,10.38238893511491,27.710476358229478,1.225287078084083e-15,0.0,4.0194366942304644e-14,7.61295788314393e-16,2.842170943040401e-14,ok
sample_001265,"(224, 2)","(224, 2)",0.0,0.0,0.0,0.0,0.0,10.24094763146175,23.710934186573095,24.447928337591257,5.051514762044462e-15,0.0,1.1368683772161603e-13,2.525757381022231e-15,1.1368683772161603e-13,ok
sample_001266,"(224, 2)","(224, 2)",0.0,0.0,0.0,0.0,0.0,11.39870192930208,12.95997299379899,28.292970858501274,7.61295788314393e-14,0.0,2.2737367544323206e-13,3.806478941571965e-14,2.2737367544323206e-13,ok
sample_001267,"(224, 2)","(224, 2)",0.0,0.0,0.0,0.0,0.0,10.125708859991608,0.22360679774981626,23.336874255135506,6.344131569286609e-16,0.0,2.842170943040401e-14,3.1720657846433045e-16,2.842170943040401e-14,ok
sample_001268,"(224, 2)","(224, 2)",0.0,0.0,0.0,0.0,0.0,9.489042297988048,5.971616196642177,24.983484544794763,2.0301221021717147e-15,0.0,2.2737367544323206e-13,1.0150610510858574e-15,2.2737367544323206e-13,ok
sample_001269,"(224, 2)","(224, 2)",0.0,0.0,0.0,0.0,0.0,10.66160300065889,8.163528648813543,31.272390378735196,2.030122102171715e-14,1.4210854715202004e-13,2.8421709430404007e-13,1.0150610510858574e-14,2.8421709430404007e-13,ok
sample_001270,"(224, 2)","(224, 2)",0.0,0.0,0.0,0.0,0.0,6.305979843571467,0.0,29.987439037036747,1.3145040611561853e-13,1.1368683772161603e-13,4.547473508864641e-13,6.572520305780927e-14,4.547473508864641e-13,ok
sample_001271,"(224, 2)","(224, 2)",0.0,0.0,0.0,0.0,0.0,9.852495163372819,24.675497968632726,29.49537082323245,0.0,0.0,0.0,0.0,0.0,ok
sample_001272,"(224, 2)","(224, 2)",0.0,0.0,0.0,0.0,0.0,9.477776856120345,21.043274460026385,24.94623017612077,4.3711066512384736e-14,2.2737367544323206e-13,2.2737367544323206e-13,2.1855533256192368e-14,2.2737367544323206e-13,ok
sample_001273,"(224, 2)","(224, 2)",0.0,0.0,0.0,0.0,0.0,11.150386440742635,30.02861468666168,30.02861468666168,0.0,0.0,0.0,0.0,0.0,ok
sample_001274,"(224, 2)","(224, 2)",0.0,0.0,0.0,0.0,0.0,9.561567940340135,8.325683155153113,28.022626572111374,5.176811360537873e-14,5.684341886080802e-14,4.547473508864641e-13,2.5884056802689363e-14,4.547473508864641e-13,ok
sample_001275,"(224, 2)","(224, 2)",0.0,0.0,0.0,0.0,0.0,10.322406357439787,21.083984443173932,26.946409779412242,2.0301221021717147e-15,0.0,1.1368683772161603e-13,1.0150610510858574e-15,1.1368683772161603e-13,ok
sample_001276,"(224, 2)","(224, 2)",0.0,0.0,0.0,0.0,0.0,12.0286980056004,8.680829453456628,25.66377213115794,1.2586752187591804e-13,8.601970165740088e-13,8.601970165740088e-13,6.712091200305232e-14,8.526512829121202e-13,ok
sample_001277,"(224, 2)","(224, 2)",0.0,0.0,0.0,0.0,0.0,10.828387681336354,23.508987643027083,24.165051210373917,0.0,0.0,0.0,0.0,0.0,ok
sample_001278,"(224, 2)","(224, 2)",0.0,0.0,0.0,0.0,0.0,11.507370079895315,0.0,26.142761904588404,2.2838873649431793e-14,0.0,1.1368683772161603e-13,1.1419436824715896e-14,1.1368683772161603e-13,ok
sample_001279,"(224, 2)","(224, 2)",0.0,0.0,0.0,0.0,0.0,7.511560087811631,9.295170789178611,26.67945464210223,1.5352798397673592e-14,2.5579538487363607e-13,3.410605131648481e-13,7.676399198836796e-15,3.410605131648481e-13,ok
sample_001280,"(224, 2)","(224, 2)",0.0,0.0,0.0,0.0,0.0,9.927410437205642,0.0,28.21974486064686,5.5828357809722155e-14,0.0,3.410605131648481e-13,2.7914178904861077e-14,3.410605131648481e-13,ok
sample_001281,"(224, 2)","(224, 2)",0.0,0.0,0.0,0.0,0.0,12.856265103673167,7.400716181559797,26.63061583966833,1.238374482324746e-13,5.684341886080801e-13,6.821210263296962e-13,6.19187241162373e-14,6.821210263296962e-13,ok
sample_001282,"(224, 2)","(224, 2)",0.0,0.0,0.0,0.0,0.0,10.104429626493337,9.597093309955872,25.065484236296086,2.4995878382989238e-14,0.0,1.1368683772161603e-13,1.2497939191494619e-14,1.1368683772161603e-13,ok
sample_001283,"(224, 2)","(224, 2)",0.0,0.0,0.0,0.0,0.0,8.621537931322063,0.0,28.244663212720198,0.0,0.0,0.0,0.0,0.0,ok
sample_001284,"(224, 2)","(224, 2)",0.0,0.0,0.0,0.0,0.0,11.337055449512036,0.0,31.4631625873815,0.0,0.0,0.0,0.0,0.0,ok
sample_001285,"(224, 2)","(224, 2)",0.0,0.0,0.0,0.0,0.0,10.625851453379758,16.643617395265952,27.326260263709738,1.522591576628786e-15,0.0,1.1368683772161603e-13,7.61295788314393e-16,1.1368683772161603e-13,ok
sample_001286,"(224, 2)","(224, 2)",0.0,0.0,0.0,0.0,0.0,12.311156518737928,15.220880395036247,29.337036319301223,2.4107699963289115e-13,7.958078640513122e-13,7.958078640513122e-13,1.2053849981644557e-13,7.958078640513122e-13,ok
sample_001287,"(224, 2)","(224, 2)",0.0,0.0,0.0,0.0,0.0,10.776560686896861,7.862321540105025,26.387438299312056,1.109750840920125e-13,2.6897585642512496e-13,1.0196288258157438e-12,5.724389216611924e-14,1.0196288258157438e-12,ok
sample_001288,"(224, 2)","(224, 2)",0.0,0.0,0.0,0.0,0.0,10.988918319599746,12.188424836704728,25.066826683886394,2.5376526277146437e-14,1.1368683772161603e-13,3.410605131648481e-13,1.2688263138573218e-14,3.410605131648481e-13,ok
sample_001289,"(224, 2)","(224, 2)",0.0,0.0,0.0,0.0,0.0,11.3062974166173,12.733864299575378,26.933817033610264,2.5376526277146434e-16,0.0,5.684341886080802e-14,1.2688263138573217e-16,5.684341886080802e-14,ok
sample_001290,"(224, 2)","(224, 2)",0.0,0.0,0.0,0.0,0.0,10.225691002844451,9.914196891327016,26.60154130872869,1.9353691957232102e-13,7.673861546209082e-13,1.0231815394945443e-12,9.865124590240677e-14,1.0231815394945443e-12,ok
sample_001291,"(224, 2)","(224, 2)",0.0,0.0,0.0,0.0,0.0,12.24705670218023,16.31467131143011,22.61068994966754,4.3165471197426086e-13,1.7621459846850485e-12,1.7621459846850485e-12,2.1582735598713043e-13,1.7621459846850485e-12,ok
sample_001292,"(224, 2)","(224, 2)",0.0,0.0,0.0,0.0,0.0,15.66843699118051,16.74514855114761,28.32990116467061,2.6391587328232294e-14,2.2737367544323206e-13,2.2737367544323206e-13,1.3195793664116147e-14,2.2737367544323206e-13,ok
sample_001293,"(224, 2)","(224, 2)",0.0,0.0,0.0,0.0,0.0,6.786198834240835,0.0,26.832825046945537,0.0,0.0,0.0,0.0,0.0,ok
sample_001294,"(224, 2)","(224, 2)",0.0,0.0,0.0,0.0,0.0,7.041535977117566,17.256317683677484,27.203459338841398,3.1720657846433045e-14,5.115907697472721e-13,5.115907697472721e-13,1.5860328923216522e-14,5.115907697472721e-13,ok
sample_001295,"(224, 2)","(224, 2)",0.0,0.0,0.0,0.0,0.0,11.55822177499841,14.636697031775983,28.405161502797522,8.856407670724105e-14,5.684341886080801e-13,6.252776074688882e-13,4.4282038353620527e-14,6.252776074688882e-13,ok
sample_001296,"(224, 2)","(224, 2)",0.0,0.0,0.0,0.0,0.0,6.512411946346566,0.0,25.978693192691527,0.0,0.0,0.0,0.0,0.0,ok
sample_001297,"(224, 2)","(224, 2)",0.0,0.0,0.0,0.0,0.0,11.629847119510217,12.88735814664894,26.12574400854444,6.5852085689195e-14,0.0,2.2737367544323206e-13,3.29260428445975e-14,2.2737367544323206e-13,ok
sample_001298,"(224, 2)","(224, 2)",0.0,0.0,0.0,0.0,0.0,10.823846793747569,0.0,26.11706147329747,1.202847345536741e-13,2.2737367544323206e-13,4.547473508864641e-13,6.014236727683705e-14,4.547473508864641e-13,ok
sample_001299,"(224, 2)","(224, 2)",0.0,0.0,0.0,0.0,0.0,11.070856282042937,14.609753591351241,30.97451371692538,2.5872626890128965e-13,1.6277477997478347e-12,1.6277477997478347e-12,1.3195793664116147e-13,1.5916157281026244e-12,ok
sample_001300,"(224, 2)","(224, 2)",0.0,0.0,0.0,0.0,0.0,10.670470234423451,16.931509088087747,25.39965550947506,0.0,0.0,0.0,0.0,0.0,ok
sample_001301,"(224, 2)","(224, 2)",0.0,0.0,0.0,0.0,0.0,12.0724285241319,6.343476964567536,21.81655564015554,2.2478051166428615e-13,9.00612917575927e-13,1.1262102361797588e-12,1.1239025583214308e-13,1.1262102361797588e-12,ok
sample_001302,"(224, 2)","(224, 2)",0.0,0.0,0.0,0.0,0.0,10.55395468346306,15.473464382613244,30.165443805785625,3.451207573691915e-14,2.2737367544323206e-13,4.547473508864641e-13,1.7256037868459575e-14,4.547473508864641e-13,ok
sample_001303,"(224, 2)","(224, 2)",0.0,0.0,0.0,0.0,0.0,11.33068099484825,8.189993894991572,26.48065897971565,1.522591576628786e-15,0.0,5.684341886080802e-14,7.61295788314393e-16,5.684341886080802e-14,ok
sample_001304,"(224, 2)","(224, 2)",0.0,0.0,0.0,0.0,0.0,11.586513028840509,23.253569618447777,30.017334991634428,7.080050831323855e-14,2.2737367544323206e-13,2.2737367544323206e-13,3.5400254156619274e-14,2.2737367544323206e-13,ok
sample_001305,"(224, 2)","(224, 2)",0.0,0.0,0.0,0.0,0.0,9.078862428869938,15.519294442725226,27.23974485930423,5.582835780972216e-15,0.0,1.1368683772161603e-13,2.791417890486108e-15,1.1368683772161603e-13,ok
sample_001306,"(224, 2)","(224, 2)",0.0,0.0,0.0,0.0,0.0,11.648728697282356,24.681752368906132,26.694353335490153,1.1165671561944431e-14,0.0,1.1368683772161603e-13,5.582835780972216e-15,1.1368683772161603e-13,ok
sample_001307,"(224, 2)","(224, 2)",0.0,0.0,0.0,0.0,0.0,9.626564052348064,0.0,21.91802910847597,5.075305255429287e-16,0.0,5.684341886080802e-14,2.5376526277146434e-16,5.684341886080802e-14,ok
sample_001308,"(224, 2)","(224, 2)",0.0,0.0,0.0,0.0,0.0,11.632882084969568,15.088286847750517,29.035228602509747,1.3018947922868949e-13,2.2914314707516465e-13,5.115907697472721e-13,6.52811138479592e-14,5.115907697472721e-13,ok
sample_001309,"(224, 2)","(224, 2)",0.0,0.0,0.0,0.0,0.0,11.526972340936014,29.77694578025072,29.77694578025072,1.8524864182316898e-14,0.0,1.1368683772161603e-13,9.262432091158449e-15,1.1368683772161603e-13,ok
sample_001310,"(224, 2)","(224, 2)",0.0,0.0,0.0,0.0,0.0,8.874748647105235,0.0,25.15725143969421,7.61295788314393e-16,0.0,5.684341886080802e-14,3.806478941571965e-16,5.684341886080802e-14,ok
sample_001311,"(224, 2)","(224, 2)",0.0,0.0,0.0,0.0,0.0,13.767353262145118,22.971921991857606,24.20203297245935,2.686299671848728e-13,7.958078640513122e-13,9.663381206337363e-13,1.4096660346954845e-13,9.663381206337363e-13,ok
sample_001312,"(224, 2)","(224, 2)",0.0,0.0,0.0,0.0,0.0,6.2729633141165655,10.736777915184819,23.79359787842102,1.522591576628786e-14,0.0,2.2737367544323206e-13,7.61295788314393e-15,2.2737367544323206e-13,ok
sample_001313,"(224, 2)","(224, 2)",0.0,0.0,0.0,0.0,0.0,11.710440983418225,14.196918679769903,28.638598080213324,2.8929239955946934e-14,5.684341886080801e-13,5.684341886080801e-13,1.4464619977973467e-14,5.684341886080801e-13,ok
sample_001314,"(224, 2)","(224, 2)",0.0,0.0,0.0,0.0,0.0,10.9528119315425,8.938014320865669,27.58622844826749,4.77078694010353e-14,5.115907697472721e-13,5.115907697472721e-13,2.385393470051765e-14,5.115907697472721e-13,ok
sample_001315,"(224, 2)","(224, 2)",0.0,0.0,0.0,0.0,0.0,7.4549909562458145,18.980184403740704,22.660225065078265,2.4361465226060576e-14,0.0,2.2737367544323206e-13,1.2180732613030288e-14,2.2737367544323206e-13,ok
sample_001316,"(224, 2)","(224, 2)",0.0,0.0,0.0,0.0,0.0,9.706002234647887,12.306652672436927,27.877175251448932,1.380483029476766e-13,2.2737367544323206e-13,2.2737367544323206e-13,6.90241514738383e-14,2.2737367544323206e-13,ok
sample_001317,"(224, 2)","(224, 2)",0.0,0.0,0.0,0.0,0.0,9.001457444463863,6.236553535407098,27.697445730608383,4.77078694010353e-14,0.0,2.2737367544323206e-13,2.385393470051765e-14,2.2737367544323206e-13,ok
sample_001318,"(224, 2)","(224, 2)",0.0,0.0,0.0,0.0,0.0,14.660660913989265,7.5377582874485745,30.39042283351786,8.463071513428337e-14,4.547473508864641e-13,7.389644451905042e-13,4.2315357567141683e-14,7.389644451905042e-13,ok
sample_001319,"(224, 2)","(224, 2)",0.0,0.0,0.0,0.0,0.0,11.656889246654812,8.644680445221832,26.481708781723345,6.737467726582379e-14,1.1368683772161603e-13,3.410605131648481e-13,3.3687338632911895e-14,3.410605131648481e-13,ok
sample_001320,"(224, 2)","(224, 2)",0.0,0.0,0.0,0.0,0.0,9.038466133900128,16.74150829525223,30.844651075996932,0.0,0.0,0.0,0.0,0.0,ok
sample_001321,"(224, 2)","(224, 2)",0.0,0.0,0.0,0.0,0.0,10.662353180634913,6.971484777291025,27.81559634449709,5.202187886815019e-15,0.0,5.684341886080802e-14,2.6010939434075094e-15,5.684341886080802e-14,ok
sample_001322,"(224, 2)","(224, 2)",0.0,0.0,0.0,0.0,0.0,9.593007774497156,0.0,26.37089683723324,0.0,0.0,0.0,0.0,0.0,ok
sample_001323,"(224, 2)","(224, 2)",0.0,0.0,0.0,0.0,0.0,10.138512117541776,11.26795456149861,23.70689351222553,0.0,0.0,0.0,0.0,0.0,ok
sample_001324,"(224, 2)","(224, 2)",0.0,0.0,0.0,0.0,0.0,9.096465213273499,5.102979521808799,20.820991811150638,9.769962616701378e-15,5.684341886080802e-14,1.1368683772161603e-13,4.884981308350689e-15,1.1368683772161603e-13,ok
sample_001325,"(224, 2)","(224, 2)",0.0,0.0,0.0,0.0,0.0,12.861550638657945,18.517505231537,27.68653463328353,1.4420211056988462e-13,1.2789769243681803e-13,7.958078640513122e-13,7.210105528494231e-14,7.958078640513122e-13,ok
sample_001326,"(224, 2)","(224, 2)",0.0,0.0,0.0,0.0,0.0,12.781357542420368,5.177489739246215,24.58129573476567,7.65102267255965e-14,2.2737367544323206e-13,6.252776074688882e-13,3.825511336279825e-14,6.252776074688882e-13,ok
sample_001327,"(224, 2)","(224, 2)",0.0,0.0,0.0,0.0,0.0,9.47614473756179,14.153815739933982,22.549660751328386,1.960048219061809e-14,2.3437142008433856e-13,2.3437142008433856e-13,1.0467817089322905e-14,2.2737367544323206e-13,ok
sample_001328,"(224, 2)","(224, 2)",0.0,0.0,0.0,0.0,0.0,9.795238834063209,2.4806853891617187,20.910327591886244,4.3679345854538303e-14,9.237055564881302e-14,4.263256414560601e-13,2.1839672927269152e-14,4.263256414560601e-13,ok
sample_001329,"(224, 2)","(224, 2)",0.0,0.0,0.0,0.0,0.0,12.550953680741944,11.625368811353944,27.71515469918925,1.2434497875801753e-13,5.684341886080801e-13,7.958078640513122e-13,6.217248937900877e-14,7.958078640513122e-13,ok
sample_001330,"(224, 2)","(224, 2)",0.0,0.0,0.0,0.0,0.0,13.702603247499932,26.091887628150037,26.98605936404928,3.2481953634747435e-14,0.0,2.2737367544323206e-13,1.6240976817373718e-14,2.2737367544323206e-13,ok
sample_001331,"(224, 2)","(224, 2)",0.0,0.0,0.0,0.0,0.0,9.545200985361564,0.03999999999996362,27.029452454683653,3.1022803373811516e-13,1.4495071809506044e-12,1.5916157281026244e-12,1.5511401686905758e-13,1.5916157281026244e-12,ok
sample_001332,"(224, 2)","(224, 2)",0.0,0.0,0.0,0.0,0.0,9.271598822094964,0.05099019513593721,26.79535967289859,4.199815098867735e-13,7.958078640513122e-13,1.1368683772161603e-12,2.0999075494338674e-13,1.1368683772161603e-12,ok
sample_001333,"(224, 2)","(224, 2)",0.0,0.0,0.0,0.0,0.0,10.71836297319177,9.82878425849301,28.397735825237845,1.3386117611194744e-14,0.0,5.684341886080802e-14,6.693058805597372e-15,5.684341886080802e-14,ok
sample_001334,"(224, 2)","(224, 2)",0.0,0.0,0.0,0.0,0.0,8.197793450186738,0.0,24.11602993861134,4.618527782440651e-13,9.094947017729282e-13,1.1368683772161603e-12,2.3092638912203256e-13,1.1368683772161603e-12,ok
sample_001335,"(224, 2)","(224, 2)",0.0,0.0,0.0,0.0,0.0,10.269447182117007,0.0,27.43892308382382,0.0,0.0,0.0,0.0,0.0,ok
sample_001336,"(224, 2)","(224, 2)",0.0,0.0,0.0,0.0,0.0,10.233195366644233,13.751018144122963,26.14323813149393,2.3311226317740113e-14,3.595093471822542e-13,3.595093471822542e-13,1.3068911032730413e-14,3.410605131648481e-13,ok
sample_001337,"(224, 2)","(224, 2)",0.0,0.0,0.0,0.0,0.0,9.907679380137052,0.0,24.094275253677957,4.161750309452015e-14,2.2737367544323206e-13,2.2737367544323206e-13,2.0808751547260076e-14,2.2737367544323206e-13,ok
sample_001338,"(224, 2)","(224, 2)",0.0,0.0,0.0,0.0,0.0,10.890381225240398,0.0,27.099396672250734,1.4718385240744934e-14,0.0,2.2737367544323206e-13,7.359192620372467e-15,2.2737367544323206e-13,ok
sample_001339,"(224, 2)","(224, 2)",0.0,0.0,0.0,0.0,0.0,11.338343776802395,6.113926725108827,26.344458620362243,1.1013412404281553e-13,4.547473508864641e-13,6.821210263296962e-13,5.5067062021407764e-14,6.821210263296962e-13,ok
sample_001340,"(224, 2)","(224, 2)",0.0,0.0,0.0,0.0,0.0,11.51768857849574,27.481988647112157,27.7688782632643,1.5010215292932116e-13,3.979039320256561e-13,5.684341886080801e-13,7.505107646466058e-14,5.684341886080801e-13,ok
sample_001341,"(224, 2)","(224, 2)",0.0,0.0,0.0,0.0,0.0,11.92235207388684,13.20168549845049,28.037341172086943,3.400454521137622e-14,2.2737367544323206e-13,2.2737367544323206e-13,1.700227260568811e-14,2.2737367544323206e-13,ok
sample_001342,"(224, 2)","(224, 2)",0.0,0.0,0.0,0.0,0.0,11.476338608625554,0.07071067811836536,26.92403015894904,1.4210854715202004e-14,0.0,2.2737367544323206e-13,7.105427357601002e-15,2.2737367544323206e-13,ok
sample_001343,"(224, 2)","(224, 2)",0.0,0.0,0.0,0.0,0.0,11.889383816135933,4.653181707176377,23.916439952467783,3.451207573691915e-14,0.0,2.2737367544323206e-13,1.7256037868459575e-14,2.2737367544323206e-13,ok
sample_001344,"(224, 2)","(224, 2)",0.0,0.0,0.0,0.0,0.0,9.83559822070117,16.497424041346633,26.09008432335937,1.4464619977973467e-14,5.684341886080802e-14,5.684341886080802e-14,7.232309988986734e-15,5.684341886080802e-14,ok
sample_001345,"(224, 2)","(224, 2)",0.0,0.0,0.0,0.0,0.0,12.510242678525499,5.959211357218293,26.465679662536523,7.530497378303401e-14,2.8421709430404007e-13,5.684341886080801e-13,3.946049836096271e-14,5.684341886080801e-13,ok
sample_001346,"(224, 2)","(224, 2)",0.0,0.0,0.0,0.0,0.0,13.184085667323687,5.447219474190515,27.41235123078644,1.257406877032606e-13,7.105427357601002e-13,9.094947017729282e-13,6.28703438516303e-14,9.094947017729282e-13,ok
sample_001347,"(224, 2)","(224, 2)",0.0,0.0,0.0,0.0,0.0,11.952363352611425,0.0,28.74534571021875,8.168069395456508e-16,0.0,2.842170943040401e-14,4.084034697728254e-16,2.842170943040401e-14,ok
sample_001348,"(224, 2)","(224, 2)",0.0,0.0,0.0,0.0,0.0,13.783060391550427,6.667390794006333,28.672192103150994,3.907985046680551e-14,0.0,4.547473508864641e-13,1.9539925233402755e-14,4.547473508864641e-13,ok
sample_001349,"(224, 2)","(224, 2)",0.0,0.0,0.0,0.0,0.0,10.783277403024544,6.717261346709706,29.578708558691236,3.8794364546187615e-14,2.0605739337042905e-13,5.400124791776761e-13,1.9397182273093807e-14,5.400124791776761e-13,ok
sample_001350,"(224, 2)","(224, 2)",0.0,0.0,0.0,0.0,0.0,10.729008943282277,9.2012716512446,21.7892496428858,2.4627599558575353e-14,2.2737367544323206e-13,2.2837069025155467e-13,1.2482078862571403e-14,2.2737367544323206e-13,ok
sample_001351,"(224, 2)","(224, 2)",0.0,0.0,0.0,0.0,0.0,9.719124687049801,11.003644850684578,29.00000862068838,6.970614561753661e-15,0.0,5.684341886080802e-14,3.4853072808768307e-15,5.684341886080802e-14,ok
sample_001352,"(224, 2)","(224, 2)",0.0,0.0,0.0,0.0,0.0,10.50044639656626,23.43136786446725,28.059552740555247,9.846092195532817e-14,0.0,2.2737367544323206e-13,4.9230460977664086e-14,2.2737367544323206e-13,ok
sample_001353,"(224, 2)","(224, 2)",0.0,0.0,0.0,0.0,0.0,13.72808120580618,0.0,30.136224050135908,9.090988141689311e-14,1.1368683772161603e-13,6.915300366811402e-13,4.846916518934969e-14,6.821210263296962e-13,ok
sample_001354,"(224, 2)","(224, 2)",0.0,0.0,0.0,0.0,0.0,8.976323824534083,2.373267789357051,23.794825067648738,3.552713678800501e-15,0.0,1.1368683772161603e-13,1.7763568394002505e-15,1.1368683772161603e-13,ok
sample_001355,"(224, 2)","(224, 2)",0.0,0.0,0.0,0.0,0.0,10.776697147559304,10.58047257923763,23.117389558512198,1.522591576628786e-15,0.0,1.1368683772161603e-13,7.61295788314393e-16,1.1368683772161603e-13,ok
sample_001356,"(224, 2)","(224, 2)",0.0,0.0,0.0,0.0,0.0,9.218098738864333,12.526248440774232,24.86065164069515,2.1519294283020176e-13,0.0,7.958078640513122e-13,1.0759647141510088e-13,7.958078640513122e-13,ok
sample_001357,"(224, 2)","(224, 2)",0.0,0.0,0.0,0.0,0.0,7.154112720790812,21.945901667509556,28.536071909076586,0.0,0.0,0.0,0.0,0.0,ok
sample_001358,"(224, 2)","(224, 2)",0.0,0.0,0.0,0.0,0.0,7.358890336493353,1.6434719346554327,19.498628156872993,0.0,0.0,0.0,0.0,0.0,ok
sample_001359,"(224, 2)","(224, 2)",0.0,0.0,0.0,0.0,0.0,9.227373843577118,7.521602222931001,25.373549219610545,0.0,0.0,0.0,0.0,0.0,ok
sample_001360,"(224, 2)","(224, 2)",0.0,0.0,0.0,0.0,0.0,7.726397699615113,0.0,26.917230541049367,0.0,0.0,0.0,0.0,0.0,ok
sample_001361,"(224, 2)","(224, 2)",0.0,0.0,0.0,0.0,0.0,11.154403012178875,26.00343246573424,27.20960492179173,1.9286159970631292e-14,0.0,2.2737367544323206e-13,9.643079985315646e-15,2.2737367544323206e-13,ok
sample_001362,"(224, 2)","(224, 2)",0.0,0.0,0.0,0.0,0.0,7.363346713681966,0.2334523505986062,19.528914460358557,0.0,0.0,0.0,0.0,0.0,ok
sample_001363,"(224, 2)","(224, 2)",0.0,0.0,0.0,0.0,0.0,10.947537128888124,4.302940854810876,30.759304283419585,6.54714377950378e-14,3.410605131648481e-13,4.547473508864641e-13,3.27357188975189e-14,4.547473508864641e-13,ok
sample_001364,"(224, 2)","(224, 2)",0.0,0.0,0.0,0.0,0.0,8.708768674405704,0.0,26.924030158949215,3.045183153257572e-14,4.547473508864641e-13,4.547473508864641e-13,1.522591576628786e-14,4.547473508864641e-13,ok
sample_001365,"(224, 2)","(224, 2)",0.0,0.0,0.0,0.0,0.0,8.8693536231065,6.701320765341559,26.309941086973243,6.420261148118049e-14,5.400124791776761e-13,5.968558980384842e-13,3.2101305740590243e-14,5.968558980384842e-13,ok
sample_001366,"(224, 2)","(224, 2)",0.0,0.0,0.0,0.0,0.0,9.465717821424118,6.225126504738814,28.035978670272783,2.0301221021717147e-15,2.2737367544323206e-13,2.2737367544323206e-13,1.0150610510858574e-15,2.2737367544323206e-13,ok
sample_001367,"(224, 2)","(224, 2)",0.0,0.0,0.0,0.0,0.0,8.930656544952951,9.26572717060027,28.639896997021445,0.0,0.0,0.0,0.0,0.0,ok
sample_001368,"(224, 2)","(224, 2)",0.0,0.0,0.0,0.0,0.0,5.682171520724432,12.557503732828437,27.62082185598373,1.522591576628786e-15,5.684341886080802e-14,1.1368683772161603e-13,7.61295788314393e-16,1.1368683772161603e-13,ok
sample_001369,"(224, 2)","(224, 2)",0.0,0.0,0.0,0.0,0.0,8.07777554137324,12.65740889755874,27.37255011868638,3.045183153257572e-15,0.0,1.1368683772161603e-13,1.522591576628786e-15,1.1368683772161603e-13,ok
sample_001370,"(224, 2)","(224, 2)",0.0,0.0,0.0,0.0,0.0,8.036779573019084,4.146757769631703,25.49226157091581,0.0,0.0,0.0,0.0,0.0,ok
sample_001371,"(224, 2)","(224, 2)",0.0,0.0,0.0,0.0,0.0,11.684184321904342,23.868158705689915,27.970105469947576,1.1622449034933068e-13,6.252776074688882e-13,6.252776074688882e-13,5.811224517466534e-14,6.252776074688882e-13,ok
sample_001372,"(224, 2)","(224, 2)",0.0,0.0,0.0,0.0,0.0,6.495040000249451,12.254607296849581,21.756500178107792,2.5376526277146436e-15,5.684341886080802e-14,1.1368683772161603e-13,1.2688263138573218e-15,1.1368683772161603e-13,ok
sample_001373,"(224, 2)","(224, 2)",0.0,0.0,0.0,0.0,0.0,13.977709783089688,12.209258781760651,25.139395378568597,5.515304596835083e-13,9.447813987773464e-13,1.0859919924850373e-12,3.2098034547749826e-13,1.0800249583553523e-12,ok
sample_001374,"(224, 2)","(224, 2)",0.0,0.0,0.0,0.0,0.0,8.785933079818113,11.28473748033154,30.517681759923956,0.0,0.0,0.0,0.0,0.0,ok
sample_001375,"(224, 2)","(224, 2)",0.0,0.0,0.0,0.0,0.0,10.421324714880738,11.565954348863718,25.069702830308817,4.33938599339204e-14,0.0,2.2737367544323206e-13,2.16969299669602e-14,2.2737367544323206e-13,ok
sample_001376,"(224, 2)","(224, 2)",0.0,0.0,0.0,0.0,0.0,7.959194011137342,10.75678855421064,26.963178596003942,0.0,0.0,0.0,0.0,0.0,ok
sample_001377,"(224, 2)","(224, 2)",0.0,0.0,0.0,0.0,0.0,14.875830316570239,1.3705838172107578,25.376556109921406,3.244409387084183e-13,1.0516032489249483e-12,1.1718571004216928e-12,1.874690878724193e-13,1.1084466677857563e-12,ok
sample_001378,"(224, 2)","(224, 2)",0.0,0.0,0.0,0.0,0.0,4.0425527896456614,0.0,25.830296165549516,0.0,0.0,0.0,0.0,0.0,ok
sample_001379,"(224, 2)","(224, 2)",0.0,0.0,0.0,0.0,0.0,11.555716309660427,0.01999999999998181,30.869327819050437,0.0,0.0,0.0,0.0,0.0,ok
sample_001380,"(224, 2)","(224, 2)",0.0,0.0,0.0,0.0,0.0,8.09068369610497,19.756267360005072,29.542599750191307,1.1165671561944431e-14,2.2737367544323206e-13,2.2737367544323206e-13,5.582835780972216e-15,2.2737367544323206e-13,ok
sample_001381,"(224, 2)","(224, 2)",0.0,0.0,0.0,0.0,0.0,9.679652317733332,0.0,29.388501152661668,3.045183153257572e-15,0.0,1.1368683772161603e-13,1.522591576628786e-15,1.1368683772161603e-13,ok
sample_001382,"(224, 2)","(224, 2)",0.0,0.0,0.0,0.0,0.0,9.151410876644652,0.11045361017177215,26.178437692116148,0.0,0.0,0.0,0.0,0.0,ok
sample_001383,"(224, 2)","(224, 2)",0.0,0.0,0.0,0.0,0.0,10.052726390825224,19.62875441794518,28.923654679172117,5.075305255429287e-15,0.0,2.2737367544323206e-13,2.5376526277146436e-15,2.2737367544323206e-13,ok
sample_001384,"(224, 2)","(224, 2)",0.0,0.0,0.0,0.0,0.0,11.489087548500438,10.249770729143112,25.80693898934943,6.19187241162373e-14,1.1368683772161603e-13,5.684341886080801e-13,3.095936205811865e-14,5.684341886080801e-13,ok
sample_001385,"(224, 2)","(224, 2)",0.0,0.0,0.0,0.0,0.0,13.763614830900964,10.005563452399894,29.945739262873364,3.4033119454053724e-13,1.3511526417465476e-12,1.3511526417465476e-12,1.8347228498376874e-13,1.3073986337985843e-12,ok
sample_001386,"(224, 2)","(224, 2)",0.0,0.0,0.0,0.0,0.0,9.140733735424913,0.0,26.888517995605444,4.8730860616582766e-14,2.2737367544323206e-13,2.2737367544323206e-13,2.4365430308291383e-14,2.2737367544323206e-13,ok
sample_001387,"(224, 2)","(224, 2)",0.0,0.0,0.0,0.0,0.0,8.729510794897346,17.813346120254913,19.821051939793662,1.45915026093592e-14,5.684341886080802e-14,8.526512829121202e-14,7.2957513046796e-15,8.526512829121202e-14,ok
sample_001388,"(224, 2)","(224, 2)",0.0,0.0,0.0,0.0,0.0,7.726465810869842,19.35119892926513,27.92216503067046,0.0,0.0,0.0,0.0,0.0,ok
sample_001389,"(224, 2)","(224, 2)",0.0,0.0,0.0,0.0,0.0,9.076637914609949,9.600900999385438,27.583563946669408,0.0,0.0,0.0,0.0,0.0,ok
sample_001390,"(224, 2)","(224, 2)",0.0,0.0,0.0,0.0,0.0,8.897313742661217,4.627958513210799,26.301672950593836,3.8572319941262583e-14,2.2737367544323206e-13,2.2737367544323206e-13,1.9286159970631292e-14,2.2737367544323206e-13,ok
sample_001391,"(224, 2)","(224, 2)",0.0,0.0,0.0,0.0,0.0,8.364899710049958,6.137466904187652,24.32241147583858,2.5376526277146434e-16,5.684341886080802e-14,5.684341886080802e-14,1.2688263138573217e-16,5.684341886080802e-14,ok
sample_001392,"(224, 2)","(224, 2)",0.0,0.0,0.0,0.0,0.0,7.303825360447841,16.396417291591536,24.686346428744898,1.0150610510858574e-15,0.0,5.684341886080802e-14,5.075305255429287e-16,5.684341886080802e-14,ok
sample_001393,"(224, 2)","(224, 2)",0.0,0.0,0.0,0.0,0.0,8.2085829060418,8.119211784403717,29.944710718255482,2.0817620689643808e-14,2.842170943040401e-14,2.2737367544323206e-13,1.2624821822880351e-14,2.2737367544323206e-13,ok
sample_001394,"(224, 2)","(224, 2)",0.0,0.0,0.0,0.0,0.0,7.7662416809554236,12.894840053292723,25.98586154046085,0.0,0.0,0.0,0.0,0.0,ok
sample_001395,"(224, 2)","(224, 2)",0.0,0.0,0.0,0.0,0.0,8.093324113645712,12.887067160529455,26.79064015659203,1.3195793664116147e-14,2.2737367544323206e-13,2.2737367544323206e-13,6.597896832058073e-15,2.2737367544323206e-13,ok
sample_001396,"(224, 2)","(224, 2)",0.0,0.0,0.0,0.0,0.0,7.3068397984964175,25.10925128314254,28.567485013560272,6.141119359069437e-14,2.2737367544323206e-13,2.2737367544323206e-13,3.0705596795347185e-14,2.2737367544323206e-13,ok
sample_001397,"(224, 2)","(224, 2)",0.0,0.0,0.0,0.0,0.0,9.59770877804708,0.0,28.311481769769586,6.090366306515144e-15,0.0,2.2737367544323206e-13,3.045183153257572e-15,2.2737367544323206e-13,ok
sample_001398,"(224, 2)","(224, 2)",0.0,0.0,0.0,0.0,0.0,7.670771562828511,0.0,24.799842741436766,0.0,0.0,0.0,0.0,0.0,ok
sample_001399,"(224, 2)","(224, 2)",0.0,0.0,0.0,0.0,0.0,11.314691098605257,12.05387904369383,25.11186373011764,1.1267177667053018e-13,3.410605131648481e-13,5.684341886080801e-13,5.633588833526509e-14,5.684341886080801e-13,ok
sample_001400,"(224, 2)","(224, 2)",0.0,0.0,0.0,0.0,0.0,6.439083405387316,18.285950891326312,27.845130633559627,0.0,0.0,0.0,0.0,0.0,ok
sample_001401,"(224, 2)","(224, 2)",0.0,0.0,0.0,0.0,0.0,15.410304900438225,5.566345300104919,29.2554285560817,9.336044314896296e-14,2.428351918216984e-13,5.934627159212227e-13,5.0943376501371466e-14,5.684341886080801e-13,ok
sample_001402,"(224, 2)","(224, 2)",0.0,0.0,0.0,0.0,0.0,6.253742510444757,25.948712877520613,26.37089683723324,0.0,0.0,0.0,0.0,0.0,ok
sample_001403,"(224, 2)","(224, 2)",0.0,0.0,0.0,0.0,0.0,10.108644724080602,14.444112987649973,30.439390598367886,4.567774729886359e-15,0.0,5.684341886080802e-14,2.2838873649431793e-15,5.684341886080802e-14,ok
sample_001404,"(224, 2)","(224, 2)",0.0,0.0,0.0,0.0,0.0,5.508563352847982,0.0,21.762247126618153,2.0777030889413645e-15,0.0,5.684341886080802e-14,1.0388515444706822e-15,5.684341886080802e-14,ok
sample_001405,"(224, 2)","(224, 2)",0.0,0.0,0.0,0.0,0.0,11.59060110008158,10.284843217084163,26.54050866128987,1.522591576628786e-13,2.2737367544323206e-13,2.2737367544323206e-13,7.61295788314393e-14,2.2737367544323206e-13,ok
sample_001406,"(224, 2)","(224, 2)",0.0,0.0,0.0,0.0,0.0,11.326613642633877,20.799242774678085,21.3111731258511,1.0848464983480101e-13,7.389644451905042e-13,9.663381206337363e-13,5.4242324917400503e-14,9.663381206337363e-13,ok
sample_001407,"(224, 2)","(224, 2)",0.0,0.0,0.0,0.0,0.0,8.588417675741159,20.938887267474424,26.30373737703443,0.0,0.0,0.0,0.0,0.0,ok
sample_001408,"(224, 2)","(224, 2)",0.0,0.0,0.0,0.0,0.0,11.507481750057659,20.264463970211523,29.264466508036723,3.608542036610223e-13,8.526512829121202e-13,1.1937117960769683e-12,1.8042710183051115e-13,1.1937117960769683e-12,ok
sample_001409,"(224, 2)","(224, 2)",0.0,0.0,0.0,0.0,0.0,9.234527079937553,19.196314750493226,25.65784480426979,8.120488408686859e-15,0.0,2.2737367544323206e-13,4.0602442043434294e-15,2.2737367544323206e-13,ok
sample_001410,"(224, 2)","(224, 2)",0.0,0.0,0.0,0.0,0.0,9.115008501898766,23.41837953403268,27.66228660107477,2.85132374282827e-14,2.2737367544323206e-13,2.5421149729252077e-13,1.522591576628786e-14,2.2737367544323206e-13,ok
sample_001411,"(224, 2)","(224, 2)",0.0,0.0,0.0,0.0,0.0,9.704821780866824,11.898878098375606,30.91237939725767,6.268001990455169e-14,2.2737367544323206e-13,5.684341886080801e-13,3.1340009952275847e-14,5.684341886080801e-13,ok
sample_001412,"(224, 2)","(224, 2)",0.0,0.0,0.0,0.0,0.0,10.763474226355033,22.280998631120628,28.844996099843886,1.0277493142244306e-14,0.0,1.7053025658242404e-13,5.138746571122153e-15,1.7053025658242404e-13,ok
sample_001413,"(224, 2)","(224, 2)",0.0,0.0,0.0,0.0,0.0,15.780581687851582,20.676310115685542,30.6931979435182,1.8795392152098713e-13,9.112693272687351e-13,9.112693272687351e-13,1.021405182655144e-13,9.094947017729282e-13,ok
sample_001414,"(224, 2)","(224, 2)",0.0,0.0,0.0,0.0,0.0,9.417642781571903,9.41076511235935,29.22540333340152,0.0,0.0,0.0,0.0,0.0,ok
sample_001415,"(224, 2)","(224, 2)",0.0,0.0,0.0,0.0,0.0,7.431704651059124,7.150524456289915,25.435850683631585,3.195688023783607e-14,1.1718571004216928e-13,1.1718571004216928e-13,1.636785944875945e-14,1.1368683772161603e-13,ok
sample_001416,"(224, 2)","(224, 2)",0.0,0.0,0.0,0.0,0.0,9.416184487899573,5.897694464788784,28.70506923872512,3.025660238715871e-14,2.3437142008433856e-13,3.595093471822542e-13,1.700227260568811e-14,3.410605131648481e-13,ok
sample_001417,"(224, 2)","(224, 2)",0.0,0.0,0.0,0.0,0.0,9.809313998750266,0.0,18.829596384415677,1.7256037868459575e-14,1.1368683772161603e-13,2.2737367544323206e-13,8.628018934229787e-15,2.2737367544323206e-13,ok
sample_001418,"(224, 2)","(224, 2)",0.0,0.0,0.0,0.0,0.0,11.9217647308819,0.0,27.083666664615368,3.466433489458203e-13,1.3642420526593924e-12,1.4779288903810084e-12,1.7332167447291015e-13,1.4779288903810084e-12,ok
sample_001419,"(224, 2)","(224, 2)",0.0,0.0,0.0,0.0,0.0,8.319425258960914,28.163739098351247,28.18443896904818,3.121312732089012e-14,3.410605131648481e-13,5.684341886080801e-13,1.560656366044506e-14,5.684341886080801e-13,ok
sample_001420,"(224, 2)","(224, 2)",0.0,0.0,0.0,0.0,0.0,9.771627123407,23.95811344826635,24.033012711684854,0.0,0.0,0.0,0.0,0.0,ok
sample_001421,"(224, 2)","(224, 2)",0.0,0.0,0.0,0.0,0.0,10.577782756846798,27.753954673163257,27.974481228433923,7.862359860990008e-14,9.379164112033322e-13,1.0516032489249483e-12,4.301321203976321e-14,1.0516032489249483e-12,ok
sample_001422,"(224, 2)","(224, 2)",0.0,0.0,0.0,0.0,0.0,8.989737213431543,0.3125699921619224,25.349084796102556,0.0,0.0,0.0,0.0,0.0,ok
sample_001423,"(224, 2)","(224, 2)",0.0,0.0,0.0,0.0,0.0,10.226939434545216,5.160823577685931,27.441218996247247,7.879411409053968e-14,2.2737367544323206e-13,2.2737367544323206e-13,3.939705704526984e-14,2.2737367544323206e-13,ok
sample_001424,"(224, 2)","(224, 2)",0.0,0.0,0.0,0.0,0.0,8.17254833135943,12.973550015319573,29.802531771646553,8.697462690987311e-14,9.094947017729282e-13,9.094947017729282e-13,4.796163466380676e-14,9.094947017729282e-13,ok
sample_001425,"(224, 2)","(224, 2)",0.0,0.0,0.0,0.0,0.0,10.481149068424363,12.955840381850944,28.46801011662038,3.919229932388549e-14,4.1382633578908315e-13,4.1382633578908315e-13,2.2331343123888863e-14,3.979039320256561e-13,ok
sample_001426,"(224, 2)","(224, 2)",0.0,0.0,0.0,0.0,0.0,10.307348369393932,24.00440792854515,25.82493756042805,2.997619043321057e-14,3.595093471822542e-13,3.595093471822542e-13,1.573344629183079e-14,3.410605131648481e-13,ok
sample_001427,"(224, 2)","(224, 2)",0.0,0.0,0.0,0.0,0.0,9.30891314576671,11.89695759427596,26.689917571997114,1.2688263138573218e-15,0.0,5.684341886080802e-14,6.344131569286609e-16,5.684341886080802e-14,ok
sample_001428,"(224, 2)","(224, 2)",0.0,0.0,0.0,0.0,0.0,7.545876475312532,9.573264855836737,23.300901270122612,1.0150610510858574e-15,0.0,1.1368683772161603e-13,5.075305255429287e-16,1.1368683772161603e-13,ok
sample_001429,"(224, 2)","(224, 2)",0.0,0.0,0.0,0.0,0.0,14.229929786262883,3.2262826906519604,25.242317643196003,2.1245600757671526e-13,1.1828349242185148e-12,1.4126047071807233e-12,1.1614518870471459e-13,1.2931877790833823e-12,ok
sample_001430,"(224, 2)","(224, 2)",0.0,0.0,0.0,0.0,0.0,11.087657554634067,23.94808134277135,24.476981022993737,9.841334096855851e-15,0.0,5.684341886080802e-14,4.920667048427926e-15,5.684341886080802e-14,ok
sample_001431,"(224, 2)","(224, 2)",0.0,0.0,0.0,0.0,0.0,10.751584360023347,8.776497023300244,34.29288555954417,1.522591576628786e-15,0.0,1.1368683772161603e-13,7.61295788314393e-16,1.1368683772161603e-13,ok
sample_001432,"(224, 2)","(224, 2)",0.0,0.0,0.0,0.0,0.0,10.092332141390083,21.132969502651445,28.445034716097734,4.314009467114894e-15,0.0,5.684341886080802e-14,2.157004733557447e-15,5.684341886080802e-14,ok
sample_001433,"(224, 2)","(224, 2)",0.0,0.0,0.0,0.0,0.0,12.314846455966471,12.810441054077678,26.3062958243839,7.549516567451064e-14,3.410605131648481e-13,4.547473508864641e-13,3.774758283725532e-14,4.547473508864641e-13,ok
sample_001434,"(224, 2)","(224, 2)",0.0,0.0,0.0,0.0,0.0,7.718690853140801,14.135660578833939,25.037509860207745,2.5376526277146436e-15,1.1368683772161603e-13,1.1368683772161603e-13,1.2688263138573218e-15,1.1368683772161603e-13,ok
sample_001435,"(224, 2)","(224, 2)",0.0,0.0,0.0,0.0,0.0,9.277487119107102,6.76302447134419,28.54295359629062,2.030122102171715e-14,1.1368683772161603e-13,1.1368683772161603e-13,1.0150610510858574e-14,1.1368683772161603e-13,ok
sample_001436,"(224, 2)","(224, 2)",0.0,0.0,0.0,0.0,0.0,8.742121009624322,8.880883965011614,23.85275665410596,3.260883626613317e-14,1.4210854715202004e-13,2.8421709430404007e-13,1.6304418133066585e-14,2.8421709430404007e-13,ok
sample_001437,"(224, 2)","(224, 2)",0.0,0.0,0.0,0.0,0.0,12.005320551084692,0.02236067977499345,26.399469691643603,1.952565093737186e-13,3.197442310920451e-13,7.958078640513122e-13,9.76282546868593e-14,7.958078640513122e-13,ok
sample_001438,"(224, 2)","(224, 2)",0.0,0.0,0.0,0.0,0.0,11.061721496940473,14.448145209680089,29.521302478041015,5.075305255429287e-15,0.0,2.2737367544323206e-13,2.5376526277146436e-15,2.2737367544323206e-13,ok
sample_001439,"(224, 2)","(224, 2)",0.0,0.0,0.0,0.0,0.0,9.581432674582375,13.420838274861884,28.710336117851305,2.1316282072803006e-14,0.0,2.2737367544323206e-13,1.0658141036401503e-14,2.2737367544323206e-13,ok
sample_001440,"(224, 2)","(224, 2)",0.0,0.0,0.0,0.0,0.0,10.993915950419181,13.334290382318793,26.583592684210476,1.4725666341771247e-13,1.7053025658242404e-13,7.583857986973234e-13,8.672427855214794e-14,7.389644451905042e-13,ok
sample_001441,"(224, 2)","(224, 2)",0.0,0.0,0.0,0.0,0.0,11.805990391719986,22.012441936323192,25.593139705788275,1.780707028111159e-13,1.2710574864626038e-12,1.3358203432289883e-12,9.135549459772717e-14,1.3358203432289883e-12,ok
sample_001442,"(224, 2)","(224, 2)",0.0,0.0,0.0,0.0,0.0,12.569991994708676,3.9088873097084784,26.442376973335886,6.54714377950378e-14,1.1368683772161603e-13,6.821210263296962e-13,3.27357188975189e-14,6.821210263296962e-13,ok
sample_001443,"(224, 2)","(224, 2)",0.0,0.0,0.0,0.0,0.0,7.490451161193105,23.24223956506773,23.61138920097665,0.0,0.0,0.0,0.0,0.0,ok
sample_001444,"(224, 2)","(224, 2)",0.0,0.0,0.0,0.0,0.0,6.9888292926347555,5.799396520328584,26.996690537916002,5.963483675129412e-15,0.0,5.684341886080802e-14,2.981741837564706e-15,5.684341886080802e-14,ok
sample_001445,"(224, 2)","(224, 2)",0.0,0.0,0.0,0.0,0.0,8.965912364369286,7.016908151030417,25.338224089308376,0.0,0.0,0.0,0.0,0.0,ok
sample_001446,"(224, 2)","(224, 2)",0.0,0.0,0.0,0.0,0.0,4.185734431167681,0.0,20.68899465899685,0.0,0.0,0.0,0.0,0.0,ok
sample_001447,"(224, 2)","(224, 2)",0.0,0.0,0.0,0.0,0.0,11.632683969195764,8.695176823964013,26.185530355522673,7.206933462709587e-14,2.2737367544323206e-13,6.821210263296962e-13,3.6034667313547936e-14,6.821210263296962e-13,ok
sample_001448,"(224, 2)","(224, 2)",0.0,0.0,0.0,0.0,0.0,10.330289024877628,15.724643080210107,27.29827283913759,6.03802722106853e-14,4.725109192804666e-13,5.826450433232822e-13,3.019013610534265e-14,5.826450433232822e-13,ok
sample_001449,"(224, 2)","(224, 2)",0.0,0.0,0.0,0.0,0.0,7.873010244772631,13.952612658566837,31.619579377341438,0.0,0.0,0.0,0.0,0.0,ok
sample_001450,"(224, 2)","(224, 2)",0.0,0.0,0.0,0.0,0.0,11.404819110172724,0.009999999999990905,29.268565048529535,4.136373783174869e-14,5.684341886080802e-14,2.8421709430404007e-13,2.0681868915874344e-14,2.8421709430404007e-13,ok
sample_001451,"(224, 2)","(224, 2)",0.0,0.0,0.0,0.0,0.0,10.780183859915315,12.346084399517165,32.24598734726557,1.2231485665584582e-13,2.2737367544323206e-13,5.684341886080801e-13,6.115742832792291e-14,5.684341886080801e-13,ok
sample_001452,"(224, 2)","(224, 2)",0.0,0.0,0.0,0.0,0.0,8.50005339383271,18.561734832714336,26.04329088268231,5.075305255429287e-16,0.0,1.1368683772161603e-13,2.5376526277146434e-16,1.1368683772161603e-13,ok
sample_001453,"(224, 2)","(224, 2)",0.0,0.0,0.0,0.0,0.0,8.583519107212327,0.0,24.99345714382063,5.963483675129412e-14,2.2737367544323206e-13,3.410605131648481e-13,2.981741837564706e-14,3.410605131648481e-13,ok
sample_001454,"(224, 2)","(224, 2)",0.0,0.0,0.0,0.0,0.0,10.355319120176473,13.474628009707626,23.579578028455185,0.0,0.0,0.0,0.0,0.0,ok
sample_001455,"(224, 2)","(224, 2)",0.0,0.0,0.0,0.0,0.0,9.883199286350273,5.2874190301130515,27.03861867773572,1.0404375773630038e-14,0.0,5.684341886080802e-14,5.202187886815019e-15,5.684341886080802e-14,ok
sample_001456,"(224, 2)","(224, 2)",0.0,0.0,0.0,0.0,0.0,8.871058546970051,6.724410754854326,24.63039788553958,2.4361465226060576e-14,2.2737367544323206e-13,2.2737367544323206e-13,1.2180732613030288e-14,2.2737367544323206e-13,ok
sample_001457,"(224, 2)","(224, 2)",0.0,0.0,0.0,0.0,0.0,9.297847911085077,13.610495949817558,25.6240063221971,8.628018934229788e-14,9.094947017729282e-13,9.094947017729282e-13,4.314009467114894e-14,9.094947017729282e-13,ok
sample_001458,"(224, 2)","(224, 2)",0.0,0.0,0.0,0.0,0.0,8.079161075974827,0.0,26.773632551448795,5.582835780972216e-15,1.1368683772161603e-13,1.1368683772161603e-13,2.791417890486108e-15,1.1368683772161603e-13,ok
sample_001459,"(224, 2)","(224, 2)",0.0,0.0,0.0,0.0,0.0,8.837117952035422,13.380822097315248,28.716134837404592,3.773351539351529e-14,4.687428401686771e-13,5.684341886080801e-13,2.0174338390331417e-14,5.684341886080801e-13,ok
sample_001460,"(224, 2)","(224, 2)",0.0,0.0,0.0,0.0,0.0,7.9128719792181546,16.324827717314488,28.644388630236048,8.247371040072592e-15,5.684341886080802e-14,5.684341886080802e-14,4.123685520036296e-15,5.684341886080802e-14,ok
sample_001461,"(224, 2)","(224, 2)",0.0,0.0,0.0,0.0,0.0,10.336511767296681,16.792036803199377,25.574006334557744,2.2838873649431793e-15,0.0,5.684341886080802e-14,1.1419436824715897e-15,5.684341886080802e-14,ok
sample_001462,"(224, 2)","(224, 2)",0.0,0.0,0.0,0.0,0.0,9.373924430578953,11.875053684089147,25.36882535711894,1.9032394707859825e-16,0.0,1.4210854715202004e-14,9.516197353929913e-17,1.4210854715202004e-14,ok
sample_001463,"(224, 2)","(224, 2)",0.0,0.0,0.0,0.0,0.0,7.868505605880848,0.0,27.861136014168554,0.0,0.0,0.0,0.0,0.0,ok
sample_001464,"(224, 2)","(224, 2)",0.0,0.0,0.0,0.0,0.0,7.968024512589511,0.0,31.645272948735983,0.0,0.0,0.0,0.0,0.0,ok
sample_001465,"(224, 2)","(224, 2)",0.0,0.0,0.0,0.0,0.0,7.807277855904088,12.021064844680039,27.901290292744605,8.970602038971265e-14,1.1368683772161603e-13,1.1368683772161603e-13,4.4853010194856324e-14,1.1368683772161603e-13,ok
sample_001466,"(224, 2)","(224, 2)",0.0,0.0,0.0,0.0,0.0,6.702472183823021,12.050966766197774,25.089569545928757,0.0,0.0,0.0,0.0,0.0,ok
sample_001467,"(224, 2)","(224, 2)",0.0,0.0,0.0,0.0,0.0,8.540742462458509,4.6861498055439945,23.33205734606353,4.689007027113047e-14,5.684341886080802e-14,3.410605131648481e-13,2.3727052069131918e-14,3.410605131648481e-13,ok
sample_001468,"(224, 2)","(224, 2)",0.0,0.0,0.0,0.0,0.0,11.020121093956925,17.215138686632848,26.723341856885952,1.7763568394002505e-15,0.0,5.684341886080802e-14,8.881784197001252e-16,5.684341886080802e-14,ok
sample_001469,"(224, 2)","(224, 2)",0.0,0.0,0.0,0.0,0.0,7.408718415680746,6.029767823059167,26.028618864626687,4.0602442043434294e-15,1.1368683772161603e-13,1.1368683772161603e-13,2.0301221021717147e-15,1.1368683772161603e-13,ok
sample_001470,"(224, 2)","(224, 2)",0.0,0.0,0.0,0.0,0.0,12.203107429339255,13.519411969460759,25.85661424084755,3.679596310186233e-14,5.684341886080802e-14,5.684341886080801e-13,1.8397981550931166e-14,5.684341886080801e-13,ok
sample_001471,"(224, 2)","(224, 2)",0.0,0.0,0.0,0.0,0.0,7.708328787006126,13.99395941111736,29.650424954796108,5.938107148852266e-14,3.410605131648481e-13,3.410605131648481e-13,2.969053574426133e-14,3.410605131648481e-13,ok
sample_001472,"(224, 2)","(224, 2)",0.0,0.0,0.0,0.0,0.0,8.300175306254902,7.259290598949597,22.899314400217364,5.582835780972216e-15,0.0,1.1368683772161603e-13,2.791417890486108e-15,1.1368683772161603e-13,ok
sample_001473,"(224, 2)","(224, 2)",0.0,0.0,0.0,0.0,0.0,9.94882458150794,22.602391466391182,22.79313054409144,2.030122102171715e-14,2.2737367544323206e-13,2.2737367544323206e-13,1.0150610510858574e-14,2.2737367544323206e-13,ok
sample_001474,"(224, 2)","(224, 2)",0.0,0.0,0.0,0.0,0.0,9.797254918452039,13.807335007162017,26.93282940947703,7.105427357601002e-15,0.0,1.1368683772161603e-13,3.552713678800501e-15,1.1368683772161603e-13,ok
sample_001475,"(224, 2)","(224, 2)",0.0,0.0,0.0,0.0,0.0,8.919228530444999,18.01912594994552,28.78884506193332,2.4424906541753444e-14,5.684341886080802e-14,5.684341886080802e-14,1.2212453270876722e-14,5.684341886080802e-14,ok
sample_001476,"(224, 2)","(224, 2)",0.0,0.0,0.0,0.0,0.0,13.172526281909226,24.736145617294564,25.70827493240264,9.135549459772717e-15,0.0,2.2737367544323206e-13,4.567774729886359e-15,2.2737367544323206e-13,ok
sample_001477,"(224, 2)","(224, 2)",0.0,0.0,0.0,0.0,0.0,9.127692221299759,8.892659894542263,23.633969196899457,3.806478941571965e-15,5.684341886080802e-14,1.1368683772161603e-13,1.9032394707859826e-15,1.1368683772161603e-13,ok
sample_001478,"(224, 2)","(224, 2)",0.0,0.0,0.0,0.0,0.0,9.365967304162004,9.64365594575003,28.45442847783103,7.359192620372467e-15,1.1368683772161603e-13,3.410605131648481e-13,3.6795963101862334e-15,3.410605131648481e-13,ok
sample_001479,"(224, 2)","(224, 2)",0.0,0.0,0.0,0.0,0.0,9.330345209352819,0.0,26.92390016323804,1.0201363563412867e-13,4.547473508864641e-13,7.958078640513122e-13,5.1006817817064337e-14,7.958078640513122e-13,ok
sample_001480,"(224, 2)","(224, 2)",0.0,0.0,0.0,0.0,0.0,8.315650062633992,0.0,29.751378119341044,4.0602442043434294e-15,0.0,1.1368683772161603e-13,2.0301221021717147e-15,1.1368683772161603e-13,ok
sample_001481,"(224, 2)","(224, 2)",0.0,0.0,0.0,0.0,0.0,9.474663221322201,15.75675728060824,29.60887198121514,0.0,0.0,0.0,0.0,0.0,ok
sample_001482,"(224, 2)","(224, 2)",0.0,0.0,0.0,0.0,0.0,7.605012606168651,0.0,27.589461756257588,2.5376526277146434e-16,0.0,5.684341886080802e-14,1.2688263138573217e-16,5.684341886080802e-14,ok
sample_001483,"(224, 2)","(224, 2)",0.0,0.0,0.0,0.0,0.0,10.007334789438046,20.742663763364703,31.26515312612429,8.120488408686859e-15,2.2737367544323206e-13,2.2737367544323206e-13,4.0602442043434294e-15,2.2737367544323206e-13,ok
sample_001484,"(224, 2)","(224, 2)",0.0,0.0,0.0,0.0,0.0,9.41850461542975,1.4319916200870695,25.71086151804333,5.075305255429287e-16,0.0,1.1368683772161603e-13,2.5376526277146434e-16,1.1368683772161603e-13,ok
sample_001485,"(224, 2)","(224, 2)",0.0,0.0,0.0,0.0,0.0,6.601900264560039,26.140506881083954,26.426783761933716,1.7763568394002505e-15,0.0,1.1368683772161603e-13,8.881784197001252e-16,1.1368683772161603e-13,ok
sample_001486,"(224, 2)","(224, 2)",0.0,0.0,0.0,0.0,0.0,9.173301869545096,9.88426021510974,27.97997319512655,4.567774729886359e-15,0.0,1.1368683772161603e-13,2.2838873649431793e-15,1.1368683772161603e-13,ok
sample_001487,"(224, 2)","(224, 2)",0.0,0.0,0.0,0.0,0.0,8.712459557443184,16.167216829126772,28.4986403184434,1.695151955313382e-13,9.094947017729282e-13,9.094947017729282e-13,8.47575977656691e-14,9.094947017729282e-13,ok
sample_001488,"(224, 2)","(224, 2)",0.0,0.0,0.0,0.0,0.0,9.097826337403708,10.662012005245494,25.019804155908094,7.61295788314393e-15,0.0,1.1368683772161603e-13,3.806478941571965e-15,1.1368683772161603e-13,ok
sample_001489,"(224, 2)","(224, 2)",0.0,0.0,0.0,0.0,0.0,6.122339712915317,0.0,28.055104704848237,0.0,0.0,0.0,0.0,0.0,ok
sample_001490,"(224, 2)","(224, 2)",0.0,0.0,0.0,0.0,0.0,11.668262687294513,16.41892201089939,29.55300323148231,5.1006817817064337e-14,5.684341886080801e-13,6.821210263296962e-13,2.5503408908532168e-14,6.821210263296962e-13,ok
sample_001491,"(224, 2)","(224, 2)",0.0,0.0,0.0,0.0,0.0,12.31746612165793,0.0,26.54810162704667,1.395708945243054e-13,3.410605131648481e-13,6.821210263296962e-13,6.97854472621527e-14,6.821210263296962e-13,ok
sample_001492,"(224, 2)","(224, 2)",0.0,0.0,0.0,0.0,0.0,6.864585131171675,18.569146453189457,26.370263555755578,0.0,0.0,0.0,0.0,0.0,ok
sample_001493,"(224, 2)","(224, 2)",0.0,0.0,0.0,0.0,0.0,14.659028711854456,17.168788542002666,29.3235144551263,6.090366306515144e-15,0.0,2.2737367544323206e-13,3.045183153257572e-15,2.2737367544323206e-13,ok
sample_001494,"(224, 2)","(224, 2)",0.0,0.0,0.0,0.0,0.0,10.29879222231857,21.349932084201228,21.63261657775129,5.075305255429287e-15,0.0,2.2737367544323206e-13,2.5376526277146436e-15,2.2737367544323206e-13,ok
sample_001495,"(224, 2)","(224, 2)",0.0,0.0,0.0,0.0,0.0,6.579599489635716,8.213221049016068,25.739949494900035,0.0,0.0,0.0,0.0,0.0,ok
sample_001496,"(224, 2)","(224, 2)",0.0,0.0,0.0,0.0,0.0,11.610999537624805,5.187957208767203,27.8667131179836,1.3195793664116147e-14,0.0,2.2737367544323206e-13,6.597896832058073e-15,2.2737367544323206e-13,ok
sample_001497,"(224, 2)","(224, 2)",0.0,0.0,0.0,0.0,0.0,7.332870635075613,0.009999999999990905,28.815386514846512,0.0,0.0,0.0,0.0,0.0,ok
sample_001498,"(224, 2)","(224, 2)",0.0,0.0,0.0,0.0,0.0,7.535267530614577,0.0,27.7857517443741,0.0,0.0,0.0,0.0,0.0,ok
sample_001499,"(224, 2)","(224, 2)",0.0,0.0,0.0,0.0,0.0,9.172990238222981,14.228060303498813,33.86893857208995,2.8929239955946934e-14,0.0,1.1368683772161603e-13,1.4464619977973467e-14,1.1368683772161603e-13,ok
sample_001500,"(224, 2)","(224, 2)",0.0,0.0,0.0,0.0,0.0,8.594927311164259,10.834357387496516,27.722779442184404,2.867547469317547e-14,6.252776074688882e-13,6.252776074688882e-13,1.4337737346587735e-14,6.252776074688882e-13,ok
sample_001501,"(224, 2)","(224, 2)",0.0,0.0,0.0,0.0,0.0,10.265932228004784,7.929344235181143,22.470999087712997,9.769962616701378e-14,7.389644451905042e-13,7.389644451905042e-13,4.884981308350689e-14,7.389644451905042e-13,ok
sample_001502,"(224, 2)","(224, 2)",0.0,0.0,0.0,0.0,0.0,8.957599070436128,8.295082880839681,24.626181189945054,0.0,0.0,0.0,0.0,0.0,ok
sample_001503,"(224, 2)","(224, 2)",0.0,0.0,0.0,0.0,0.0,7.707163107184837,0.0,29.69156277463361,4.364762519669187e-14,1.7053025658242404e-13,3.410605131648481e-13,2.1823812598345936e-14,3.410605131648481e-13,ok
sample_001504,"(224, 2)","(224, 2)",0.0,0.0,0.0,0.0,0.0,8.566001688981004,3.4122280111387933,22.44357369047979,2.680395588023592e-15,5.684341886080802e-14,5.684341886080802e-14,1.340197794011796e-15,5.684341886080802e-14,ok
sample_001505,"(224, 2)","(224, 2)",0.0,0.0,0.0,0.0,0.0,7.451822356844533,5.755388779222492,31.886724510366363,2.8929239955946934e-14,1.1368683772161603e-13,3.410605131648481e-13,1.4464619977973467e-14,3.410605131648481e-13,ok
sample_001506,"(224, 2)","(224, 2)",0.0,0.0,0.0,0.0,0.0,7.983089613345614,7.7218715348029745,28.203476736033704,2.4818242699049215e-13,5.684341886080801e-13,6.821210263296962e-13,1.2409121349524608e-13,6.821210263296962e-13,ok
sample_001507,"(224, 2)","(224, 2)",0.0,0.0,0.0,0.0,0.0,10.223284353431982,0.0,27.928497990404004,6.737467726582379e-14,2.2737367544323206e-13,2.2737367544323206e-13,3.3687338632911895e-14,2.2737367544323206e-13,ok
sample_001508,"(224, 2)","(224, 2)",0.0,0.0,0.0,0.0,0.0,6.022493428706665,0.0,24.028915913956737,0.0,0.0,0.0,0.0,0.0,ok
sample_001509,"(224, 2)","(224, 2)",0.0,0.0,0.0,0.0,0.0,9.525378684215196,7.924802836664048,25.298146177141163,3.197442310920451e-14,5.684341886080801e-13,5.684341886080801e-13,1.5987211554602254e-14,5.684341886080801e-13,ok
sample_001510,"(224, 2)","(224, 2)",0.0,0.0,0.0,0.0,0.0,9.013314636462413,13.093028679415418,25.038508342151584,1.6240976817373718e-14,0.0,1.1368683772161603e-13,8.120488408686859e-15,1.1368683772161603e-13,ok
sample_001511,"(224, 2)","(224, 2)",0.0,0.0,0.0,0.0,0.0,10.660524473454661,0.0,24.968101649905304,5.075305255429287e-15,0.0,5.684341886080802e-14,2.5376526277146436e-15,5.684341886080802e-14,ok
sample_001512,"(224, 2)","(224, 2)",0.0,0.0,0.0,0.0,0.0,10.877392806454523,9.680433874574007,27.890028684101477,2.385393470051765e-14,2.2737367544323206e-13,2.2737367544323206e-13,1.1926967350258825e-14,2.2737367544323206e-13,ok
sample_001513,"(224, 2)","(224, 2)",0.0,0.0,0.0,0.0,0.0,9.061619513748424,10.560615512364906,26.530695430010848,1.167320208748736e-14,5.684341886080802e-14,5.684341886080802e-14,5.83660104374368e-15,5.684341886080802e-14,ok
sample_001514,"(224, 2)","(224, 2)",0.0,0.0,0.0,0.0,0.0,9.530978250146514,12.810441054077668,30.569908406797758,5.83660104374368e-14,2.2737367544323206e-13,2.2737367544323206e-13,2.91830052187184e-14,2.2737367544323206e-13,ok
sample_001515,"(224, 2)","(224, 2)",0.0,0.0,0.0,0.0,0.0,6.974986884621229,6.221334262037441,26.458051704537873,0.0,0.0,0.0,0.0,0.0,ok
sample_001516,"(224, 2)","(224, 2)",0.0,0.0,0.0,0.0,0.0,7.885830745859805,0.0,26.054542790077818,4.085620730620576e-14,2.2737367544323206e-13,2.2737367544323206e-13,2.042810365310288e-14,2.2737367544323206e-13,ok
sample_001517,"(224, 2)","(224, 2)",0.0,0.0,0.0,0.0,0.0,10.318347604446927,0.15033296378370578,23.988951623612255,4.440892098500626e-15,0.0,5.684341886080802e-14,2.220446049250313e-15,5.684341886080802e-14,ok
sample_001518,"(224, 2)","(224, 2)",0.0,0.0,0.0,0.0,0.0,7.907170691790474,0.0,24.435547875994228,6.344131569286609e-15,0.0,5.684341886080802e-14,3.1720657846433046e-15,5.684341886080802e-14,ok
sample_001519,"(224, 2)","(224, 2)",0.0,0.0,0.0,0.0,0.0,10.0081244789182,12.091525958289996,26.717159280133217,7.61295788314393e-15,0.0,1.1368683772161603e-13,3.806478941571965e-15,1.1368683772161603e-13,ok
sample_001520,"(224, 2)","(224, 2)",0.0,0.0,0.0,0.0,0.0,11.20252176221442,3.2671241176301478,31.32673778100747,7.25768651526388e-14,1.1368683772161603e-13,2.2737367544323206e-13,3.62884325763194e-14,2.2737367544323206e-13,ok
sample_001521,"(224, 2)","(224, 2)",0.0,0.0,0.0,0.0,0.0,11.592133531178161,24.34005957264679,25.436796181909262,0.0,0.0,0.0,0.0,0.0,ok
sample_001522,"(224, 2)","(224, 2)",0.0,0.0,0.0,0.0,0.0,8.216140001827226,13.852609862404838,28.36353292521929,5.5828357809722155e-14,2.2737367544323206e-13,2.2737367544323206e-13,2.7914178904861077e-14,2.2737367544323206e-13,ok
sample_001523,"(224, 2)","(224, 2)",0.0,0.0,0.0,0.0,0.0,7.935192606687098,0.0,27.637340682489707,2.0808751547260076e-14,5.684341886080802e-14,5.684341886080802e-14,1.0404375773630038e-14,5.684341886080802e-14,ok
sample_001524,"(224, 2)","(224, 2)",0.0,0.0,0.0,0.0,0.0,9.349024846737043,15.657154913968231,28.48839939343725,0.0,0.0,0.0,0.0,0.0,ok
sample_001525,"(224, 2)","(224, 2)",0.0,0.0,0.0,0.0,0.0,9.355062449791541,0.0,24.55970887449601,6.915103410522404e-14,0.0,2.2737367544323206e-13,3.457551705261202e-14,2.2737367544323206e-13,ok
sample_001526,"(224, 2)","(224, 2)",0.0,0.0,0.0,0.0,0.0,13.266893809197667,19.015030896635427,29.796531677361656,1.9286159970631292e-14,0.0,3.410605131648481e-13,9.643079985315646e-15,3.410605131648481e-13,ok
sample_001527,"(224, 2)","(224, 2)",0.0,0.0,0.0,0.0,0.0,11.661239070786873,18.54217355112394,29.447317365084363,5.887354096297974e-14,4.547473508864641e-13,6.821210263296962e-13,2.943677048148987e-14,6.821210263296962e-13,ok
sample_001528,"(224, 2)","(224, 2)",0.0,0.0,0.0,0.0,0.0,9.332657964245012,13.948824323218092,24.24613989896119,5.075305255429287e-16,0.0,1.1368683772161603e-13,2.5376526277146434e-16,1.1368683772161603e-13,ok
sample_001529,"(224, 2)","(224, 2)",0.0,0.0,0.0,0.0,0.0,9.508145368562817,27.655863754365004,28.644755191832186,3.508554027828072e-14,2.21980646867526e-13,3.410605131648481e-13,2.0491544968795748e-14,3.410605131648481e-13,ok
sample_001530,"(224, 2)","(224, 2)",0.0,0.0,0.0,0.0,0.0,7.349128890084136,17.29363466712538,30.75326974485809,6.344131569286609e-15,5.684341886080802e-14,5.684341886080802e-14,3.1720657846433046e-15,5.684341886080802e-14,ok
sample_001531,"(224, 2)","(224, 2)",0.0,0.0,0.0,0.0,0.0,9.7371845545706,8.826941712733799,29.650809432458928,3.9115919550710785e-15,0.0,1.1368683772161603e-13,2.0301221021717147e-15,1.1368683772161603e-13,ok
sample_001532,"(224, 2)","(224, 2)",0.0,0.0,0.0,0.0,0.0,7.3066774288550205,0.8050465825033336,27.230100991366292,1.522591576628786e-14,2.2737367544323206e-13,2.2737367544323206e-13,7.61295788314393e-15,2.2737367544323206e-13,ok
sample_001533,"(224, 2)","(224, 2)",0.0,0.0,0.0,0.0,0.0,6.099343683172867,0.0,28.491060001340923,2.0961010704922955e-13,5.684341886080801e-13,5.684341886080801e-13,1.0480505352461478e-13,5.684341886080801e-13,ok
sample_001534,"(224, 2)","(224, 2)",0.0,0.0,0.0,0.0,0.0,9.954072166796111,12.844492983376163,27.665236308406907,0.0,0.0,0.0,0.0,0.0,ok
sample_001535,"(224, 2)","(224, 2)",0.0,0.0,0.0,0.0,0.0,11.230152195632744,10.617890562630489,27.45832660596779,1.0150610510858574e-15,0.0,1.1368683772161603e-13,5.075305255429287e-16,1.1368683772161603e-13,ok
sample_001536,"(224, 2)","(224, 2)",0.0,0.0,0.0,0.0,0.0,7.93385776901499,16.264061608343702,28.014326691891064,1.0150610510858574e-15,1.1368683772161603e-13,1.1368683772161603e-13,5.075305255429287e-16,1.1368683772161603e-13,ok
sample_001537,"(224, 2)","(224, 2)",0.0,0.0,0.0,0.0,0.0,11.15962117572832,28.308447502468265,31.35023604376846,1.2688263138573217e-16,0.0,1.4210854715202004e-14,6.344131569286608e-17,1.4210854715202004e-14,ok
sample_001538,"(224, 2)","(224, 2)",0.0,0.0,0.0,0.0,0.0,8.785755122284119,26.062918102161905,26.500764139926382,3.2989484160290367e-15,0.0,5.684341886080802e-14,1.6494742080145183e-15,5.684341886080802e-14,ok
sample_001539,"(224, 2)","(224, 2)",0.0,0.0,0.0,0.0,0.0,11.492140699230927,2.6338754716199113,23.9291558564025,2.8929239955946934e-14,0.0,1.1368683772161603e-13,1.4464619977973467e-14,1.1368683772161603e-13,ok
sample_001540,"(224, 2)","(224, 2)",0.0,0.0,0.0,0.0,0.0,11.08985248218139,5.02606207681505,28.24626346970507,0.0,0.0,0.0,0.0,0.0,ok
sample_001541,"(224, 2)","(224, 2)",0.0,0.0,0.0,0.0,0.0,7.822908459397729,2.999016505456452,27.52488328767269,0.0,0.0,0.0,0.0,0.0,ok
sample_001542,"(224, 2)","(224, 2)",0.0,0.0,0.0,0.0,0.0,13.223416882145747,0.009999999999990905,27.254535402387628,5.075305255429287e-16,0.0,1.1368683772161603e-13,2.5376526277146434e-16,1.1368683772161603e-13,ok
sample_001543,"(224, 2)","(224, 2)",0.0,0.0,0.0,0.0,0.0,12.590043180348653,4.204152708929608,26.66944693839739,2.7398740031881783e-13,1.6222495561284184e-12,1.6222495561284184e-12,1.4195390894501868e-13,1.6182610806936282e-12,ok
sample_001544,"(224, 2)","(224, 2)",0.0,0.0,0.0,0.0,0.0,9.298535989421069,18.962407547566336,29.892515785727994,0.0,0.0,0.0,0.0,0.0,ok
sample_001545,"(224, 2)","(224, 2)",0.0,0.0,0.0,0.0,0.0,9.648025566875296,0.0,28.537505146736187,1.4210854715202004e-14,2.2737367544323206e-13,2.2737367544323206e-13,7.105427357601002e-15,2.2737367544323206e-13,ok
sample_001546,"(224, 2)","(224, 2)",0.0,0.0,0.0,0.0,0.0,12.14978948707461,0.0,26.00972125955992,7.105427357601002e-15,0.0,2.2737367544323206e-13,3.552713678800501e-15,2.2737367544323206e-13,ok
sample_001547,"(224, 2)","(224, 2)",0.0,0.0,0.0,0.0,0.0,13.699605041474996,14.634797572908267,30.02614860417486,4.171900919962874e-13,2.3305801732931286e-12,2.4442670110147446e-12,2.085950459981437e-13,2.4442670110147446e-12,ok
sample_001548,"(224, 2)","(224, 2)",0.0,0.0,0.0,0.0,0.0,9.964867377165755,0.0,28.878285960215827,4.202987164652378e-15,0.0,5.684341886080802e-14,2.101493582326189e-15,5.684341886080802e-14,ok
sample_001549,"(224, 2)","(224, 2)",0.0,0.0,0.0,0.0,0.0,8.775005422452674,5.211266640654618,25.016898288956664,0.0,0.0,0.0,0.0,0.0,ok
sample_001550,"(224, 2)","(224, 2)",0.0,0.0,0.0,0.0,0.0,8.388599439738588,15.876573937723466,25.231868737768863,0.0,0.0,0.0,0.0,0.0,ok
sample_001551,"(224, 2)","(224, 2)",0.0,0.0,0.0,0.0,0.0,10.81251039011706,9.432083545007295,26.1124721158301,5.075305255429287e-16,0.0,2.842170943040401e-14,2.5376526277146434e-16,2.842170943040401e-14,ok
sample_001552,"(224, 2)","(224, 2)",0.0,0.0,0.0,0.0,0.0,9.21250292705486,12.289060175619587,27.124697233333364,2.842170943040401e-14,2.2737367544323206e-13,2.2737367544323206e-13,1.4210854715202004e-14,2.2737367544323206e-13,ok
sample_001553,"(224, 2)","(224, 2)",0.0,0.0,0.0,0.0,0.0,6.407758187188461,0.0,18.673309829807895,0.0,0.0,0.0,0.0,0.0,ok
sample_001554,"(224, 2)","(224, 2)",0.0,0.0,0.0,0.0,0.0,8.28561053134886,10.190961681804147,28.674373576418468,0.0,0.0,0.0,0.0,0.0,ok
sample_001555,"(224, 2)","(224, 2)",0.0,0.0,0.0,0.0,0.0,9.497088747315644,27.45410716086034,28.104095786913362,1.837260502465402e-13,5.115907697472721e-13,7.958078640513122e-13,9.18630251232701e-14,7.958078640513122e-13,ok
sample_001556,"(224, 2)","(224, 2)",0.0,0.0,0.0,0.0,0.0,7.518714139688673,0.0,26.289269674146556,0.0,0.0,0.0,0.0,0.0,ok
sample_001557,"(224, 2)","(224, 2)",0.0,0.0,0.0,0.0,0.0,9.683654156561264,21.82160855665782,27.688849741366937,9.643079985315646e-15,0.0,1.1368683772161603e-13,4.821539992657823e-15,1.1368683772161603e-13,ok
sample_001558,"(224, 2)","(224, 2)",0.0,0.0,0.0,0.0,0.0,4.305924647610626,17.949735374093947,25.197446299178722,1.0911906299172968e-14,2.8421709430404007e-13,2.8421709430404007e-13,5.455953149586484e-15,2.8421709430404007e-13,ok
sample_001559,"(224, 2)","(224, 2)",0.0,0.0,0.0,0.0,0.0,9.437077783582899,9.382750129892731,28.074231957437362,9.237055564881302e-14,2.2737367544323206e-13,2.2737367544323206e-13,4.618527782440651e-14,2.2737367544323206e-13,ok
sample_001560,"(224, 2)","(224, 2)",0.0,0.0,0.0,0.0,0.0,6.413236942403172,11.072000722543331,27.49809084282027,3.552713678800501e-15,0.0,1.1368683772161603e-13,1.7763568394002505e-15,1.1368683772161603e-13,ok
sample_001561,"(224, 2)","(224, 2)",0.0,0.0,0.0,0.0,0.0,7.34295957401272,0.0,26.841136339581457,3.375077994860476e-14,1.1368683772161603e-13,1.7053025658242404e-13,1.687538997430238e-14,1.7053025658242404e-13,ok
sample_001562,"(224, 2)","(224, 2)",0.0,0.0,0.0,0.0,0.0,6.528508339042371,0.0,28.41098555136725,0.0,0.0,0.0,0.0,0.0,ok
sample_001563,"(224, 2)","(224, 2)",0.0,0.0,0.0,0.0,0.0,11.027986898265823,11.568876349931292,31.66365740087517,0.0,0.0,0.0,0.0,0.0,ok
sample_001564,"(224, 2)","(224, 2)",0.0,0.0,0.0,0.0,0.0,9.165204839458884,0.0,27.871176867868332,3.324324942306183e-14,0.0,1.1368683772161603e-13,1.6621624711530916e-14,1.1368683772161603e-13,ok
sample_001565,"(224, 2)","(224, 2)",0.0,0.0,0.0,0.0,0.0,3.5684044996225395,0.0,23.257310678580193,0.0,0.0,0.0,0.0,0.0,ok
sample_001566,"(224, 2)","(224, 2)",0.0,0.0,0.0,0.0,0.0,10.855899833082342,7.8669244308052315,29.466559011869798,3.806478941571965e-14,3.126388037344441e-13,5.400124791776761e-13,1.9032394707859825e-14,5.400124791776761e-13,ok
sample_001567,"(224, 2)","(224, 2)",0.0,0.0,0.0,0.0,0.0,3.7675822413363957,0.0,30.870698080866227,0.0,0.0,0.0,0.0,0.0,ok
sample_001568,"(224, 2)","(224, 2)",0.0,0.0,0.0,0.0,0.0,10.3640186660282,11.766877240797577,25.65492935090644,1.3233858453531866e-13,3.979039320256561e-13,7.958078640513122e-13,6.616929226765933e-14,7.958078640513122e-13,ok
sample_001569,"(224, 2)","(224, 2)",0.0,0.0,0.0,0.0,0.0,7.395971131884019,0.0,26.580302857567343,0.0,0.0,0.0,0.0,0.0,ok
sample_001570,"(224, 2)","(224, 2)",0.0,0.0,0.0,0.0,0.0,9.288893476645521,12.13534095112299,24.642087979714802,2.9893578199416715e-14,1.4210854715202004e-13,3.3266757983254893e-13,1.668506602722378e-14,3.126388037344441e-13,ok
sample_001571,"(224, 2)","(224, 2)",0.0,0.0,0.0,0.0,0.0,7.141566266066946,0.0,28.37261355603323,0.0,0.0,0.0,0.0,0.0,ok
sample_001572,"(224, 2)","(224, 2)",0.0,0.0,0.0,0.0,0.0,2.424357811354214,0.0,24.358532386003915,0.0,0.0,0.0,0.0,0.0,ok
sample_001573,"(224, 2)","(224, 2)",0.0,0.0,0.0,0.0,0.0,9.93404881547828,6.236000320718485,29.783245289927688,0.0,0.0,0.0,0.0,0.0,ok
sample_001574,"(224, 2)","(224, 2)",0.0,0.0,0.0,0.0,0.0,3.864332584449951,0.0,26.828240717572164,0.0,0.0,0.0,0.0,0.0,ok
sample_001575,"(224, 2)","(224, 2)",0.0,0.0,0.0,0.0,0.0,11.152487515407655,0.0,27.79849096623752,1.0844227917131084e-13,5.084229945850415e-13,5.684341886080801e-13,5.658965359803655e-14,5.684341886080801e-13,ok
sample_001576,"(224, 2)","(224, 2)",0.0,0.0,0.0,0.0,0.0,3.846299521934076,0.0,21.97052571059695,8.374253671458324e-14,1.1368683772161603e-13,1.1368683772161603e-13,4.187126835729162e-14,1.1368683772161603e-13,ok
sample_001577,"(224, 2)","(224, 2)",0.0,0.0,0.0,0.0,0.0,10.795939834479887,12.054808169357061,29.272300900339033,4.141449088430298e-13,1.5347723092418164e-12,1.5916157281026244e-12,2.070724544215149e-13,1.5916157281026244e-12,ok
sample_001578,"(224, 2)","(224, 2)",0.0,0.0,0.0,0.0,0.0,9.498239134063569,4.547438839610673,29.601841158954954,0.0,0.0,0.0,0.0,0.0,ok
sample_001579,"(224, 2)","(224, 2)",0.0,0.0,0.0,0.0,0.0,6.8920001954965455,0.0,22.618145370476267,3.045183153257572e-15,0.0,2.2737367544323206e-13,1.522591576628786e-15,2.2737367544323206e-13,ok
sample_001580,"(224, 2)","(224, 2)",0.0,0.0,0.0,0.0,0.0,6.632692949601796,21.744649916703647,23.664000084516523,5.075305255429287e-16,0.0,1.1368683772161603e-13,2.5376526277146434e-16,1.1368683772161603e-13,ok
sample_001581,"(224, 2)","(224, 2)",0.0,0.0,0.0,0.0,0.0,7.810437089476289,6.452914070402612,27.68517473305898,0.0,0.0,0.0,0.0,0.0,ok
sample_001582,"(224, 2)","(224, 2)",0.0,0.0,0.0,0.0,0.0,7.971015832485003,20.127853834922014,25.358872214670647,0.0,0.0,0.0,0.0,0.0,ok
sample_001583,"(224, 2)","(224, 2)",0.0,0.0,0.0,0.0,0.0,10.52507935542494,7.132636258775483,25.744174098230477,8.32350061890403e-14,3.979039320256561e-13,5.684341886080801e-13,4.161750309452015e-14,5.684341886080801e-13,ok
sample_001584,"(224, 2)","(224, 2)",0.0,0.0,0.0,0.0,0.0,3.4257710710224094,0.0,26.81909208008353,0.0,0.0,0.0,0.0,0.0,ok
sample_001585,"(224, 2)","(224, 2)",0.0,0.0,0.0,0.0,0.0,12.911792102597985,16.218834730029144,29.39186962409826,6.877038621106684e-14,5.115907697472721e-13,6.821210263296962e-13,3.438519310553342e-14,6.821210263296962e-13,ok
sample_001586,"(224, 2)","(224, 2)",0.0,0.0,0.0,0.0,0.0,0.8244786689677515,0.0,13.655508046206029,0.0,0.0,0.0,0.0,0.0,ok
sample_001587,"(224, 2)","(224, 2)",0.0,0.0,0.0,0.0,0.0,1.7778656216435866,0.0,21.500802310611544,0.0,0.0,0.0,0.0,0.0,ok
sample_001588,"(224, 2)","(224, 2)",0.0,0.0,0.0,0.0,0.0,12.387714360917911,1.451137484871739,31.378616922994134,5.56056297055694e-13,1.6077746776921857e-12,1.664066208866694e-12,2.845977421981973e-13,1.6484591469634324e-12,ok
sample_001589,"(224, 2)","(224, 2)",0.0,0.0,0.0,0.0,0.0,8.800626257078052,0.0,23.622552783304304,3.933361572957698e-15,5.684341886080802e-14,5.684341886080802e-14,1.966680786478849e-15,5.684341886080802e-14,ok
sample_001590,"(224, 2)","(224, 2)",0.0,0.0,0.0,0.0,0.0,2.9460422842713903,0.0,21.866892783383744,0.0,0.0,0.0,0.0,0.0,ok
sample_001591,"(224, 2)","(224, 2)",0.0,0.0,0.0,0.0,0.0,12.356451673451762,23.447415635843697,25.26737224168735,6.090366306515144e-15,0.0,2.2737367544323206e-13,3.045183153257572e-15,2.2737367544323206e-13,ok
sample_001592,"(224, 2)","(224, 2)",0.0,0.0,0.0,0.0,0.0,7.302208158656811,11.310495126209256,24.378260807531085,1.2688263138573218e-15,0.0,5.684341886080802e-14,6.344131569286609e-16,5.684341886080802e-14,ok
sample_001593,"(224, 2)","(224, 2)",0.0,0.0,0.0,0.0,0.0,8.237043642237722,0.022360679775079245,23.5709694327576,5.075305255429287e-15,0.0,1.1368683772161603e-13,2.5376526277146436e-15,1.1368683772161603e-13,ok
sample_001594,"(224, 2)","(224, 2)",0.0,0.0,0.0,0.0,0.0,8.677471400901677,7.958341535772376,31.598496799689677,1.030921380009074e-16,0.0,7.105427357601002e-15,5.15460690004537e-17,7.105427357601002e-15,ok
sample_001595,"(224, 2)","(224, 2)",0.0,0.0,0.0,0.0,0.0,9.689474758059632,4.693154589399255,25.372898927792875,0.0,0.0,0.0,0.0,0.0,ok
sample_001596,"(224, 2)","(224, 2)",0.0,0.0,0.0,0.0,0.0,9.57178239433193,7.500326659552904,33.51131749125956,1.203966872331778e-13,2.5421149729252077e-13,2.5421149729252077e-13,6.756500121290238e-14,2.2737367544323206e-13,ok
sample_001597,"(224, 2)","(224, 2)",0.0,0.0,0.0,0.0,0.0,7.119449198180612,14.365848391236717,28.041799157686118,0.0,0.0,0.0,0.0,0.0,ok
sample_001598,"(224, 2)","(224, 2)",0.0,0.0,0.0,0.0,0.0,11.30031946726883,15.36304982742683,30.07244918525946,9.668456511592792e-14,1.7053025658242404e-13,4.547473508864641e-13,4.834228255796396e-14,4.547473508864641e-13,ok
sample_001599,"(224, 2)","(224, 2)",0.0,0.0,0.0,0.0,0.0,6.405523919374837,14.980403866384961,21.923177233238768,1.0404375773630038e-14,0.0,5.684341886080802e-14,5.202187886815019e-15,5.684341886080802e-14,ok
sample_001600,"(224, 2)","(224, 2)",0.0,0.0,0.0,0.0,0.0,6.542805820316928,13.216221093792305,26.9091991705437,1.0150610510858574e-15,1.1368683772161603e-13,1.1368683772161603e-13,5.075305255429287e-16,1.1368683772161603e-13,ok
sample_001601,"(224, 2)","(224, 2)",0.0,0.0,0.0,0.0,0.0,8.482448369682215,0.0,24.982381791974987,0.0,0.0,0.0,0.0,0.0,ok
sample_001602,"(224, 2)","(224, 2)",0.0,0.0,0.0,0.0,0.0,6.522767373255478,0.050990195135992955,25.169896702211506,0.0,0.0,0.0,0.0,0.0,ok
sample_001603,"(224, 2)","(224, 2)",0.0,0.0,0.0,0.0,0.0,11.245346018487604,12.216992264874317,28.844770756586005,1.893088860275124e-13,2.2737367544323206e-13,6.821210263296962e-13,9.46544430137562e-14,6.821210263296962e-13,ok
sample_001604,"(224, 2)","(224, 2)",0.0,0.0,0.0,0.0,0.0,12.56560324093059,12.855395754312665,26.5407403815342,3.27357188975189e-13,4.831690603168681e-13,1.1937117960769683e-12,1.636785944875945e-13,1.1937117960769683e-12,ok
sample_001605,"(224, 2)","(224, 2)",0.0,0.0,0.0,0.0,0.0,13.000138554020065,16.50082422183801,28.416509285976858,5.075305255429287e-16,0.0,1.1368683772161603e-13,2.5376526277146434e-16,1.1368683772161603e-13,ok
sample_001606,"(224, 2)","(224, 2)",0.0,0.0,0.0,0.0,0.0,8.730461380108853,13.142572046597316,28.20436313764243,3.8230798201419823e-14,3.06111178766429e-13,3.595093471822542e-13,2.4361465226060576e-14,3.410605131648481e-13,ok
sample_001607,"(224, 2)","(224, 2)",0.0,0.0,0.0,0.0,0.0,8.106289024782944,2.6123169792351146,26.62093161405149,0.0,0.0,0.0,0.0,0.0,ok
sample_001608,"(224, 2)","(224, 2)",0.0,0.0,0.0,0.0,0.0,12.133784751590278,4.587602859882121,29.193699662769667,1.7256037868459575e-13,6.821210263296962e-13,7.389644451905042e-13,8.628018934229788e-14,7.389644451905042e-13,ok
sample_001609,"(224, 2)","(224, 2)",0.0,0.0,0.0,0.0,0.0,9.061397598435425,8.478236845004892,27.455494896286208,0.0,0.0,0.0,0.0,0.0,ok
sample_001610,"(224, 2)","(224, 2)",0.0,0.0,0.0,0.0,0.0,10.289413388935397,5.856039617352309,28.424308258953257,1.395708945243054e-15,0.0,5.684341886080802e-14,6.97854472621527e-16,5.684341886080802e-14,ok
sample_001611,"(224, 2)","(224, 2)",0.0,0.0,0.0,0.0,0.0,8.53165736564189,22.695605301467477,26.416831755530406,2.6451493180574454e-14,1.1368683772161603e-13,3.410605131648481e-13,1.3322676295501878e-14,3.410605131648481e-13,ok
sample_001612,"(224, 2)","(224, 2)",0.0,0.0,0.0,0.0,0.0,7.095118895310806,0.0,28.3443345309076,2.1265529020248712e-13,2.2737367544323206e-13,5.684341886080801e-13,1.0632764510124356e-13,5.684341886080801e-13,ok
sample_001613,"(224, 2)","(224, 2)",0.0,0.0,0.0,0.0,0.0,10.242710185191966,0.1923538406166508,27.754369025434578,3.380153300115905e-13,1.4779288903810084e-12,1.4779288903810084e-12,1.6900766500579525e-13,1.4779288903810084e-12,ok
sample_001614,"(224, 2)","(224, 2)",0.0,0.0,0.0,0.0,0.0,7.06304461115809,0.1910497317453673,26.764431621090026,7.815970093361102e-14,1.1368683772161603e-13,3.410605131648481e-13,3.907985046680551e-14,3.410605131648481e-13,ok
sample_001615,"(224, 2)","(224, 2)",0.0,0.0,0.0,0.0,0.0,2.827241421217716,0.0,19.904765760993026,0.0,0.0,0.0,0.0,0.0,ok
sample_001616,"(224, 2)","(224, 2)",0.0,0.0,0.0,0.0,0.0,8.745203593835592,22.074854472906686,23.17705114979026,1.1560747089663737e-13,2.2737367544323206e-13,3.2155493553843715e-13,6.103054569653717e-14,2.2737367544323206e-13,ok
sample_001617,"(224, 2)","(224, 2)",0.0,0.0,0.0,0.0,0.0,3.508423822575464,0.0,27.590469368968623,0.0,0.0,0.0,0.0,0.0,ok
sample_001618,"(224, 2)","(224, 2)",0.0,0.0,0.0,0.0,0.0,7.712039344519171,0.0,27.170940359141035,0.0,0.0,0.0,0.0,0.0,ok
sample_001619,"(224, 2)","(224, 2)",0.0,0.0,0.0,0.0,0.0,12.979332623086316,5.840547919502256,26.97435819440362,2.5376526277146436e-15,0.0,5.684341886080802e-14,1.2688263138573218e-15,5.684341886080802e-14,ok
sample_001620,"(224, 2)","(224, 2)",0.0,0.0,0.0,0.0,0.0,9.751997515152336,16.91109990509199,30.48388590714771,1.167320208748736e-14,0.0,1.1368683772161603e-13,5.83660104374368e-15,1.1368683772161603e-13,ok
sample_001621,"(224, 2)","(224, 2)",0.0,0.0,0.0,0.0,0.0,7.410248051534467,24.413449162295752,25.6185909058248,8.628018934229787e-15,1.1368683772161603e-13,2.2737367544323206e-13,4.314009467114894e-15,2.2737367544323206e-13,ok
sample_001622,"(224, 2)","(224, 2)",0.0,0.0,0.0,0.0,0.0,11.470467590967802,4.116612685206169,29.884862388841597,7.828658356499675e-14,0.0,1.1368683772161603e-13,3.9143291782498375e-14,1.1368683772161603e-13,ok
sample_001623,"(224, 2)","(224, 2)",0.0,0.0,0.0,0.0,0.0,8.736426666949912,10.02204071035429,27.32634077222918,4.3988200851944685e-14,4.547473508864641e-13,4.547473508864641e-13,2.347328680636045e-14,4.547473508864641e-13,ok
sample_001624,"(224, 2)","(224, 2)",0.0,0.0,0.0,0.0,0.0,10.624126219496004,0.0,23.45571145797972,0.0,0.0,0.0,0.0,0.0,ok
sample_001625,"(224, 2)","(224, 2)",0.0,0.0,0.0,0.0,0.0,10.181262036904311,6.793953193833465,23.46780773740915,0.0,0.0,0.0,0.0,0.0,ok
sample_001626,"(224, 2)","(224, 2)",0.0,0.0,0.0,0.0,0.0,9.56536730607749,0.0,23.258127611654366,0.0,0.0,0.0,0.0,0.0,ok
sample_001627,"(224, 2)","(224, 2)",0.0,0.0,0.0,0.0,0.0,12.63783951978103,5.909619277077037,26.503956308445733,2.977869814545635e-13,1.0516032489249483e-12,1.2505552149377763e-12,1.571441389712293e-13,1.2505552149377763e-12,ok
sample_001628,"(224, 2)","(224, 2)",0.0,0.0,0.0,0.0,0.0,3.3227681664386473,0.0,26.050230325277322,0.0,0.0,0.0,0.0,0.0,ok
sample_001629,"(224, 2)","(224, 2)",0.0,0.0,0.0,0.0,0.0,10.923645334382568,8.027284721498328,31.29255822076558,5.582835780972216e-15,0.0,5.684341886080802e-14,2.791417890486108e-15,5.684341886080802e-14,ok
sample_001630,"(224, 2)","(224, 2)",0.0,0.0,0.0,0.0,0.0,9.351427617569524,0.0,25.18838224261345,4.263256414560601e-14,0.0,4.547473508864641e-13,2.1316282072803006e-14,4.547473508864641e-13,ok
sample_001631,"(224, 2)","(224, 2)",0.0,0.0,0.0,0.0,0.0,9.315607097555512,10.143470806385759,27.81907439150348,4.567774729886359e-15,0.0,1.1368683772161603e-13,2.2838873649431793e-15,1.1368683772161603e-13,ok
sample_001632,"(224, 2)","(224, 2)",0.0,0.0,0.0,0.0,0.0,8.860026417784017,0.0,24.446206249641342,5.735094938635094e-14,3.410605131648481e-13,3.410605131648481e-13,2.867547469317547e-14,3.410605131648481e-13,ok
sample_001633,"(224, 2)","(224, 2)",0.0,0.0,0.0,0.0,0.0,7.581213783303255,15.307191120515688,27.594611792884503,0.0,0.0,0.0,0.0,0.0,ok
sample_001634,"(224, 2)","(224, 2)",0.0,0.0,0.0,0.0,0.0,10.679573874636882,14.610906884926887,25.488648453772566,6.597896832058073e-15,0.0,1.1368683772161603e-13,3.2989484160290367e-15,1.1368683772161603e-13,ok
sample_001635,"(224, 2)","(224, 2)",0.0,0.0,0.0,0.0,0.0,9.238853413551785,0.0,29.50057965532188,1.1736643403180226e-14,5.684341886080802e-14,5.684341886080802e-14,5.868321701590113e-15,5.684341886080802e-14,ok
sample_001636,"(224, 2)","(224, 2)",0.0,0.0,0.0,0.0,0.0,11.578501203076584,15.361692615073217,29.815655283759835,0.0,0.0,0.0,0.0,0.0,ok
sample_001637,"(224, 2)","(224, 2)",0.0,0.0,0.0,0.0,0.0,3.374499253112063,6.00001666664353,19.653032844830857,5.176811360537873e-14,0.0,1.1368683772161603e-13,2.5884056802689363e-14,1.1368683772161603e-13,ok
sample_001638,"(224, 2)","(224, 2)",0.0,0.0,0.0,0.0,0.0,6.652493103304525,0.0,28.85429604062457,1.0861153246618675e-13,2.2737367544323206e-13,3.410605131648481e-13,5.4305766233093374e-14,3.410605131648481e-13,ok
sample_001639,"(224, 2)","(224, 2)",0.0,0.0,0.0,0.0,0.0,6.880195212554564,9.65916145428795,30.173221571452984,0.0,0.0,0.0,0.0,0.0,ok
sample_001640,"(224, 2)","(224, 2)",0.0,0.0,0.0,0.0,0.0,16.484588766326596,13.009354326791149,26.99434755647932,4.867579710614506e-13,2.0115262804234245e-12,2.0115262804234245e-12,2.8180632430771116e-13,1.8474111129762605e-12,ok
sample_001641,"(224, 2)","(224, 2)",0.0,0.0,0.0,0.0,0.0,9.791251638571742,7.810672186182221,25.467599023072488,9.89684524808711e-15,0.0,5.684341886080802e-14,4.948422624043555e-15,5.684341886080802e-14,ok
sample_001642,"(224, 2)","(224, 2)",0.0,0.0,0.0,0.0,0.0,6.532181226857339,23.90240573666184,24.29588030922111,3.4696671269831494e-14,4.547473508864641e-13,4.547473508864641e-13,1.8905512076474093e-14,4.547473508864641e-13,ok
sample_001643,"(224, 2)","(224, 2)",0.0,0.0,0.0,0.0,0.0,10.634620347006626,17.577991921718525,25.774066423441948,1.822034586699114e-13,3.410605131648481e-13,1.0231815394945443e-12,9.11017293349557e-14,1.0231815394945443e-12,ok
sample_001644,"(224, 2)","(224, 2)",0.0,0.0,0.0,0.0,0.0,8.389859976963299,0.0,25.864580027520464,0.0,0.0,0.0,0.0,0.0,ok
sample_001645,"(224, 2)","(224, 2)",0.0,0.0,0.0,0.0,0.0,11.730505775620824,14.714907407116398,25.92305923304566,0.0,0.0,0.0,0.0,0.0,ok
sample_001646,"(224, 2)","(224, 2)",0.0,0.0,0.0,0.0,0.0,11.899440716998871,18.898042226643476,26.064968827911507,3.045183153257572e-15,0.0,1.1368683772161603e-13,1.522591576628786e-15,1.1368683772161603e-13,ok
sample_001647,"(224, 2)","(224, 2)",0.0,0.0,0.0,0.0,0.0,7.344420087495981,0.6576473218982936,27.07494228987385,0.0,0.0,0.0,0.0,0.0,ok
sample_001648,"(224, 2)","(224, 2)",0.0,0.0,0.0,0.0,0.0,11.545019610725223,4.567099736156416,24.13260864473617,4.755428830447215e-14,2.5579538487363607e-13,4.582862941503293e-13,2.772385495778248e-14,3.979039320256561e-13,ok
sample_001649,"(224, 2)","(224, 2)",0.0,0.0,0.0,0.0,0.0,11.074637449218722,6.185466837676541,26.51568969497123,0.0,0.0,0.0,0.0,0.0,ok
sample_001650,"(224, 2)","(224, 2)",0.0,0.0,0.0,0.0,0.0,12.750776035147085,10.642790987330317,26.953391252308272,1.750980313123104e-14,0.0,1.1368683772161603e-13,8.75490156561552e-15,1.1368683772161603e-13,ok
sample_001651,"(224, 2)","(224, 2)",0.0,0.0,0.0,0.0,0.0,8.781705414093377,1.949410167204261,26.52889933638413,7.93016446160826e-18,0.0,1.7763568394002505e-15,3.96508223080413e-18,1.7763568394002505e-15,ok
sample_001652,"(224, 2)","(224, 2)",0.0,0.0,0.0,0.0,0.0,12.15559226477592,0.0,27.48041120507486,2.030122102171715e-14,0.0,2.2737367544323206e-13,1.0150610510858574e-14,2.2737367544323206e-13,ok
sample_001653,"(224, 2)","(224, 2)",0.0,0.0,0.0,0.0,0.0,7.693509518171319,14.347700164137722,28.775032580346448,1.1419436824715896e-14,1.1368683772161603e-13,1.7053025658242404e-13,5.709718412357948e-15,1.7053025658242404e-13,ok
sample_001654,"(224, 2)","(224, 2)",0.0,0.0,0.0,0.0,0.0,7.479458393420215,7.520166221567162,26.964039014954757,3.1592617252102316e-14,2.5421149729252077e-13,2.8421709430404007e-13,1.9286159970631292e-14,2.2737367544323206e-13,ok
sample_001655,"(224, 2)","(224, 2)",0.0,0.0,0.0,0.0,0.0,15.511546647276873,8.754804395302045,32.59904293073628,2.867008914009906e-13,7.958078640513122e-13,8.883773493885078e-13,1.5435272108074318e-13,8.810729923425242e-13,ok
sample_001656,"(224, 2)","(224, 2)",0.0,0.0,0.0,0.0,0.0,10.529442696258164,12.949969111932273,30.235244335047177,3.869920257264831e-14,1.7053025658242404e-13,2.2737367544323206e-13,1.9349601286324156e-14,2.2737367544323206e-13,ok
sample_001657,"(224, 2)","(224, 2)",0.0,0.0,0.0,0.0,0.0,7.286902872837836,13.496229102975393,25.793675581428992,0.0,0.0,0.0,0.0,0.0,ok
sample_001658,"(224, 2)","(224, 2)",0.0,0.0,0.0,0.0,0.0,9.34940308323091,14.997043041880078,30.601321866873697,3.8572319941262583e-14,2.2737367544323206e-13,2.2737367544323206e-13,1.9286159970631292e-14,2.2737367544323206e-13,ok
sample_001659,"(224, 2)","(224, 2)",0.0,0.0,0.0,0.0,0.0,10.643316745020174,3.972165656162635,24.348899359108547,0.0,0.0,0.0,0.0,0.0,ok
sample_001660,"(224, 2)","(224, 2)",0.0,0.0,0.0,0.0,0.0,7.89505412926829,7.856436851397635,24.766590399164798,0.0,0.0,0.0,0.0,0.0,ok
sample_001661,"(224, 2)","(224, 2)",0.0,0.0,0.0,0.0,0.0,9.37119749044148,4.4050085130449865,26.807331086850063,8.158553198102579e-14,6.110667527536862e-13,6.394884621840902e-13,4.0792765990512896e-14,6.394884621840902e-13,ok
sample_001662,"(224, 2)","(224, 2)",0.0,0.0,0.0,0.0,0.0,11.088539471649401,15.462900762793536,30.372726252346837,1.1165671561944431e-14,0.0,1.1368683772161603e-13,5.582835780972216e-15,1.1368683772161603e-13,ok
sample_001663,"(224, 2)","(224, 2)",0.0,0.0,0.0,0.0,0.0,6.108896038414329,0.0905538513815178,22.820311128466237,0.0,0.0,0.0,0.0,0.0,ok
sample_001664,"(224, 2)","(224, 2)",0.0,0.0,0.0,0.0,0.0,8.369440917221814,9.40646586131051,24.426520423506876,3.7557258890176723e-14,2.2737367544323206e-13,2.2737367544323206e-13,1.8778629445088362e-14,2.2737367544323206e-13,ok
sample_001665,"(224, 2)","(224, 2)",0.0,0.0,0.0,0.0,0.0,9.556007605270356,0.0,28.73023668541551,0.0,0.0,0.0,0.0,0.0,ok
sample_001666,"(224, 2)","(224, 2)",0.0,0.0,0.0,0.0,0.0,8.13863138899671,8.836979121849225,29.741408843563416,5.075305255429287e-16,0.0,1.1368683772161603e-13,2.5376526277146434e-16,1.1368683772161603e-13,ok
sample_001667,"(224, 2)","(224, 2)",0.0,0.0,0.0,0.0,0.0,5.563496523728446,1.091787525116547,25.62737988948538,2.42092060683977e-13,6.821210263296962e-13,7.958078640513122e-13,1.210460303419885e-13,7.958078640513122e-13,ok
sample_001668,"(224, 2)","(224, 2)",0.0,0.0,0.0,0.0,0.0,10.857096055966013,1.4727525250360585,26.044433186383433,4.176976225218303e-13,9.094947017729282e-13,1.0231815394945443e-12,2.0884881126091516e-13,1.0231815394945443e-12,ok
sample_001669,"(224, 2)","(224, 2)",0.0,0.0,0.0,0.0,0.0,2.3338779750347314,0.0,29.659313882826076,0.0,0.0,0.0,0.0,0.0,ok
sample_001670,"(224, 2)","(224, 2)",0.0,0.0,0.0,0.0,0.0,10.184194335401429,0.0,27.947296828136967,6.597896832058074e-14,3.410605131648481e-13,5.684341886080801e-13,3.298948416029037e-14,5.684341886080801e-13,ok
sample_001671,"(224, 2)","(224, 2)",0.0,0.0,0.0,0.0,0.0,11.118598742606869,7.646679017717432,26.78449178162618,1.167320208748736e-13,0.0,2.2737367544323206e-13,5.83660104374368e-14,2.2737367544323206e-13,ok
sample_001672,"(224, 2)","(224, 2)",0.0,0.0,0.0,0.0,0.0,9.157648637375717,25.254451092827225,25.511160302894787,0.0,0.0,0.0,0.0,0.0,ok
sample_001673,"(224, 2)","(224, 2)",0.0,0.0,0.0,0.0,0.0,9.027648405503067,4.638156961552603,25.69918481197418,0.0,0.0,0.0,0.0,0.0,ok
sample_001674,"(224, 2)","(224, 2)",0.0,0.0,0.0,0.0,0.0,11.198788667373579,6.116477744584649,30.06527565148911,2.0009390969529963e-13,0.0,9.094947017729282e-13,1.0004695484764982e-13,9.094947017729282e-13,ok
sample_001675,"(224, 2)","(224, 2)",0.0,0.0,0.0,0.0,0.0,8.136274414585532,17.11949181488751,26.64014451912735,1.4439243451696323e-13,4.831690603168681e-13,4.831690603168681e-13,7.219621725848161e-14,4.831690603168681e-13,ok
sample_001676,"(224, 2)","(224, 2)",0.0,0.0,0.0,0.0,0.0,6.946579985769726,19.593243733491448,26.753336240551455,0.0,0.0,0.0,0.0,0.0,ok
sample_001677,"(224, 2)","(224, 2)",0.0,0.0,0.0,0.0,0.0,11.63169251172359,10.968363597182673,28.600398598620863,4.06024420434343e-14,2.2737367544323206e-13,2.2737367544323206e-13,2.030122102171715e-14,2.2737367544323206e-13,ok
sample_001678,"(224, 2)","(224, 2)",0.0,0.0,0.0,0.0,0.0,9.075811008210055,9.099065886122586,27.97980879134082,0.0,0.0,0.0,0.0,0.0,ok
sample_001679,"(224, 2)","(224, 2)",0.0,0.0,0.0,0.0,0.0,10.901602441747773,13.569528363211404,29.18437938349903,0.0,0.0,0.0,0.0,0.0,ok
sample_001680,"(224, 2)","(224, 2)",0.0,0.0,0.0,0.0,0.0,9.054292112101622,4.420520331364067,25.52215704050099,0.0,0.0,0.0,0.0,0.0,ok
sample_001681,"(224, 2)","(224, 2)",0.0,0.0,0.0,0.0,0.0,8.227765472624728,16.597090106401204,24.45087523995824,0.0,0.0,0.0,0.0,0.0,ok
sample_001682,"(224, 2)","(224, 2)",0.0,0.0,0.0,0.0,0.0,4.82752705692493,12.79286129057917,26.798376816516353,4.0602442043434294e-15,0.0,1.1368683772161603e-13,2.0301221021717147e-15,1.1368683772161603e-13,ok
sample_001683,"(224, 2)","(224, 2)",0.0,0.0,0.0,0.0,0.0,9.592557650349729,11.619057620994758,26.170504389483952,0.0,0.0,0.0,0.0,0.0,ok
sample_001684,"(224, 2)","(224, 2)",0.0,0.0,0.0,0.0,0.0,6.833877559072429,13.064057562641109,21.65164427936131,3.584434336646934e-14,4.973799150320701e-13,4.973799150320701e-13,1.792217168323467e-14,4.973799150320701e-13,ok
sample_001685,"(224, 2)","(224, 2)",0.0,0.0,0.0,0.0,0.0,9.270554054347429,7.487977029879398,26.62423707827142,3.045183153257572e-15,0.0,2.2737367544323206e-13,1.522591576628786e-15,2.2737367544323206e-13,ok
sample_001686,"(224, 2)","(224, 2)",0.0,0.0,0.0,0.0,0.0,9.245033964480209,21.23498292911965,26.715151131895322,2.877698079828406e-13,6.821210263296962e-13,1.0231815394945443e-12,1.438849039914203e-13,1.0231815394945443e-12,ok
sample_001687,"(224, 2)","(224, 2)",0.0,0.0,0.0,0.0,0.0,9.230477020132765,13.962968882010742,31.89059422462987,0.0,0.0,0.0,0.0,0.0,ok
sample_001688,"(224, 2)","(224, 2)",0.0,0.0,0.0,0.0,0.0,10.168795606771138,5.824165176229115,28.06450070819018,2.689911785377522e-14,0.0,1.1368683772161603e-13,1.344955892688761e-14,1.1368683772161603e-13,ok
sample_001689,"(224, 2)","(224, 2)",0.0,0.0,0.0,0.0,0.0,9.729817679421261,7.841479452246216,27.060206946732645,2.56302915399179e-14,1.7053025658242404e-13,1.7053025658242404e-13,1.281514576995895e-14,1.7053025658242404e-13,ok
sample_001690,"(224, 2)","(224, 2)",0.0,0.0,0.0,0.0,0.0,6.366340084229238,0.22090722034377072,26.138837005498097,4.41551557222348e-14,1.1368683772161603e-13,1.1368683772161603e-13,2.20775778611174e-14,1.1368683772161603e-13,ok
sample_001691,"(224, 2)","(224, 2)",0.0,0.0,0.0,0.0,0.0,9.302419839236636,13.161599446875863,24.406238956463536,1.2688263138573217e-16,0.0,2.842170943040401e-14,6.344131569286608e-17,2.842170943040401e-14,ok
sample_001692,"(224, 2)","(224, 2)",0.0,0.0,0.0,0.0,0.0,9.084154100413068,12.66760040418083,25.667857331690115,8.057047092993993e-14,1.9895196601282805e-13,5.684341886080801e-13,4.0285235464969963e-14,5.684341886080801e-13,ok
sample_001693,"(224, 2)","(224, 2)",0.0,0.0,0.0,0.0,0.0,6.519387908302032,24.403509993441535,25.100713137279655,3.095936205811865e-14,5.684341886080801e-13,6.252776074688882e-13,1.5479681029059324e-14,6.252776074688882e-13,ok
sample_001694,"(224, 2)","(224, 2)",0.0,0.0,0.0,0.0,0.0,8.78224099370092,14.459961963988794,28.86362589835173,0.0,0.0,0.0,0.0,0.0,ok
sample_001695,"(224, 2)","(224, 2)",0.0,0.0,0.0,0.0,0.0,7.0415363460003215,0.0,27.715499273872112,8.628018934229788e-14,5.684341886080801e-13,5.684341886080801e-13,4.314009467114894e-14,5.684341886080801e-13,ok
sample_001696,"(224, 2)","(224, 2)",0.0,0.0,0.0,0.0,0.0,9.770291522173974,24.283632347735953,26.588330146889625,2.4361465226060576e-14,0.0,2.2737367544323206e-13,1.2180732613030288e-14,2.2737367544323206e-13,ok
sample_001697,"(224, 2)","(224, 2)",0.0,0.0,0.0,0.0,0.0,11.663955017676106,18.321337287436258,27.906603161259106,9.719209564147085e-14,2.2737367544323206e-13,6.821210263296962e-13,4.8596047820735424e-14,6.821210263296962e-13,ok
sample_001698,"(224, 2)","(224, 2)",0.0,0.0,0.0,0.0,0.0,15.001441162048257,9.654356529567341,25.44572655673248,1.648493548897091e-13,6.87429441225494e-13,8.526512829121202e-13,1.0011039616334268e-13,6.821210263296962e-13,ok
sample_001699,"(224, 2)","(224, 2)",0.0,0.0,0.0,0.0,0.0,7.702931491782154,10.94341811318565,25.531611778342537,0.0,0.0,0.0,0.0,0.0,ok
sample_001700,"(224, 2)","(224, 2)",0.0,0.0,0.0,0.0,0.0,9.154854401939009,14.918542153977349,24.624296944278544,2.2331343123888863e-14,0.0,2.2737367544323206e-13,1.1165671561944431e-14,2.2737367544323206e-13,ok
sample_001701,"(224, 2)","(224, 2)",0.0,0.0,0.0,0.0,0.0,8.913134883772532,13.581329095489837,25.828921773856486,1.4718385240744934e-14,0.0,1.1368683772161603e-13,7.359192620372467e-15,1.1368683772161603e-13,ok
sample_001702,"(224, 2)","(224, 2)",0.0,0.0,0.0,0.0,0.0,6.536632816190704,20.98418452072901,26.011699290896072,1.5987211554602254e-14,0.0,1.1368683772161603e-13,7.993605777301127e-15,1.1368683772161603e-13,ok
sample_001703,"(224, 2)","(224, 2)",0.0,0.0,0.0,0.0,0.0,10.102648381843835,7.906073614633275,24.687926198852807,5.4305766233093374e-14,1.7053025658242404e-13,2.8421709430404007e-13,2.7152883116546687e-14,2.8421709430404007e-13,ok
sample_001704,"(224, 2)","(224, 2)",0.0,0.0,0.0,0.0,0.0,10.24736812806814,12.234001798267014,28.613989585515657,4.5043334141934923e-14,4.547473508864641e-13,4.547473508864641e-13,2.2521667070967462e-14,4.547473508864641e-13,ok
sample_001705,"(224, 2)","(224, 2)",0.0,0.0,0.0,0.0,0.0,6.896262985520879,9.371728762613655,27.222977427166114,0.0,0.0,0.0,0.0,0.0,ok
sample_001706,"(224, 2)","(224, 2)",0.0,0.0,0.0,0.0,0.0,7.581737165022128,22.601471191052948,23.538721290673333,9.135549459772717e-15,0.0,1.1368683772161603e-13,4.567774729886359e-15,1.1368683772161603e-13,ok
sample_001707,"(224, 2)","(224, 2)",0.0,0.0,0.0,0.0,0.0,8.200217044854481,0.36055512754629804,24.073520722985243,5.075305255429287e-15,0.0,1.1368683772161603e-13,2.5376526277146436e-15,1.1368683772161603e-13,ok
sample_001708,"(224, 2)","(224, 2)",0.0,0.0,0.0,0.0,0.0,12.306881650280417,6.4880890869346235,24.432775118680308,2.3638234227161907e-13,1.0800249583553523e-12,1.3073986337985843e-12,1.1819117113580953e-13,1.3073986337985843e-12,ok
sample_001709,"(224, 2)","(224, 2)",0.0,0.0,0.0,0.0,0.0,9.35838025343294,18.581646859199537,26.931448160097144,9.26243209115845e-14,2.2737367544323206e-13,2.2737367544323206e-13,4.631216045579225e-14,2.2737367544323206e-13,ok
sample_001710,"(224, 2)","(224, 2)",0.0,0.0,0.0,0.0,0.0,8.171227686112076,11.551432811560579,24.366372319243677,3.552713678800501e-15,1.7053025658242404e-13,1.7053025658242404e-13,1.7763568394002505e-15,1.7053025658242404e-13,ok
sample_001711,"(224, 2)","(224, 2)",0.0,0.0,0.0,0.0,0.0,7.276487789257657,10.984611964015842,22.765774750708626,2.0301221021717147e-15,0.0,1.1368683772161603e-13,1.0150610510858574e-15,1.1368683772161603e-13,ok
sample_001712,"(224, 2)","(224, 2)",0.0,0.0,0.0,0.0,0.0,9.558794200289103,12.89758504527108,26.36240694625584,9.135549459772717e-15,0.0,1.1368683772161603e-13,4.567774729886359e-15,1.1368683772161603e-13,ok
sample_001713,"(224, 2)","(224, 2)",0.0,0.0,0.0,0.0,0.0,11.694268629627546,9.55881268777663,31.25323183288416,4.0727027329979957e-13,9.112693272687351e-13,1.0231815394945443e-12,2.0948322441784383e-13,1.0231815394945443e-12,ok
sample_001714,"(224, 2)","(224, 2)",0.0,0.0,0.0,0.0,0.0,9.669888320705285,10.76328946001176,31.826349146579734,3.0470465394638415e-14,3.457650183405701e-13,4.582862941503293e-13,1.655818339583805e-14,4.547473508864641e-13,ok
sample_001715,"(224, 2)","(224, 2)",0.0,0.0,0.0,0.0,0.0,8.301252153678313,12.613532415624068,28.387830138987308,7.61295788314393e-15,1.1368683772161603e-13,2.2737367544323206e-13,3.806478941571965e-15,2.2737367544323206e-13,ok
sample_001716,"(224, 2)","(224, 2)",0.0,0.0,0.0,0.0,0.0,8.248412240889996,18.07020199112346,24.654362697096857,2.074531023156721e-14,2.2737367544323206e-13,2.2737367544323206e-13,1.0372655115783606e-14,2.2737367544323206e-13,ok
sample_001717,"(224, 2)","(224, 2)",0.0,0.0,0.0,0.0,0.0,12.39325813914158,12.161681627143633,28.94868736229682,6.7890904113857e-14,5.115907697472721e-13,5.115907697472721e-13,3.869920257264831e-14,5.115907697472721e-13,ok
sample_001718,"(224, 2)","(224, 2)",0.0,0.0,0.0,0.0,0.0,8.15253070026897,18.7294554111966,27.335251965182255,1.8271098919545435e-14,2.2737367544323206e-13,2.2737367544323206e-13,9.135549459772717e-15,2.2737367544323206e-13,ok
sample_001719,"(224, 2)","(224, 2)",0.0,0.0,0.0,0.0,0.0,11.062594903793869,0.0,28.834397860888267,0.0,0.0,0.0,0.0,0.0,ok
sample_001720,"(224, 2)","(224, 2)",0.0,0.0,0.0,0.0,0.0,8.0086124636357,21.48741492129753,25.202977998641437,1.522591576628786e-15,0.0,1.1368683772161603e-13,7.61295788314393e-16,1.1368683772161603e-13,ok
sample_001721,"(224, 2)","(224, 2)",0.0,0.0,0.0,0.0,0.0,10.830484731146694,4.766046579713622,29.8248436710069,1.522591576628786e-14,0.0,2.2737367544323206e-13,7.61295788314393e-15,2.2737367544323206e-13,ok
sample_001722,"(224, 2)","(224, 2)",0.0,0.0,0.0,0.0,0.0,10.479022453316515,11.2631833865917,30.400633217089364,5.075305255429287e-16,0.0,1.1368683772161603e-13,2.5376526277146434e-16,1.1368683772161603e-13,ok
sample_001723,"(224, 2)","(224, 2)",0.0,0.0,0.0,0.0,0.0,9.64313399072917,12.251061178526458,26.215882590521403,0.0,0.0,0.0,0.0,0.0,ok
sample_001724,"(224, 2)","(224, 2)",0.0,0.0,0.0,0.0,0.0,9.88265036055634,8.756374820666416,29.518362081931333,6.344131569286609e-15,0.0,5.684341886080802e-14,3.1720657846433046e-15,5.684341886080802e-14,ok
sample_001725,"(224, 2)","(224, 2)",0.0,0.0,0.0,0.0,0.0,9.509281233257907,20.682132385225643,29.2554285560817,1.6953760926728543e-13,4.2251908630869667e-13,7.476584436270687e-13,1.0423408168337899e-13,7.389644451905042e-13,ok
sample_001726,"(224, 2)","(224, 2)",0.0,0.0,0.0,0.0,0.0,8.687789738581683,4.660225316441225,29.2554285560817,4.441704042007426e-14,1.1368683772161603e-13,2.5421149729252077e-13,2.3409845490667587e-14,2.2737367544323206e-13,ok
sample_001727,"(224, 2)","(224, 2)",0.0,0.0,0.0,0.0,0.0,6.236851694009718,4.775541854072783,25.984368377930544,0.0,0.0,0.0,0.0,0.0,ok
sample_001728,"(224, 2)","(224, 2)",0.0,0.0,0.0,0.0,0.0,8.987133865541887,11.387440449899296,25.635438361767793,1.0150610510858574e-15,0.0,5.684341886080802e-14,5.075305255429287e-16,5.684341886080802e-14,ok
sample_001729,"(224, 2)","(224, 2)",0.0,0.0,0.0,0.0,0.0,9.27468831010126,9.985714796648285,26.722642084943498,0.0,0.0,0.0,0.0,0.0,ok
sample_001730,"(224, 2)","(224, 2)",0.0,0.0,0.0,0.0,0.0,9.53746140080007,15.344200858956386,26.521404563106966,1.6494742080145184e-14,2.2737367544323206e-13,3.410605131648481e-13,8.247371040072592e-15,3.410605131648481e-13,ok
sample_001731,"(224, 2)","(224, 2)",0.0,0.0,0.0,0.0,0.0,17.16687388862892,9.859376248018956,29.92042780442823,4.951477196839741e-13,1.9854552643406554e-12,2.287903475632687e-12,2.7508154484426736e-13,2.0463630789890885e-12,ok
sample_001732,"(224, 2)","(224, 2)",0.0,0.0,0.0,0.0,0.0,8.652791854254883,6.7416096000881724,25.638631008694635,1.766206228889392e-13,4.547473508864641e-13,7.958078640513122e-13,8.83103114444696e-14,7.958078640513122e-13,ok
sample_001733,"(224, 2)","(224, 2)",0.0,0.0,0.0,0.0,0.0,7.8943517769267535,0.0,22.087519100161657,1.3855583347321954e-13,6.821210263296962e-13,1.0231815394945443e-12,6.927791673660977e-14,1.0231815394945443e-12,ok
sample_001734,"(224, 2)","(224, 2)",0.0,0.0,0.0,0.0,0.0,9.920186580815166,13.831919606475527,25.931579203742942,1.0150610510858574e-15,0.0,2.842170943040401e-14,5.075305255429287e-16,2.842170943040401e-14,ok
sample_001735,"(224, 2)","(224, 2)",0.0,0.0,0.0,0.0,0.0,10.041134812155352,6.093488327715015,28.21239621159469,1.0340934457937172e-14,1.1368683772161603e-13,1.7053025658242404e-13,5.170467228968586e-15,1.7053025658242404e-13,ok
sample_001736,"(224, 2)","(224, 2)",0.0,0.0,0.0,0.0,0.0,7.543430496434768,0.01999999999998181,28.53297215503473,0.0,0.0,0.0,0.0,0.0,ok
sample_001737,"(224, 2)","(224, 2)",0.0,0.0,0.0,0.0,0.0,11.662146206681635,5.071686110161018,26.40934115043404,2.546534411911645e-13,1.6484591469634324e-12,1.6484591469634324e-12,1.2732672059558224e-13,1.6484591469634324e-12,ok
sample_001738,"(224, 2)","(224, 2)",0.0,0.0,0.0,0.0,0.0,8.460817845284756,14.665159392246771,26.055648140086603,5.887354096297974e-14,3.410605131648481e-13,3.410605131648481e-13,2.943677048148987e-14,3.410605131648481e-13,ok
sample_001739,"(224, 2)","(224, 2)",0.0,0.0,0.0,0.0,0.0,7.4020583119922065,0.0,27.7250518484638,7.105427357601002e-15,0.0,1.1368683772161603e-13,3.552713678800501e-15,1.1368683772161603e-13,ok
sample_001740,"(224, 2)","(224, 2)",0.0,0.0,0.0,0.0,0.0,6.958660536117927,12.263804466803924,26.27625924670383,0.0,0.0,0.0,0.0,0.0,ok
sample_001741,"(224, 2)","(224, 2)",0.0,0.0,0.0,0.0,0.0,12.409567718775767,2.496898075612999,26.031538563827002,2.70513770114381e-13,5.684341886080801e-13,1.5916157281026244e-12,1.352568850571905e-13,1.5916157281026244e-12,ok
sample_001742,"(224, 2)","(224, 2)",0.0,0.0,0.0,0.0,0.0,8.462182295389383,4.551318490284068,23.543120014135834,0.0,0.0,0.0,0.0,0.0,ok
sample_001743,"(224, 2)","(224, 2)",0.0,0.0,0.0,0.0,0.0,11.575560347465155,10.409116196872828,31.69834380531585,2.692449438005237e-13,7.958078640513122e-13,1.1368683772161603e-12,1.3462247190026185e-13,1.1368683772161603e-12,ok
sample_001744,"(224, 2)","(224, 2)",0.0,0.0,0.0,0.0,0.0,8.430345457988125,9.981267454587092,25.41856014804935,1.522591576628786e-15,0.0,1.1368683772161603e-13,7.61295788314393e-16,1.1368683772161603e-13,ok
sample_001745,"(224, 2)","(224, 2)",0.0,0.0,0.0,0.0,0.0,3.523516818150871,22.468840646548717,22.78299804678921,2.5376526277146434e-16,0.0,5.684341886080802e-14,1.2688263138573217e-16,5.684341886080802e-14,ok
sample_001746,"(224, 2)","(224, 2)",0.0,0.0,0.0,0.0,0.0,11.018390832874944,22.88829395127561,24.236660248474788,4.555086466747785e-14,1.7053025658242404e-13,1.7053025658242404e-13,2.2775432333738925e-14,1.7053025658242404e-13,ok
sample_001747,"(224, 2)","(224, 2)",0.0,0.0,0.0,0.0,0.0,9.548740997060962,7.576100580113822,24.621364706287004,5.075305255429287e-15,0.0,1.1368683772161603e-13,2.5376526277146436e-15,1.1368683772161603e-13,ok
sample_001748,"(224, 2)","(224, 2)",0.0,0.0,0.0,0.0,0.0,10.071398182090588,14.192004791431,28.377549224695052,5.2884698630176123e-14,2.794023535703866e-13,5.542233338928781e-13,2.6669143084388583e-14,5.542233338928781e-13,ok
sample_001749,"(224, 2)","(224, 2)",0.0,0.0,0.0,0.0,0.0,7.24785349840852,6.973234543596024,18.9077973333755,1.522591576628786e-14,3.410605131648481e-13,4.547473508864641e-13,7.61295788314393e-15,4.547473508864641e-13,ok
sample_001750,"(224, 2)","(224, 2)",0.0,0.0,0.0,0.0,0.0,9.88268526377433,16.658121142553785,24.22529669580957,2.1823812598345936e-14,0.0,1.1368683772161603e-13,1.0911906299172968e-14,1.1368683772161603e-13,ok
sample_001751,"(224, 2)","(224, 2)",0.0,0.0,0.0,0.0,0.0,9.490294606460496,13.741979478954189,25.70852971291823,1.8771634663641009e-13,4.1382633578908315e-13,9.094947017729282e-13,9.452756038237047e-14,9.094947017729282e-13,ok
sample_001752,"(224, 2)","(224, 2)",0.0,0.0,0.0,0.0,0.0,8.08746412776608,1.5945218719102294,28.235688410237113,6.344131569286609e-16,0.0,2.842170943040401e-14,3.1720657846433045e-16,2.842170943040401e-14,ok
sample_001753,"(224, 2)","(224, 2)",0.0,0.0,0.0,0.0,0.0,7.952399822908904,0.0,23.196174253527197,0.0,0.0,0.0,0.0,0.0,ok
sample_001754,"(224, 2)","(224, 2)",0.0,0.0,0.0,0.0,0.0,9.35647116215919,12.071561622259162,24.926391636175328,0.0,0.0,0.0,0.0,0.0,ok
sample_001755,"(224, 2)","(224, 2)",0.0,0.0,0.0,0.0,0.0,8.82107364246522,7.854559185594094,28.35530461836009,6.597896832058073e-15,0.0,5.684341886080802e-14,3.2989484160290367e-15,5.684341886080802e-14,ok
sample_001756,"(224, 2)","(224, 2)",0.0,0.0,0.0,0.0,0.0,5.995487214334028,9.926112028382537,25.193372144276378,2.0055385923407292e-14,0.0,5.684341886080802e-14,1.0027692961703646e-14,5.684341886080802e-14,ok
sample_001757,"(224, 2)","(224, 2)",0.0,0.0,0.0,0.0,0.0,12.402772839803731,8.423419733101259,30.05873084479784,3.170796958329447e-13,9.379164112033322e-13,1.0516032489249483e-12,1.5853984791647235e-13,1.0516032489249483e-12,ok
sample_001758,"(224, 2)","(224, 2)",0.0,0.0,0.0,0.0,0.0,9.44606752671165,12.873235801460485,25.810029058488077,4.237879888283455e-14,2.2737367544323206e-13,2.2737367544323206e-13,2.1189399441417274e-14,2.2737367544323206e-13,ok
sample_001759,"(224, 2)","(224, 2)",0.0,0.0,0.0,0.0,0.0,3.9814796560486907,22.254925297560558,22.254925297560558,6.851662094829538e-15,0.0,5.684341886080802e-14,3.425831047414769e-15,5.684341886080802e-14,ok
sample_001760,"(224, 2)","(224, 2)",0.0,0.0,0.0,0.0,0.0,9.094821430951361,10.576625170629908,27.971337114982607,6.090366306515144e-15,0.0,1.1368683772161603e-13,3.045183153257572e-15,1.1368683772161603e-13,ok
sample_001761,"(224, 2)","(224, 2)",0.0,0.0,0.0,0.0,0.0,9.176944560960209,14.824371824802562,28.5831086482909,1.2358368296970314e-13,2.2737367544323206e-13,2.2737367544323206e-13,6.179184148485157e-14,2.2737367544323206e-13,ok
sample_001762,"(224, 2)","(224, 2)",0.0,0.0,0.0,0.0,0.0,10.152945767722112,13.24084967062186,23.73310135654433,0.0,0.0,0.0,0.0,0.0,ok
sample_001763,"(224, 2)","(224, 2)",0.0,0.0,0.0,0.0,0.0,9.565530709113395,9.731947389911209,27.196494259370887,2.5376526277146434e-16,0.0,2.842170943040401e-14,1.2688263138573217e-16,2.842170943040401e-14,ok
sample_001764,"(224, 2)","(224, 2)",0.0,0.0,0.0,0.0,0.0,3.8507271925885553,13.230517752529506,25.64228733947108,0.0,0.0,0.0,0.0,0.0,ok
sample_001765,"(224, 2)","(224, 2)",0.0,0.0,0.0,0.0,0.0,7.899360549098761,11.501408609383507,23.089965352940645,3.146689258366158e-14,3.410605131648481e-13,4.547473508864641e-13,1.573344629183079e-14,4.547473508864641e-13,ok
sample_001766,"(224, 2)","(224, 2)",0.0,0.0,0.0,0.0,0.0,8.911344199278338,8.909955106508733,28.325808020248868,8.298124092626884e-14,2.2737367544323206e-13,2.2737367544323206e-13,4.149062046313442e-14,2.2737367544323206e-13,ok
sample_001767,"(224, 2)","(224, 2)",0.0,0.0,0.0,0.0,0.0,11.199641863476325,15.571929873975177,29.40491965641143,1.2180732613030288e-14,0.0,2.2737367544323206e-13,6.090366306515144e-15,2.2737367544323206e-13,ok
sample_001768,"(224, 2)","(224, 2)",0.0,0.0,0.0,0.0,0.0,8.50280693561514,6.592738429514642,26.22901065614185,3.045183153257572e-14,1.1368683772161603e-13,4.547473508864641e-13,1.522591576628786e-14,4.547473508864641e-13,ok
sample_001769,"(224, 2)","(224, 2)",0.0,0.0,0.0,0.0,0.0,9.326883342934277,11.590729053860201,28.463627667604296,1.0150610510858574e-15,0.0,1.1368683772161603e-13,5.075305255429287e-16,1.1368683772161603e-13,ok
sample_001770,"(224, 2)","(224, 2)",0.0,0.0,0.0,0.0,0.0,11.339584359992887,13.426317440013076,26.82297709054714,2.428533564722914e-13,1.1368683772161603e-13,6.821210263296962e-13,1.214266782361457e-13,6.821210263296962e-13,ok
sample_001771,"(224, 2)","(224, 2)",0.0,0.0,0.0,0.0,0.0,10.104567133953996,22.858007349723092,23.99927082225625,4.567774729886359e-15,0.0,1.1368683772161603e-13,2.2838873649431793e-15,1.1368683772161603e-13,ok
sample_001772,"(224, 2)","(224, 2)",0.0,0.0,0.0,0.0,0.0,9.797688234440061,25.296596609030328,26.95457660583822,2.030122102171715e-14,3.410605131648481e-13,3.410605131648481e-13,1.0150610510858574e-14,3.410605131648481e-13,ok
sample_001773,"(224, 2)","(224, 2)",0.0,0.0,0.0,0.0,0.0,11.79105224315617,12.03039483973822,24.075298544358727,2.5512925105886097e-13,9.450218385609332e-13,1.1368683772161603e-12,1.2756462552943049e-13,1.1368683772161603e-12,ok
sample_001774,"(224, 2)","(224, 2)",0.0,0.0,0.0,0.0,0.0,3.7245665324573634,25.326430857900146,27.880190099782382,0.0,0.0,0.0,0.0,0.0,ok
sample_001775,"(224, 2)","(224, 2)",0.0,0.0,0.0,0.0,0.0,8.455769928787703,20.151528478008775,26.479813065805516,4.314009467114894e-15,1.7053025658242404e-13,1.7053025658242404e-13,2.157004733557447e-15,1.7053025658242404e-13,ok
sample_001776,"(224, 2)","(224, 2)",0.0,0.0,0.0,0.0,0.0,12.290026617000569,14.686599334086775,29.716163951627312,0.0,0.0,0.0,0.0,0.0,ok
sample_001777,"(224, 2)","(224, 2)",0.0,0.0,0.0,0.0,0.0,8.397787619404916,2.035779948815686,21.43158883517505,2.7508154484426736e-13,1.1368683772161603e-12,1.2505552149377763e-12,1.3754077242213368e-13,1.2505552149377763e-12,ok
sample_001778,"(224, 2)","(224, 2)",0.0,0.0,0.0,0.0,0.0,8.279503539049546,0.0,27.61828741975137,0.0,0.0,0.0,0.0,0.0,ok
sample_001779,"(224, 2)","(224, 2)",0.0,0.0,0.0,0.0,0.0,7.907607819329148,6.446588244955601,25.990340513352226,0.0,0.0,0.0,0.0,0.0,ok
sample_001780,"(224, 2)","(224, 2)",0.0,0.0,0.0,0.0,0.0,9.381466384931267,8.066256876643433,28.913859998277566,0.0,0.0,0.0,0.0,0.0,ok
sample_001781,"(224, 2)","(224, 2)",0.0,0.0,0.0,0.0,0.0,6.6905763547938575,0.0,26.199200369476774,0.0,0.0,0.0,0.0,0.0,ok
sample_001782,"(224, 2)","(224, 2)",0.0,0.0,0.0,0.0,0.0,8.638752833767267,0.0,26.500764139926172,3.654219783909087e-14,2.2737367544323206e-13,2.2737367544323206e-13,1.8271098919545435e-14,2.2737367544323206e-13,ok
sample_001783,"(224, 2)","(224, 2)",0.0,0.0,0.0,0.0,0.0,9.655268140787895,12.26983699973232,28.820048577335953,5.710606236256108e-14,2.2914314707516465e-13,6.915300366811402e-13,3.102280337381152e-14,6.821210263296962e-13,ok
sample_001784,"(224, 2)","(224, 2)",0.0,0.0,0.0,0.0,0.0,8.365829116357203,0.0,26.76251856608424,6.016318600770167e-15,0.0,1.2710574864626038e-13,3.2989484160290367e-15,1.1368683772161603e-13,ok
sample_001785,"(224, 2)","(224, 2)",0.0,0.0,0.0,0.0,0.0,7.947124565474651,0.0,27.586873690217207,0.0,0.0,0.0,0.0,0.0,ok
sample_001786,"(224, 2)","(224, 2)",0.0,0.0,0.0,0.0,0.0,10.381927352363855,14.172035845283462,29.551651392096495,9.151409788695934e-14,7.638334409421077e-13,7.638334409421077e-13,4.575704894347967e-14,7.638334409421077e-13,ok
sample_001787,"(224, 2)","(224, 2)",0.0,0.0,0.0,0.0,0.0,5.9469050059119235,0.0,26.65122323646702,1.1419436824715897e-13,2.2737367544323206e-13,2.2737367544323206e-13,5.709718412357948e-14,2.2737367544323206e-13,ok
sample_001788,"(224, 2)","(224, 2)",0.0,0.0,0.0,0.0,0.0,15.027725959204664,13.169696275920693,27.93418157025531,2.277284844282989e-13,5.240704272917405e-13,9.25343817704044e-13,1.4299672557172016e-13,9.094947017729282e-13,ok
sample_001789,"(224, 2)","(224, 2)",0.0,0.0,0.0,0.0,0.0,6.834914624497907,28.434095730302293,28.434095730302293,0.0,0.0,0.0,0.0,0.0,ok
sample_001790,"(224, 2)","(224, 2)",0.0,0.0,0.0,0.0,0.0,7.869943307034882,28.317445153120914,28.317445153120914,7.61295788314393e-15,0.0,1.1368683772161603e-13,3.806478941571965e-15,1.1368683772161603e-13,ok
sample_001791,"(224, 2)","(224, 2)",0.0,0.0,0.0,0.0,0.0,9.50960261968053,4.659881972754268,25.941713513181814,2.3600169437746186e-14,2.2737367544323206e-13,2.2737367544323206e-13,1.1800084718873093e-14,2.2737367544323206e-13,ok
sample_001792,"(224, 2)","(224, 2)",0.0,0.0,0.0,0.0,0.0,10.573482367305852,14.791091913716189,27.9469533223212,0.0,0.0,0.0,0.0,0.0,ok
sample_001793,"(224, 2)","(224, 2)",0.0,0.0,0.0,0.0,0.0,9.757099065704239,14.334660791243016,30.385531096230665,9.313185143712742e-14,0.0,2.2737367544323206e-13,4.656592571856371e-14,2.2737367544323206e-13,ok
sample_001794,"(224, 2)","(224, 2)",0.0,0.0,0.0,0.0,0.0,9.71558932490856,13.971288415890708,26.3030283427594,8.47575977656691e-14,4.547473508864641e-13,6.821210263296962e-13,4.237879888283455e-14,6.821210263296962e-13,ok
sample_001795,"(224, 2)","(224, 2)",0.0,0.0,0.0,0.0,0.0,7.555041679128372,0.0,29.030208404350176,1.1114918509390138e-13,4.547473508864641e-13,7.958078640513122e-13,5.557459254695069e-14,7.958078640513122e-13,ok
sample_001796,"(224, 2)","(224, 2)",0.0,0.0,0.0,0.0,0.0,6.653249034242022,0.0,22.984103201995953,0.0,0.0,0.0,0.0,0.0,ok
sample_001797,"(224, 2)","(224, 2)",0.0,0.0,0.0,0.0,0.0,8.07839249579496,7.552860385310902,24.427709675694103,5.3290705182007514e-14,2.2737367544323206e-13,2.2737367544323206e-13,2.6645352591003757e-14,2.2737367544323206e-13,ok
sample_001798,"(224, 2)","(224, 2)",0.0,0.0,0.0,0.0,0.0,8.326852705530873,0.0,27.454314779283674,0.0,0.0,0.0,0.0,0.0,ok
sample_001799,"(224, 2)","(224, 2)",0.0,0.0,0.0,0.0,0.0,8.229360284641439,5.754059436606546,26.224969018094182,6.344131569286608e-17,0.0,1.4210854715202004e-14,3.172065784643304e-17,1.4210854715202004e-14,ok
sample_001800,"(224, 2)","(224, 2)",0.0,0.0,0.0,0.0,0.0,9.29502031850959,14.675738482271004,28.20202829585125,0.0,0.0,0.0,0.0,0.0,ok
sample_001801,"(224, 2)","(224, 2)",0.0,0.0,0.0,0.0,0.0,8.913949644004886,6.578791682368359,25.24237112475771,0.0,0.0,0.0,0.0,0.0,ok
sample_001802,"(224, 2)","(224, 2)",0.0,0.0,0.0,0.0,0.0,10.446142876200485,10.145368401393684,29.225716415513034,4.900704081183759e-14,1.9895196601282805e-13,3.06111178766429e-13,2.7026000485160952e-14,2.8421709430404007e-13,ok
sample_001803,"(224, 2)","(224, 2)",0.0,0.0,0.0,0.0,0.0,8.527935955981487,0.0,27.330689709555514,8.983290302109838e-14,5.684341886080801e-13,6.821210263296962e-13,4.491645151054919e-14,6.821210263296962e-13,ok
sample_001804,"(224, 2)","(224, 2)",0.0,0.0,0.0,0.0,0.0,12.714466605209891,22.52536570180387,28.860564790038357,8.501136302844055e-14,3.410605131648481e-13,7.958078640513122e-13,4.2505681514220276e-14,7.958078640513122e-13,ok
sample_001805,"(224, 2)","(224, 2)",0.0,0.0,0.0,0.0,0.0,7.472826191998691,3.3668976818430316,23.84675449615745,0.0,0.0,0.0,0.0,0.0,ok
sample_001806,"(224, 2)","(224, 2)",0.0,0.0,0.0,0.0,0.0,9.009597015887,3.209750769140852,27.532745958222172,1.4972150503516397e-14,1.1368683772161603e-13,1.7053025658242404e-13,7.486075251758199e-15,1.7053025658242404e-13,ok
sample_001807,"(224, 2)","(224, 2)",0.0,0.0,0.0,0.0,0.0,6.642737789532419,9.887304991755725,25.41338623639119,1.700227260568811e-14,1.7053025658242404e-13,2.2737367544323206e-13,8.501136302844056e-15,2.2737367544323206e-13,ok
sample_001808,"(224, 2)","(224, 2)",0.0,0.0,0.0,0.0,0.0,10.064942547128053,10.940772367616521,24.68590285972946,1.7256037868459575e-14,0.0,2.2737367544323206e-13,8.628018934229787e-15,2.2737367544323206e-13,ok
sample_001809,"(224, 2)","(224, 2)",0.0,0.0,0.0,0.0,0.0,10.73060471649464,4.525151931151033,28.678022944408234,2.743394293164098e-13,1.3642420526593924e-12,1.3642420526593924e-12,1.5708069765553644e-13,1.3642420526593924e-12,ok
sample_001810,"(224, 2)","(224, 2)",0.0,0.0,0.0,0.0,0.0,11.221580983337464,14.456282371342745,22.680751751209517,1.0455128826184331e-13,6.821210263296962e-13,8.526512829121202e-13,5.2275644130921654e-14,8.526512829121202e-13,ok
sample_001811,"(224, 2)","(224, 2)",0.0,0.0,0.0,0.0,0.0,11.134496113231275,8.026362812631882,31.673083209564542,6.572520305780927e-14,3.410605131648481e-13,5.684341886080801e-13,3.2862601528904634e-14,5.684341886080801e-13,ok
sample_001812,"(224, 2)","(224, 2)",0.0,0.0,0.0,0.0,0.0,4.368912922051402,18.072423744478826,30.002068262038247,3.045183153257572e-15,0.0,1.1368683772161603e-13,1.522591576628786e-15,1.1368683772161603e-13,ok
sample_001813,"(224, 2)","(224, 2)",0.0,0.0,0.0,0.0,0.0,8.078659233110969,9.013500984634025,25.72557676710093,0.0,0.0,0.0,0.0,0.0,ok
sample_001814,"(224, 2)","(224, 2)",0.0,0.0,0.0,0.0,0.0,13.153089126377292,15.562882123822675,27.161231562651885,3.146689258366158e-14,0.0,2.2737367544323206e-13,1.573344629183079e-14,2.2737367544323206e-13,ok
sample_001815,"(224, 2)","(224, 2)",0.0,0.0,0.0,0.0,0.0,10.015093438151814,0.050990195135881475,28.373320214596156,0.0,0.0,0.0,0.0,0.0,ok
sample_001816,"(224, 2)","(224, 2)",0.0,0.0,0.0,0.0,0.0,7.8362378705297315,0.0,27.49576331000818,0.0,0.0,0.0,0.0,0.0,ok
sample_001817,"(224, 2)","(224, 2)",0.0,0.0,0.0,0.0,0.0,9.301308958092948,0.0,26.45283538677848,3.438519310553342e-14,0.0,2.2737367544323206e-13,1.719259655276671e-14,2.2737367544323206e-13,ok
sample_001818,"(224, 2)","(224, 2)",0.0,0.0,0.0,0.0,0.0,8.423284617474284,0.0,28.236618069450266,6.344131569286608e-17,0.0,1.4210854715202004e-14,3.172065784643304e-17,1.4210854715202004e-14,ok
sample_001819,"(224, 2)","(224, 2)",0.0,0.0,0.0,0.0,0.0,11.114394693664511,9.26310962906085,29.876077386430673,7.016609515630989e-14,3.410605131648481e-13,4.263256414560601e-13,3.5083047578154947e-14,4.263256414560601e-13,ok
sample_001820,"(224, 2)","(224, 2)",0.0,0.0,0.0,0.0,0.0,10.441831526977017,18.8017552372113,25.792396166312304,0.0,0.0,0.0,0.0,0.0,ok
sample_001821,"(224, 2)","(224, 2)",0.0,0.0,0.0,0.0,0.0,8.83479452462036,8.98386331151585,25.350802748630976,7.105950276535337e-14,4.687428401686771e-13,4.687428401686771e-13,3.7049728364633796e-14,4.547473508864641e-13,ok
sample_001822,"(224, 2)","(224, 2)",0.0,0.0,0.0,0.0,0.0,5.56958678603531,0.0,30.117347160731057,1.6494742080145184e-14,1.1368683772161603e-13,1.1368683772161603e-13,8.247371040072592e-15,1.1368683772161603e-13,ok
sample_001823,"(224, 2)","(224, 2)",0.0,0.0,0.0,0.0,0.0,13.574965570871646,0.0,32.770123588414904,3.197442310920451e-14,0.0,2.2737367544323206e-13,1.5987211554602254e-14,2.2737367544323206e-13,ok
sample_001824,"(224, 2)","(224, 2)",0.0,0.0,0.0,0.0,0.0,8.386195261504417,25.8391814885844,26.58228921669464,1.0150610510858574e-15,0.0,1.1368683772161603e-13,5.075305255429287e-16,1.1368683772161603e-13,ok
sample_001825,"(224, 2)","(224, 2)",0.0,0.0,0.0,0.0,0.0,8.707317270731002,5.587530760541774,26.339483669958245,2.4773833778064207e-14,0.0,1.1368683772161603e-13,1.2386916889032103e-14,1.1368683772161603e-13,ok
sample_001826,"(224, 2)","(224, 2)",0.0,0.0,0.0,0.0,0.0,11.890766189670254,8.125619976346337,28.835438266133476,8.620518191150869e-14,5.684341886080801e-13,6.629024818318272e-13,5.075305255429287e-14,5.684341886080801e-13,ok
sample_001827,"(224, 2)","(224, 2)",0.0,0.0,0.0,0.0,0.0,4.711696033271543,0.0,23.311121809127968,0.0,0.0,0.0,0.0,0.0,ok
sample_001828,"(224, 2)","(224, 2)",0.0,0.0,0.0,0.0,0.0,11.058858277328893,0.3522782990761456,22.990704643399,2.0454745849389992e-13,5.712692894303979e-13,7.958078640513122e-13,1.0239428352828587e-13,7.958078640513122e-13,ok
sample_001829,"(224, 2)","(224, 2)",0.0,0.0,0.0,0.0,0.0,6.797440627802534,6.214338259219507,28.197992836370528,5.075305255429287e-16,0.0,5.684341886080802e-14,2.5376526277146434e-16,5.684341886080802e-14,ok
sample_001830,"(224, 2)","(224, 2)",0.0,0.0,0.0,0.0,0.0,8.621083648255473,7.3566364596873095,26.02376798236567,4.567774729886359e-15,0.0,5.684341886080802e-14,2.2838873649431793e-15,5.684341886080802e-14,ok
sample_001831,"(224, 2)","(224, 2)",0.0,0.0,0.0,0.0,0.0,9.291490932631419,9.83595445292439,21.89687192271985,6.344131569286608e-17,0.0,1.4210854715202004e-14,3.172065784643304e-17,1.4210854715202004e-14,ok
sample_001832,"(224, 2)","(224, 2)",0.0,0.0,0.0,0.0,0.0,9.017140497912353,6.09945899240255,25.687368491147556,3.3877662579990494e-14,0.0,1.1368683772161603e-13,1.6938831289995247e-14,1.1368683772161603e-13,ok
sample_001833,"(224, 2)","(224, 2)",0.0,0.0,0.0,0.0,0.0,10.31816106152709,12.649687743181737,26.560400975888893,4.948422624043555e-15,0.0,5.684341886080802e-14,2.4742113120217773e-15,5.684341886080802e-14,ok
sample_001834,"(224, 2)","(224, 2)",0.0,0.0,0.0,0.0,0.0,7.666492927040024,22.42638847429517,26.818883272798843,0.0,0.0,0.0,0.0,0.0,ok
sample_001835,"(224, 2)","(224, 2)",0.0,0.0,0.0,0.0,0.0,5.153008829828465,0.0,24.48558963962269,0.0,0.0,0.0,0.0,0.0,ok
sample_001836,"(224, 2)","(224, 2)",0.0,0.0,0.0,0.0,0.0,8.735440676414958,4.089315346118449,28.71721609070066,3.045183153257572e-14,0.0,1.1368683772161603e-13,1.522591576628786e-14,1.1368683772161603e-13,ok
sample_001837,"(224, 2)","(224, 2)",0.0,0.0,0.0,0.0,0.0,7.6868283385863965,26.200709914046072,29.30041125991218,0.0,0.0,0.0,0.0,0.0,ok
sample_001838,"(224, 2)","(224, 2)",0.0,0.0,0.0,0.0,0.0,6.406741616029735,0.0,28.587985238557774,0.0,0.0,0.0,0.0,0.0,ok
sample_001839,"(224, 2)","(224, 2)",0.0,0.0,0.0,0.0,0.0,6.010458395610556,0.010000000000104592,18.663338393760114,1.8814698528993633e-14,1.1368683772161603e-13,1.6077746776921858e-13,1.0150610510858574e-14,1.1368683772161603e-13,ok
sample_001840,"(224, 2)","(224, 2)",0.0,0.0,0.0,0.0,0.0,8.709893362950384,26.293316641306365,31.04958614861077,2.4361465226060576e-14,0.0,1.1368683772161603e-13,1.2180732613030288e-14,1.1368683772161603e-13,ok
sample_001841,"(224, 2)","(224, 2)",0.0,0.0,0.0,0.0,0.0,4.983773849909737,0.0,23.856806156734457,0.0,0.0,0.0,0.0,0.0,ok
sample_001842,"(224, 2)","(224, 2)",0.0,0.0,0.0,0.0,0.0,4.926879233483857,0.0,25.014719666628213,0.0,0.0,0.0,0.0,0.0,ok
sample_001843,"(224, 2)","(224, 2)",0.0,0.0,0.0,0.0,0.0,12.191323442268153,0.11045361017177215,33.310330229524965,7.417742263829432e-14,6.629024818318272e-13,6.629024818318272e-13,3.958738099234844e-14,5.684341886080801e-13,ok
sample_001844,"(224, 2)","(224, 2)",0.0,0.0,0.0,0.0,0.0,12.263427447153761,13.025394427809005,28.973660452210794,2.041490421205319e-13,6.12222357532858e-13,7.190186943645084e-13,1.1089541983112993e-13,6.821210263296962e-13,ok
sample_001845,"(224, 2)","(224, 2)",0.0,0.0,0.0,0.0,0.0,8.208812882152996,8.459846334301794,25.232837731812836,0.0,0.0,0.0,0.0,0.0,ok
sample_001846,"(224, 2)","(224, 2)",0.0,0.0,0.0,0.0,0.0,9.170326324177635,16.559217976704137,28.030899022328924,9.414691248821327e-14,9.094947017729282e-13,9.094947017729282e-13,4.707345624410664e-14,9.094947017729282e-13,ok
sample_001847,"(224, 2)","(224, 2)",0.0,0.0,0.0,0.0,0.0,4.621808689668506,11.530156113427147,19.74041539583194,0.0,0.0,0.0,0.0,0.0,ok
sample_001848,"(224, 2)","(224, 2)",0.0,0.0,0.0,0.0,0.0,7.014345477870868,11.110018001785672,25.850400383746464,2.030122102171715e-14,2.2737367544323206e-13,3.410605131648481e-13,1.0150610510858574e-14,3.410605131648481e-13,ok
sample_001849,"(224, 2)","(224, 2)",0.0,0.0,0.0,0.0,0.0,7.5380712241894825,0.0,26.857224353979497,2.5757174171303632e-14,0.0,1.1368683772161603e-13,1.2878587085651816e-14,1.1368683772161603e-13,ok
sample_001850,"(224, 2)","(224, 2)",0.0,0.0,0.0,0.0,0.0,6.4938150127551415,8.45467917782808,30.644412214953693,0.0,0.0,0.0,0.0,0.0,ok
sample_001851,"(224, 2)","(224, 2)",0.0,0.0,0.0,0.0,0.0,7.447412216663243,0.0,24.82445971214686,0.0,0.0,0.0,0.0,0.0,ok
sample_001852,"(224, 2)","(224, 2)",0.0,0.0,0.0,0.0,0.0,9.587881375423498,4.971207096872928,23.522185272631397,3.298948416029037e-14,1.1368683772161603e-13,3.979039320256561e-13,1.6494742080145184e-14,3.979039320256561e-13,ok
sample_001853,"(224, 2)","(224, 2)",0.0,0.0,0.0,0.0,0.0,4.595643087733726,11.52004340269604,27.86605820707335,1.2688263138573218e-15,0.0,5.684341886080802e-14,6.344131569286609e-16,5.684341886080802e-14,ok
sample_001854,"(224, 2)","(224, 2)",0.0,0.0,0.0,0.0,0.0,8.542287047996929,4.87942619577341,27.98612870691486,8.881784197001252e-16,0.0,2.842170943040401e-14,4.440892098500626e-16,2.842170943040401e-14,ok
sample_001855,"(224, 2)","(224, 2)",0.0,0.0,0.0,0.0,0.0,8.935408472815805,8.994403815706635,28.050798562607792,3.314808744952253e-15,0.0,5.684341886080802e-14,1.6574043724761266e-15,5.684341886080802e-14,ok
sample_001856,"(224, 2)","(224, 2)",0.0,0.0,0.0,0.0,0.0,11.747347767090657,0.8514693182962358,27.987741959650887,3.495360363805613e-14,1.1368683772161603e-13,3.595093471822542e-13,2.0047455758945685e-14,3.410605131648481e-13,ok
sample_001857,"(224, 2)","(224, 2)",0.0,0.0,0.0,0.0,0.0,5.6931408109264385,10.900279812922179,24.758416750672914,3.552713678800501e-15,1.1368683772161603e-13,1.1368683772161603e-13,1.7763568394002505e-15,1.1368683772161603e-13,ok
sample_001858,"(224, 2)","(224, 2)",0.0,0.0,0.0,0.0,0.0,6.388632600391111,7.8677315663410985,23.922861450921808,2.740664837931815e-14,2.5579538487363607e-13,2.8421709430404007e-13,1.3703324189659075e-14,2.8421709430404007e-13,ok
sample_001859,"(224, 2)","(224, 2)",0.0,0.0,0.0,0.0,0.0,10.882264624343573,0.0,23.20446939707951,2.2686614491768912e-13,2.2737367544323206e-13,6.821210263296962e-13,1.1343307245884456e-13,6.821210263296962e-13,ok
sample_001860,"(224, 2)","(224, 2)",0.0,0.0,0.0,0.0,0.0,8.404884825657685,19.63959520967787,25.706905686993966,3.032494890118999e-14,2.2737367544323206e-13,2.2737367544323206e-13,1.5162474450594996e-14,2.2737367544323206e-13,ok
sample_001861,"(224, 2)","(224, 2)",0.0,0.0,0.0,0.0,0.0,5.944034115224134,0.0,19.906594384776138,0.0,0.0,0.0,0.0,0.0,ok
sample_001862,"(224, 2)","(224, 2)",0.0,0.0,0.0,0.0,0.0,6.69017573723359,0.0,24.95682872481987,8.628018934229787e-15,1.1368683772161603e-13,1.1368683772161603e-13,4.314009467114894e-15,1.1368683772161603e-13,ok
sample_001863,"(224, 2)","(224, 2)",0.0,0.0,0.0,0.0,0.0,3.611551688180274,0.0,29.491320757131138,0.0,0.0,0.0,0.0,0.0,ok
sample_001864,"(224, 2)","(224, 2)",0.0,0.0,0.0,0.0,0.0,6.163439163305672,2.2264321233759072,26.183727771270483,0.0,0.0,0.0,0.0,0.0,ok
sample_001865,"(224, 2)","(224, 2)",0.0,0.0,0.0,0.0,0.0,10.92875759192223,22.03417572771908,27.415882258282323,0.0,0.0,0.0,0.0,0.0,ok
sample_001866,"(224, 2)","(224, 2)",0.0,0.0,0.0,0.0,0.0,8.390119983622798,3.791108017453549,27.235258397893045,0.0,0.0,0.0,0.0,0.0,ok
sample_001867,"(224, 2)","(224, 2)",0.0,0.0,0.0,0.0,0.0,6.469860170807436,0.0,25.08922079300194,3.045183153257572e-15,0.0,8.526512829121202e-14,1.522591576628786e-15,8.526512829121202e-14,ok
sample_001868,"(224, 2)","(224, 2)",0.0,0.0,0.0,0.0,0.0,8.976523748618247,0.6844705983459494,24.069592850731837,3.045183153257572e-15,0.0,2.2737367544323206e-13,1.522591576628786e-15,2.2737367544323206e-13,ok
sample_001869,"(224, 2)","(224, 2)",0.0,0.0,0.0,0.0,0.0,8.158723446242874,6.727287714970919,27.378137263152162,2.3790493384824782e-17,0.0,3.552713678800501e-15,1.1895246692412391e-17,3.552713678800501e-15,ok
sample_001870,"(224, 2)","(224, 2)",0.0,0.0,0.0,0.0,0.0,6.153714903806251,13.945841674133618,27.462487141553602,0.0,0.0,0.0,0.0,0.0,ok
sample_001871,"(224, 2)","(224, 2)",0.0,0.0,0.0,0.0,0.0,9.993229031171492,12.70513675644619,27.632781257050624,4.7454104138263836e-14,3.836930773104541e-13,5.400124791776761e-13,2.3727052069131918e-14,5.400124791776761e-13,ok
sample_001872,"(224, 2)","(224, 2)",0.0,0.0,0.0,0.0,0.0,5.961194484457537,0.0,23.67197710374016,0.0,0.0,0.0,0.0,0.0,ok
sample_001873,"(224, 2)","(224, 2)",0.0,0.0,0.0,0.0,0.0,11.420454973916025,12.04153644681603,27.625880981427535,3.400454521137622e-14,6.821210263296962e-13,6.821210263296962e-13,1.700227260568811e-14,6.821210263296962e-13,ok
sample_001874,"(224, 2)","(224, 2)",0.0,0.0,0.0,0.0,0.0,9.329159824324693,24.917371450456017,26.241366199190278,3.6034667313547936e-14,1.1368683772161603e-13,2.2737367544323206e-13,1.8017333656773968e-14,2.2737367544323206e-13,ok
sample_001875,"(224, 2)","(224, 2)",0.0,0.0,0.0,0.0,0.0,9.49102924918874,0.0,28.429016866574774,1.2891275348790389e-13,5.684341886080801e-13,5.684341886080801e-13,6.445637674395194e-14,5.684341886080801e-13,ok
sample_001876,"(224, 2)","(224, 2)",0.0,0.0,0.0,0.0,0.0,6.613934823146509,0.0,20.610570103711314,2.0808751547260076e-14,0.0,1.1368683772161603e-13,1.0404375773630038e-14,1.1368683772161603e-13,ok
sample_001877,"(224, 2)","(224, 2)",0.0,0.0,0.0,0.0,0.0,7.565427505593086,17.02565710919844,28.214756777261062,8.221994513795445e-14,2.2737367544323206e-13,3.979039320256561e-13,4.1109972568977224e-14,3.979039320256561e-13,ok
sample_001878,"(224, 2)","(224, 2)",0.0,0.0,0.0,0.0,0.0,8.972106627306658,14.375691287725969,30.600890509918123,1.576951537573606e-14,0.0,1.6077746776921858e-13,8.628018934229787e-15,1.1368683772161603e-13,ok
sample_001879,"(224, 2)","(224, 2)",0.0,0.0,0.0,0.0,0.0,5.634432738109821,0.0,26.571232564561267,0.0,0.0,0.0,0.0,0.0,ok
sample_001880,"(224, 2)","(224, 2)",0.0,0.0,0.0,0.0,0.0,11.708350709844922,8.659659346648844,25.336349381866366,1.2688263138573218e-14,0.0,2.2737367544323206e-13,6.344131569286609e-15,2.2737367544323206e-13,ok
sample_001881,"(224, 2)","(224, 2)",0.0,0.0,0.0,0.0,0.0,10.372511068891274,9.208262593996812,23.462011848944357,1.0861153246618675e-13,6.821210263296962e-13,6.821210263296962e-13,5.4305766233093374e-14,6.821210263296962e-13,ok
sample_001882,"(224, 2)","(224, 2)",0.0,0.0,0.0,0.0,0.0,6.706869062806617,5.686897220805011,28.210568941444738,0.0,0.0,0.0,0.0,0.0,ok
sample_001883,"(224, 2)","(224, 2)",0.0,0.0,0.0,0.0,0.0,7.6956667684770395,1.5771493271088168,27.551197796103082,0.0,0.0,0.0,0.0,0.0,ok
sample_001884,"(224, 2)","(224, 2)",0.0,0.0,0.0,0.0,0.0,7.113052557828323,0.0,24.014166652207617,0.0,0.0,0.0,0.0,0.0,ok
sample_001885,"(224, 2)","(224, 2)",0.0,0.0,0.0,0.0,0.0,8.147020243739691,10.76729306743343,27.022172377512348,7.486507176989187e-14,2.2737367544323206e-13,2.3437142008433856e-13,4.37745078280776e-14,2.2737367544323206e-13,ok
sample_001886,"(224, 2)","(224, 2)",0.0,0.0,0.0,0.0,0.0,7.231817515743084,14.394887981502245,29.090689232123566,2.4107699963289113e-14,1.1368683772161603e-13,1.1368683772161603e-13,1.2053849981644556e-14,1.1368683772161603e-13,ok
sample_001887,"(224, 2)","(224, 2)",0.0,0.0,0.0,0.0,0.0,4.9809203354221685,14.605437343674403,22.903982186510703,0.0,0.0,0.0,0.0,0.0,ok
sample_001888,"(224, 2)","(224, 2)",0.0,0.0,0.0,0.0,0.0,1.7474687109587386,6.325100789710809,16.74098264738359,0.0,0.0,0.0,0.0,0.0,ok
sample_001889,"(224, 2)","(224, 2)",0.0,0.0,0.0,0.0,0.0,7.918091238629278,0.0,23.852322738048176,0.0,0.0,0.0,0.0,0.0,ok
sample_001890,"(224, 2)","(224, 2)",0.0,0.0,0.0,0.0,0.0,9.739193184899813,9.131188312590893,23.48005110726977,5.963483675129412e-15,0.0,5.684341886080802e-14,2.981741837564706e-15,5.684341886080802e-14,ok
sample_001891,"(224, 2)","(224, 2)",0.0,0.0,0.0,0.0,0.0,12.125977246154731,0.0,29.905760314695183,1.679926039547094e-13,3.410605131648481e-13,1.0231815394945443e-12,8.39963019773547e-14,1.0231815394945443e-12,ok
sample_001892,"(224, 2)","(224, 2)",0.0,0.0,0.0,0.0,0.0,8.841503556856974,0.0,32.37618414822843,1.522591576628786e-14,0.0,2.2737367544323206e-13,7.61295788314393e-15,2.2737367544323206e-13,ok
sample_001893,"(224, 2)","(224, 2)",0.0,0.0,0.0,0.0,0.0,8.221299570060138,16.01087442958691,25.63557099032526,0.0,0.0,0.0,0.0,0.0,ok
sample_001894,"(224, 2)","(224, 2)",0.0,0.0,0.0,0.0,0.0,9.059118271609554,24.8054066687084,29.717960899092823,0.0,0.0,0.0,0.0,0.0,ok
sample_001895,"(224, 2)","(224, 2)",0.0,0.0,0.0,0.0,0.0,8.030043171114789,3.4058772731851468,28.992971562087117,2.5884056802689363e-14,0.0,2.2737367544323206e-13,1.2942028401344682e-14,2.2737367544323206e-13,ok
sample_001896,"(224, 2)","(224, 2)",0.0,0.0,0.0,0.0,0.0,5.076438006587807,5.6790228032646155,20.35652229630591,7.61295788314393e-16,0.0,5.684341886080802e-14,3.806478941571965e-16,5.684341886080802e-14,ok
sample_001897,"(224, 2)","(224, 2)",0.0,0.0,0.0,0.0,0.0,11.612714955295493,0.0,28.795751422735968,1.0708894088955795e-13,6.821210263296962e-13,7.958078640513122e-13,5.354447044477898e-14,7.958078640513122e-13,ok
sample_001898,"(224, 2)","(224, 2)",0.0,0.0,0.0,0.0,0.0,11.50257792231315,10.118596740655331,29.033174128916606,2.0808751547260076e-14,3.410605131648481e-13,3.410605131648481e-13,1.0404375773630038e-14,3.410605131648481e-13,ok
sample_001899,"(224, 2)","(224, 2)",0.0,0.0,0.0,0.0,0.0,10.560379544794571,5.0286379865726065,24.18308706513711,9.871468721809963e-14,1.1368683772161603e-13,3.979039320256561e-13,4.9357343609049815e-14,3.979039320256561e-13,ok
sample_001900,"(224, 2)","(224, 2)",0.0,0.0,0.0,0.0,0.0,8.140938736998518,0.0,29.426907754638396,7.61295788314393e-14,1.1368683772161603e-13,4.547473508864641e-13,3.806478941571965e-14,4.547473508864641e-13,ok
sample_001901,"(224, 2)","(224, 2)",0.0,0.0,0.0,0.0,0.0,5.551361558832128,17.59658205447861,29.13933595674406,6.090366306515144e-15,0.0,1.1368683772161603e-13,3.045183153257572e-15,1.1368683772161603e-13,ok
sample_001902,"(224, 2)","(224, 2)",0.0,0.0,0.0,0.0,0.0,8.62257793879717,16.20482952702679,25.665872282079242,3.380112203201428e-14,2.5421149729252077e-13,3.595093471822542e-13,1.83345402352383e-14,3.410605131648481e-13,ok
sample_001903,"(224, 2)","(224, 2)",0.0,0.0,0.0,0.0,0.0,8.285053014785673,0.0,31.8139749166935,2.1265529020248712e-13,4.547473508864641e-13,6.821210263296962e-13,1.0632764510124356e-13,6.821210263296962e-13,ok
sample_001904,"(224, 2)","(224, 2)",0.0,0.0,0.0,0.0,0.0,4.5335193677852486,8.729954180864855,20.448073258867193,0.0,0.0,0.0,0.0,0.0,ok
sample_001905,"(224, 2)","(224, 2)",0.0,0.0,0.0,0.0,0.0,10.57126533248888,0.0,28.188650198262383,1.5987211554602254e-13,3.410605131648481e-13,9.094947017729282e-13,7.993605777301127e-14,9.094947017729282e-13,ok
sample_001906,"(224, 2)","(224, 2)",0.0,0.0,0.0,0.0,0.0,7.760131678119824,0.0,31.782592719915172,0.0,0.0,0.0,0.0,0.0,ok
sample_001907,"(224, 2)","(224, 2)",0.0,0.0,0.0,0.0,0.0,5.593156142931426,24.820709095430782,25.40883507758662,0.0,0.0,0.0,0.0,0.0,ok
sample_001908,"(224, 2)","(224, 2)",0.0,0.0,0.0,0.0,0.0,6.619203095139603,0.0,24.165438129692628,0.0,0.0,0.0,0.0,0.0,ok
sample_001909,"(224, 2)","(224, 2)",0.0,0.0,0.0,0.0,0.0,5.280326727716077,13.110716990309895,20.86896739179971,0.0,0.0,0.0,0.0,0.0,ok
sample_001910,"(224, 2)","(224, 2)",0.0,0.0,0.0,0.0,0.0,10.245518490138357,0.0,25.614607160758688,5.887354096297974e-14,1.1368683772161603e-13,4.547473508864641e-13,2.943677048148987e-14,4.547473508864641e-13,ok
sample_001911,"(224, 2)","(224, 2)",0.0,0.0,0.0,0.0,0.0,7.482872114800407,10.566484751325946,30.333512819981806,6.090366306515144e-15,0.0,2.2737367544323206e-13,3.045183153257572e-15,2.2737367544323206e-13,ok
sample_001912,"(224, 2)","(224, 2)",0.0,0.0,0.0,0.0,0.0,9.455979252416451,10.930457446969152,23.472307087289092,2.4361465226060576e-14,2.2737367544323206e-13,2.2737367544323206e-13,1.2180732613030288e-14,2.2737367544323206e-13,ok
sample_001913,"(224, 2)","(224, 2)",0.0,0.0,0.0,0.0,0.0,4.348572999214004,5.559469399142385,19.650926186823853,3.552713678800501e-15,1.1368683772161603e-13,1.1368683772161603e-13,1.7763568394002505e-15,1.1368683772161603e-13,ok
sample_001914,"(224, 2)","(224, 2)",0.0,0.0,0.0,0.0,0.0,8.80527805228655,12.344132209272562,27.648820951353496,9.652854130164926e-14,1.1368683772161603e-13,5.684341886080801e-13,4.846916518934969e-14,5.684341886080801e-13,ok
sample_001915,"(224, 2)","(224, 2)",0.0,0.0,0.0,0.0,0.0,9.077773519376805,11.217704756321407,24.10421125031887,7.359192620372467e-15,0.0,5.684341886080802e-14,3.6795963101862334e-15,5.684341886080802e-14,ok
sample_001916,"(224, 2)","(224, 2)",0.0,0.0,0.0,0.0,0.0,8.904242041398934,17.970386751542154,28.628281471300276,3.087035192558347e-13,4.687428401686771e-13,6.821210263296962e-13,1.5479681029059325e-13,6.821210263296962e-13,ok
sample_001917,"(224, 2)","(224, 2)",0.0,0.0,0.0,0.0,0.0,6.994745301361687,19.990120059669383,25.829109547175644,0.0,0.0,0.0,0.0,0.0,ok
sample_001918,"(224, 2)","(224, 2)",0.0,0.0,0.0,0.0,0.0,9.3048882741071,17.04860404842584,26.913909043466745,9.389314722544181e-15,0.0,5.684341886080802e-14,4.6946573612720904e-15,5.684341886080802e-14,ok
sample_001919,"(224, 2)","(224, 2)",0.0,0.0,0.0,0.0,0.0,9.539604161430386,8.838218146210277,27.53173078467824,3.0342555052540525e-13,3.06111178766429e-13,9.165725883006586e-13,1.7598620973201052e-13,9.094947017729282e-13,ok
sample_001920,"(224, 2)","(224, 2)",0.0,0.0,0.0,0.0,0.0,8.295954396778452,0.0,24.52491997948209,1.3322676295501878e-14,0.0,5.684341886080802e-14,6.661338147750939e-15,5.684341886080802e-14,ok
sample_001921,"(224, 2)","(224, 2)",0.0,0.0,0.0,0.0,0.0,4.145433832573885,3.468832656672862,19.904514563284366,0.0,0.0,0.0,0.0,0.0,ok
sample_001922,"(224, 2)","(224, 2)",0.0,0.0,0.0,0.0,0.0,7.032848798928242,0.0,27.681800880723166,0.0,0.0,0.0,0.0,0.0,ok
sample_001923,"(224, 2)","(224, 2)",0.0,0.0,0.0,0.0,0.0,9.497764319772221,0.0,26.948513873681545,8.32350061890403e-14,4.547473508864641e-13,4.547473508864641e-13,4.161750309452015e-14,4.547473508864641e-13,ok
sample_001924,"(224, 2)","(224, 2)",0.0,0.0,0.0,0.0,0.0,9.661377681356623,0.0,30.20386895746956,2.5579538487363607e-13,4.547473508864641e-13,7.958078640513122e-13,1.2789769243681803e-13,7.958078640513122e-13,ok
sample_001925,"(224, 2)","(224, 2)",0.0,0.0,0.0,0.0,0.0,6.218433134587918,0.0,24.78517702176036,0.0,0.0,0.0,0.0,0.0,ok
sample_001926,"(224, 2)","(224, 2)",0.0,0.0,0.0,0.0,0.0,6.22308872436412,0.0,31.35772472613398,0.0,0.0,0.0,0.0,0.0,ok
sample_001927,"(224, 2)","(224, 2)",0.0,0.0,0.0,0.0,0.0,4.55041892300424,0.03162277660165503,20.07686479508202,0.0,0.0,0.0,0.0,0.0,ok
sample_001928,"(224, 2)","(224, 2)",0.0,0.0,0.0,0.0,0.0,5.036265948547242,1.3218547575282706,27.815163130925537,0.0,0.0,0.0,0.0,0.0,ok
sample_001929,"(224, 2)","(224, 2)",0.0,0.0,0.0,0.0,0.0,7.937459470705352,10.675415682773046,27.844189699109624,2.0172773260959302e-14,2.3437142008433856e-13,2.3437142008433856e-13,1.0658141036401503e-14,2.2737367544323206e-13,ok
sample_001930,"(224, 2)","(224, 2)",0.0,0.0,0.0,0.0,0.0,6.888268019616002,0.0,25.268084612807478,0.0,0.0,0.0,0.0,0.0,ok
sample_001931,"(224, 2)","(224, 2)",0.0,0.0,0.0,0.0,0.0,3.9460591687665523,5.236831102871287,21.902239611510083,0.0,0.0,0.0,0.0,0.0,ok
sample_001932,"(224, 2)","(224, 2)",0.0,0.0,0.0,0.0,0.0,6.398077411673644,1.6324827717314911,28.885956795647182,0.0,0.0,0.0,0.0,0.0,ok
sample_001933,"(224, 2)","(224, 2)",0.0,0.0,0.0,0.0,0.0,6.005641228809334,2.987339953871943,20.506784243269305,8.120488408686859e-15,1.1368683772161603e-13,1.1368683772161603e-13,4.0602442043434294e-15,1.1368683772161603e-13,ok
sample_001934,"(224, 2)","(224, 2)",0.0,0.0,0.0,0.0,0.0,6.668714412471837,15.122446891954954,24.257044337676408,7.61295788314393e-15,0.0,1.1368683772161603e-13,3.806478941571965e-15,1.1368683772161603e-13,ok
sample_001935,"(224, 2)","(224, 2)",0.0,0.0,0.0,0.0,0.0,8.132077988901484,0.0,31.81651300818501,0.0,0.0,0.0,0.0,0.0,ok
sample_001936,"(224, 2)","(224, 2)",0.0,0.0,0.0,0.0,0.0,10.626780114199024,23.987767716067367,28.70818872726029,2.4390422543680237e-13,7.958078640513122e-13,7.958078640513122e-13,1.242180961266318e-13,7.958078640513122e-13,ok
sample_001937,"(224, 2)","(224, 2)",0.0,0.0,0.0,0.0,0.0,3.9817370869013535,0.0,27.463448436057693,0.0,0.0,0.0,0.0,0.0,ok
sample_001938,"(224, 2)","(224, 2)",0.0,0.0,0.0,0.0,0.0,3.6335991159948375,0.0,22.65770729795933,0.0,0.0,0.0,0.0,0.0,ok
sample_001939,"(224, 2)","(224, 2)",0.0,0.0,0.0,0.0,0.0,7.022513587470984,4.226440582807323,29.295849535386207,0.0,0.0,0.0,0.0,0.0,ok
sample_001940,"(224, 2)","(224, 2)",0.0,0.0,0.0,0.0,0.0,9.155383079664988,4.674237905798242,28.85383856612498,1.0150610510858574e-14,0.0,2.2737367544323206e-13,5.075305255429287e-15,2.2737367544323206e-13,ok
sample_001941,"(224, 2)","(224, 2)",0.0,0.0,0.0,0.0,0.0,3.012032539043021,0.0,17.533584915812273,0.0,0.0,0.0,0.0,0.0,ok
sample_001942,"(224, 2)","(224, 2)",0.0,0.0,0.0,0.0,0.0,5.89771858633226,2.9828342226815265,26.23101408638264,0.0,0.0,0.0,0.0,0.0,ok
sample_001943,"(224, 2)","(224, 2)",0.0,0.0,0.0,0.0,0.0,4.247792953440218,3.0280356668969457,30.408125558804205,3.901640915111265e-15,1.3145040611561853e-13,1.3145040611561853e-13,1.9508204575556324e-15,1.3145040611561853e-13,ok
sample_001944,"(224, 2)","(224, 2)",0.0,0.0,0.0,0.0,0.0,10.776854131463194,8.910202017911823,25.256860454141897,5.461031470745089e-14,8.242295734817162e-13,8.242295734817162e-13,2.969053574426133e-14,8.242295734817162e-13,ok
sample_001945,"(224, 2)","(224, 2)",0.0,0.0,0.0,0.0,0.0,8.01472524325284,0.0,26.494452249480393,0.0,0.0,0.0,0.0,0.0,ok
sample_001946,"(224, 2)","(224, 2)",0.0,0.0,0.0,0.0,0.0,9.439671790584823,12.510235809128485,29.543310579554234,5.630416767741865e-16,0.0,7.105427357601002e-15,2.8152083838709325e-16,7.105427357601002e-15,ok
sample_001947,"(224, 2)","(224, 2)",0.0,0.0,0.0,0.0,0.0,4.092570291075143,7.15363543941117,20.838474032423864,0.0,0.0,0.0,0.0,0.0,ok
sample_001948,"(224, 2)","(224, 2)",0.0,0.0,0.0,0.0,0.0,12.196345416861764,10.518602568782383,28.587579470812155,6.597896832058073e-15,0.0,2.2737367544323206e-13,3.2989484160290367e-15,2.2737367544323206e-13,ok
sample_001949,"(224, 2)","(224, 2)",0.0,0.0,0.0,0.0,0.0,9.595669503577891,8.896341944867098,31.172681950708,2.547803238225502e-13,7.958078640513122e-13,7.958078640513122e-13,1.273901619112751e-13,7.958078640513122e-13,ok
sample_001950,"(224, 2)","(224, 2)",0.0,0.0,0.0,0.0,0.0,9.856698148878692,8.934080814499099,24.357052366819733,8.881784197001252e-16,0.0,5.684341886080802e-14,4.440892098500626e-16,5.684341886080802e-14,ok
sample_001951,"(224, 2)","(224, 2)",0.0,0.0,0.0,0.0,0.0,9.965727093154381,0.0,28.03192822479403,1.1165671561944431e-14,1.1368683772161603e-13,2.2737367544323206e-13,5.582835780972216e-15,2.2737367544323206e-13,ok
sample_001952,"(224, 2)","(224, 2)",0.0,0.0,0.0,0.0,0.0,14.059272594460547,0.0,27.14459430531254,6.18274607695411e-13,2.014535897009108e-12,2.014535897009108e-12,3.51528330254171e-13,1.9326762412674725e-12,ok
sample_001953,"(224, 2)","(224, 2)",0.0,0.0,0.0,0.0,0.0,8.059011792027425,2.310497781864403,21.232899001314003,8.120488408686859e-15,0.0,5.684341886080802e-14,4.0602442043434294e-15,5.684341886080802e-14,ok
sample_001954,"(224, 2)","(224, 2)",0.0,0.0,0.0,0.0,0.0,8.430594864981343,19.137826417856413,20.098661646985327,1.463908359612885e-14,0.0,5.684341886080802e-14,7.319541798064425e-15,5.684341886080802e-14,ok
sample_001955,"(224, 2)","(224, 2)",0.0,0.0,0.0,0.0,0.0,12.721669471630662,5.9639751843883255,28.515309922916884,1.2035589640417977e-13,7.279509460923746e-13,7.626344918775623e-13,7.029297778769562e-14,6.821210263296962e-13,ok
sample_001956,"(224, 2)","(224, 2)",0.0,0.0,0.0,0.0,0.0,4.916155832576055,0.0,29.669044473996845,0.0,0.0,0.0,0.0,0.0,ok
sample_001957,"(224, 2)","(224, 2)",0.0,0.0,0.0,0.0,0.0,8.00687934156022,16.316427305019918,25.0162367273737,4.06024420434343e-14,5.684341886080801e-13,5.684341886080801e-13,2.030122102171715e-14,5.684341886080801e-13,ok
sample_001958,"(224, 2)","(224, 2)",0.0,0.0,0.0,0.0,0.0,10.468256650990607,5.534374400056489,27.998528532764002,0.0,0.0,0.0,0.0,0.0,ok
sample_001959,"(224, 2)","(224, 2)",0.0,0.0,0.0,0.0,0.0,10.037938889822973,3.4656168282138715,25.838004953943305,0.0,0.0,0.0,0.0,0.0,ok
sample_001960,"(224, 2)","(224, 2)",0.0,0.0,0.0,0.0,0.0,6.279934161098681,13.58947386766687,23.71437117024189,1.0150610510858574e-15,1.1368683772161603e-13,1.1368683772161603e-13,5.075305255429287e-16,1.1368683772161603e-13,ok
sample_001961,"(224, 2)","(224, 2)",0.0,0.0,0.0,0.0,0.0,8.810853298095775,0.12041594578792672,26.644378393950195,0.0,0.0,0.0,0.0,0.0,ok
sample_001962,"(224, 2)","(224, 2)",0.0,0.0,0.0,0.0,0.0,9.350592666487335,0.22803508501975978,25.459811468272704,9.135549459772717e-15,0.0,2.2737367544323206e-13,4.567774729886359e-15,2.2737367544323206e-13,ok
sample_001963,"(224, 2)","(224, 2)",0.0,0.0,0.0,0.0,0.0,5.9545201190960855,5.480556541082242,23.554532472541187,8.120488408686859e-15,1.1368683772161603e-13,1.7053025658242404e-13,4.0602442043434294e-15,1.7053025658242404e-13,ok
sample_001964,"(224, 2)","(224, 2)",0.0,0.0,0.0,0.0,0.0,2.9730691174204407,8.801891842098497,16.347507455266665,0.0,0.0,0.0,0.0,0.0,ok
sample_001965,"(224, 2)","(224, 2)",0.0,0.0,0.0,0.0,0.0,7.116228110622891,0.0,25.622585739928855,0.0,0.0,0.0,0.0,0.0,ok
sample_001966,"(224, 2)","(224, 2)",0.0,0.0,0.0,0.0,0.0,5.252159129363974,5.599464260087661,22.948257014422744,6.978544726215269e-15,5.684341886080802e-14,1.7053025658242404e-13,3.4892723631076347e-15,1.7053025658242404e-13,ok
sample_001967,"(224, 2)","(224, 2)",0.0,0.0,0.0,0.0,0.0,3.0433314065929613,13.303837792156047,17.31170990976918,0.0,0.0,0.0,0.0,0.0,ok
sample_001968,"(224, 2)","(224, 2)",0.0,0.0,0.0,0.0,0.0,9.701190900441,7.997624647356189,22.87423222755244,1.6240976817373718e-14,2.2737367544323206e-13,2.2737367544323206e-13,8.120488408686859e-15,2.2737367544323206e-13,ok
sample_001969,"(224, 2)","(224, 2)",0.0,0.0,0.0,0.0,0.0,8.747735059620128,0.0,30.91066644380212,1.3782625834275157e-14,0.0,5.684341886080802e-14,6.8913129171375786e-15,5.684341886080802e-14,ok
sample_001970,"(224, 2)","(224, 2)",0.0,0.0,0.0,0.0,0.0,11.673323120342461,11.605123868361055,24.571701202806434,6.597896832058074e-14,0.0,2.2737367544323206e-13,3.298948416029037e-14,2.2737367544323206e-13,ok
sample_001971,"(224, 2)","(224, 2)",0.0,0.0,0.0,0.0,0.0,7.555310874011525,0.0,27.671996675339365,0.0,0.0,0.0,0.0,0.0,ok
sample_001972,"(224, 2)","(224, 2)",0.0,0.0,0.0,0.0,0.0,3.2857973994142706,8.390023837868464,19.08487621128308,0.0,0.0,0.0,0.0,0.0,ok
sample_001973,"(224, 2)","(224, 2)",0.0,0.0,0.0,0.0,0.0,2.792088296404868,9.400260634684516,15.124526438867505,0.0,0.0,0.0,0.0,0.0,ok
sample_001974,"(224, 2)","(224, 2)",0.0,0.0,0.0,0.0,0.0,8.248785930503379,7.26755116941036,24.792051145478162,7.61295788314393e-15,0.0,1.1368683772161603e-13,3.806478941571965e-15,1.1368683772161603e-13,ok
sample_001975,"(224, 2)","(224, 2)",0.0,0.0,0.0,0.0,0.0,7.880744076048655,13.14081428222768,26.257739811339597,0.0,0.0,0.0,0.0,0.0,ok
sample_001976,"(224, 2)","(224, 2)",0.0,0.0,0.0,0.0,0.0,5.951330099682164,0.0,27.103272865098727,0.0,0.0,0.0,0.0,0.0,ok
sample_001977,"(224, 2)","(224, 2)",0.0,0.0,0.0,0.0,0.0,10.438397194534067,20.40441128775838,24.756803105409055,2.2838873649431793e-15,0.0,8.526512829121202e-14,1.1419436824715897e-15,8.526512829121202e-14,ok
sample_001978,"(224, 2)","(224, 2)",0.0,0.0,0.0,0.0,0.0,9.691806678648883,0.0,29.423534797845186,5.024552202874994e-14,3.410605131648481e-13,3.410605131648481e-13,2.512276101437497e-14,3.410605131648481e-13,ok
sample_001979,"(224, 2)","(224, 2)",0.0,0.0,0.0,0.0,0.0,9.525398530631843,24.298133673185696,28.666164724287846,1.1308699518894099e-13,1.2710574864626038e-13,5.684341886080801e-13,5.823912780605107e-14,5.684341886080801e-13,ok
sample_001980,"(224, 2)","(224, 2)",0.0,0.0,0.0,0.0,0.0,6.499875033058571,11.653947828954756,28.18547853061924,7.907960001115758e-14,1.1368683772161603e-13,1.1368683772161603e-13,3.953980000557879e-14,1.1368683772161603e-13,ok
sample_001981,"(224, 2)","(224, 2)",0.0,0.0,0.0,0.0,0.0,7.224555359183003,0.0,27.601398515292797,1.558118713416791e-13,2.2737367544323206e-13,6.821210263296962e-13,7.790593567083955e-14,6.821210263296962e-13,ok
sample_001982,"(224, 2)","(224, 2)",0.0,0.0,0.0,0.0,0.0,9.331960287112114,0.0,30.082714305727144,6.344131569286609e-15,0.0,5.684341886080802e-14,3.1720657846433046e-15,5.684341886080802e-14,ok
sample_001983,"(224, 2)","(224, 2)",0.0,0.0,0.0,0.0,0.0,4.418531574336858,15.34338293858301,19.13639987040401,1.7763568394002505e-15,0.0,5.684341886080802e-14,8.881784197001252e-16,5.684341886080802e-14,ok
sample_001984,"(224, 2)","(224, 2)",0.0,0.0,0.0,0.0,0.0,11.190498757245773,11.604412953700011,27.93597322450025,6.851662094829538e-15,0.0,5.684341886080802e-14,3.425831047414769e-15,5.684341886080802e-14,ok
sample_001985,"(224, 2)","(224, 2)",0.0,0.0,0.0,0.0,0.0,7.483750290626908,0.0,25.924816296359626,2.4716736593940627e-13,5.684341886080801e-13,7.958078640513122e-13,1.2358368296970314e-13,7.958078640513122e-13,ok
sample_001986,"(224, 2)","(224, 2)",0.0,0.0,0.0,0.0,0.0,9.858677051119926,0.3059411708155118,26.793346188932755,3.9333615729576974e-14,0.0,1.1368683772161603e-13,1.9666807864788487e-14,1.1368683772161603e-13,ok
sample_001987,"(224, 2)","(224, 2)",0.0,0.0,0.0,0.0,0.0,8.311107167703037,0.0,24.014489376207912,0.0,0.0,0.0,0.0,0.0,ok
sample_001988,"(224, 2)","(224, 2)",0.0,0.0,0.0,0.0,0.0,10.24844078540446,7.291776189653712,21.889600270448156,1.0150610510858574e-15,0.0,1.1368683772161603e-13,5.075305255429287e-16,1.1368683772161603e-13,ok
sample_001989,"(224, 2)","(224, 2)",0.0,0.0,0.0,0.0,0.0,8.119372391519889,4.681292556549042,30.37779616759585,4.37745078280776e-14,0.0,1.1368683772161603e-13,2.18872539140388e-14,1.1368683772161603e-13,ok
sample_001990,"(224, 2)","(224, 2)",0.0,0.0,0.0,0.0,0.0,10.770348284911181,12.04407323126194,26.647463293904664,6.597896832058073e-15,0.0,5.684341886080802e-14,3.2989484160290367e-15,5.684341886080802e-14,ok
sample_001991,"(224, 2)","(224, 2)",0.0,0.0,0.0,0.0,0.0,7.014294095807051,11.598318843694479,24.47010420901385,1.0150610510858574e-15,0.0,1.1368683772161603e-13,5.075305255429287e-16,1.1368683772161603e-13,ok
sample_001992,"(224, 2)","(224, 2)",0.0,0.0,0.0,0.0,0.0,8.968001764090017,17.16995631910569,24.42924886278749,4.631216045579225e-14,0.0,1.1368683772161603e-13,2.3156080227896123e-14,1.1368683772161603e-13,ok
sample_001993,"(224, 2)","(224, 2)",0.0,0.0,0.0,0.0,0.0,13.474014140052946,0.0,31.524419106463988,5.887354096297974e-14,0.0,9.094947017729282e-13,2.943677048148987e-14,9.094947017729282e-13,ok
sample_001994,"(224, 2)","(224, 2)",0.0,0.0,0.0,0.0,0.0,8.477653778284395,26.21301203600994,26.21301203600994,1.6240976817373718e-14,2.2737367544323206e-13,2.2737367544323206e-13,8.120488408686859e-15,2.2737367544323206e-13,ok
sample_001995,"(224, 2)","(224, 2)",0.0,0.0,0.0,0.0,0.0,8.854180161285713,10.944884649917514,19.654070825149788,1.2180732613030288e-14,2.2737367544323206e-13,3.410605131648481e-13,6.090366306515144e-15,3.410605131648481e-13,ok
sample_001996,"(224, 2)","(224, 2)",0.0,0.0,0.0,0.0,0.0,15.591328826576012,9.101131797749144,30.255434222631894,2.368960141046877e-13,1.249767717933471e-12,1.3716235698681947e-12,1.481354721428423e-13,1.1368683772161603e-12,ok
sample_001997,"(224, 2)","(224, 2)",0.0,0.0,0.0,0.0,0.0,8.835971485244078,11.625764490991644,23.26728174927187,2.2458225755274594e-14,5.684341886080802e-14,5.684341886080802e-14,1.1229112877637297e-14,5.684341886080802e-14,ok
sample_001998,"(224, 2)","(224, 2)",0.0,0.0,0.0,0.0,0.0,5.116524444966921,17.084226643310483,24.161266523094284,0.0,0.0,0.0,0.0,0.0,ok
sample_001999,"(224, 2)","(224, 2)",0.0,0.0,0.0,0.0,0.0,4.8764676740559185,21.404195850346724,25.032283155956783,0.0,0.0,0.0,0.0,0.0,ok
sample_002000,"(224, 2)","(224, 2)",0.0,0.0,0.0,0.0,0.0,7.626909873301524,4.763664555780642,23.91788034086638,2.5376526277146436e-15,0.0,1.1368683772161603e-13,1.2688263138573218e-15,1.1368683772161603e-13,ok
sample_002001,"(224, 2)","(224, 2)",0.0,0.0,0.0,0.0,0.0,8.415573510450484,3.3183429599726115,26.88364000651698,0.0,0.0,0.0,0.0,0.0,ok
sample_002002,"(224, 2)","(224, 2)",0.0,0.0,0.0,0.0,0.0,9.72185494656799,13.317180632551304,27.502265361238802,0.0,0.0,0.0,0.0,0.0,ok
sample_002003,"(224, 2)","(224, 2)",0.0,0.0,0.0,0.0,0.0,8.719245066069353,0.0,28.155633539311435,5.138746571122153e-14,1.9895196601282805e-13,1.9895196601282805e-13,2.5693732855610764e-14,1.9895196601282805e-13,ok
sample_002004,"(224, 2)","(224, 2)",0.0,0.0,0.0,0.0,0.0,9.24244625861733,0.0,27.72307702979591,8.120488408686859e-15,0.0,2.2737367544323206e-13,4.0602442043434294e-15,2.2737367544323206e-13,ok
sample_002005,"(224, 2)","(224, 2)",0.0,0.0,0.0,0.0,0.0,7.505255556021543,17.33904553313144,25.455539672142102,1.5860328923216523e-15,2.842170943040401e-14,2.842170943040401e-14,7.930164461608261e-16,2.842170943040401e-14,ok
sample_002006,"(224, 2)","(224, 2)",0.0,0.0,0.0,0.0,0.0,6.694842597377561,4.759600823598565,28.311928581430077,0.0,0.0,0.0,0.0,0.0,ok
sample_002007,"(224, 2)","(224, 2)",0.0,0.0,0.0,0.0,0.0,2.6342201793080204,10.12960512557128,23.76346986447894,1.0150610510858574e-15,1.1368683772161603e-13,1.1368683772161603e-13,5.075305255429287e-16,1.1368683772161603e-13,ok
sample_002008,"(224, 2)","(224, 2)",0.0,0.0,0.0,0.0,0.0,9.62373019508656,0.0,31.376642586484593,1.4769138293299225e-13,3.410605131648481e-13,4.547473508864641e-13,7.384569146649612e-14,4.547473508864641e-13,ok
sample_002009,"(224, 2)","(224, 2)",0.0,0.0,0.0,0.0,0.0,8.091114159171399,0.0,25.266588610257685,3.6034667313547936e-14,2.2737367544323206e-13,2.2737367544323206e-13,1.8017333656773968e-14,2.2737367544323206e-13,ok
sample_002010,"(224, 2)","(224, 2)",0.0,0.0,0.0,0.0,0.0,8.375426558381276,18.229440474134112,26.346252105375605,1.2942028401344683e-13,1.1368683772161603e-13,4.547473508864641e-13,6.471014200672341e-14,4.547473508864641e-13,ok
sample_002011,"(224, 2)","(224, 2)",0.0,0.0,0.0,0.0,0.0,9.95910208944646,27.176506397990057,27.690115564944932,5.988860201406559e-14,2.2737367544323206e-13,2.2737367544323206e-13,2.9944301007032794e-14,2.2737367544323206e-13,ok
sample_002012,"(224, 2)","(224, 2)",0.0,0.0,0.0,0.0,0.0,9.580735685772966,0.0,31.06949951318821,3.8572319941262583e-14,2.2737367544323206e-13,2.2737367544323206e-13,1.9286159970631292e-14,2.2737367544323206e-13,ok
sample_002013,"(224, 2)","(224, 2)",0.0,0.0,0.0,0.0,0.0,5.761281499598239,11.62716216451802,20.494160143806866,0.0,0.0,0.0,0.0,0.0,ok
sample_002014,"(224, 2)","(224, 2)",0.0,0.0,0.0,0.0,0.0,9.727329893739206,0.0,28.160321376007072,8.357982248608583e-14,2.3437142008433856e-13,2.5421149729252077e-13,4.7454104138263836e-14,2.2737367544323206e-13,ok
sample_002015,"(224, 2)","(224, 2)",0.0,0.0,0.0,0.0,0.0,10.121220128226282,1.1088733020503498,27.228811946172094,7.201858157454159e-13,1.3642420526593924e-12,1.8189894035458565e-12,3.6009290787270793e-13,1.8189894035458565e-12,ok
sample_002016,"(224, 2)","(224, 2)",0.0,0.0,0.0,0.0,0.0,7.628144602423599,7.47412202201697,27.259319507280534,0.0,0.0,0.0,0.0,0.0,ok
sample_002017,"(224, 2)","(224, 2)",0.0,0.0,0.0,0.0,0.0,10.038039277823348,9.813832075188586,26.052351141499624,2.334640417497472e-14,2.2737367544323206e-13,2.2737367544323206e-13,1.167320208748736e-14,2.2737367544323206e-13,ok
sample_002018,"(224, 2)","(224, 2)",0.0,0.0,0.0,0.0,0.0,7.544310807225551,5.733149221850084,24.714337943792987,3.654219783909087e-14,2.2737367544323206e-13,2.2737367544323206e-13,1.8271098919545435e-14,2.2737367544323206e-13,ok
sample_002019,"(224, 2)","(224, 2)",0.0,0.0,0.0,0.0,0.0,8.672785835998145,3.9812812008197973,29.292376141242052,4.0602442043434294e-15,0.0,2.2737367544323206e-13,2.0301221021717147e-15,2.2737367544323206e-13,ok
sample_002020,"(224, 2)","(224, 2)",0.0,0.0,0.0,0.0,0.0,7.871364189238051,5.110792502146795,25.713889242975316,3.416314850060839e-14,3.126388037344441e-13,3.197442310920451e-13,1.7081574250304195e-14,3.197442310920451e-13,ok
sample_002021,"(224, 2)","(224, 2)",0.0,0.0,0.0,0.0,0.0,7.907762255467023,0.009999999999990905,29.431255494796652,5.326113979976731e-14,1.2710574864626038e-13,1.6077746776921858e-13,3.260883626613317e-14,1.1368683772161603e-13,ok
sample_002022,"(224, 2)","(224, 2)",0.0,0.0,0.0,0.0,0.0,7.0117764189801495,0.0,27.09385539195187,0.0,0.0,0.0,0.0,0.0,ok
sample_002023,"(224, 2)","(224, 2)",0.0,0.0,0.0,0.0,0.0,5.977007509818131,0.0,26.58451617013185,8.47575977656691e-14,1.1368683772161603e-13,3.410605131648481e-13,4.237879888283455e-14,3.410605131648481e-13,ok
sample_002024,"(224, 2)","(224, 2)",0.0,0.0,0.0,0.0,0.0,11.903956667207984,10.492301939993867,30.805947477719105,3.3725403422327613e-13,5.684341886080801e-13,1.2505552149377763e-12,1.6862701711163807e-13,1.2505552149377763e-12,ok
sample_002025,"(224, 2)","(224, 2)",0.0,0.0,0.0,0.0,0.0,7.158008244171358,0.0,24.97427876836496,8.628018934229787e-15,0.0,5.684341886080802e-14,4.314009467114894e-15,5.684341886080802e-14,ok
sample_002026,"(224, 2)","(224, 2)",0.0,0.0,0.0,0.0,0.0,7.681589489529212,14.954146582135698,27.746482659969697,0.0,0.0,0.0,0.0,0.0,ok
sample_002027,"(224, 2)","(224, 2)",0.0,0.0,0.0,0.0,0.0,7.778244735853205,14.894059218359434,27.70842471162868,3.2481953634747435e-14,2.2737367544323206e-13,2.2737367544323206e-13,1.6240976817373718e-14,2.2737367544323206e-13,ok
sample_002028,"(224, 2)","(224, 2)",0.0,0.0,0.0,0.0,0.0,7.413553806748346,6.517054549411114,26.081060177837898,0.0,0.0,0.0,0.0,0.0,ok
sample_002029,"(224, 2)","(224, 2)",0.0,0.0,0.0,0.0,0.0,6.430943898191551,13.440182290430366,22.1984346294958,3.2989484160290367e-15,0.0,5.684341886080802e-14,1.6494742080145183e-15,5.684341886080802e-14,ok
sample_002030,"(224, 2)","(224, 2)",0.0,0.0,0.0,0.0,0.0,8.861596518378471,0.6746851117373737,27.705324398028644,2.2838873649431793e-14,2.2737367544323206e-13,2.2737367544323206e-13,1.1419436824715896e-14,2.2737367544323206e-13,ok
sample_002031,"(224, 2)","(224, 2)",0.0,0.0,0.0,0.0,0.0,9.99099770184357,13.953902679895615,28.36353292521929,1.3195793664116147e-14,2.2737367544323206e-13,2.2737367544323206e-13,6.597896832058073e-15,2.2737367544323206e-13,ok
sample_002032,"(224, 2)","(224, 2)",0.0,0.0,0.0,0.0,0.0,8.8519757646765,27.13121449548461,28.212396211594555,1.1165671561944431e-14,5.684341886080802e-14,1.7053025658242404e-13,5.582835780972216e-15,1.7053025658242404e-13,ok
sample_002033,"(224, 2)","(224, 2)",0.0,0.0,0.0,0.0,0.0,9.302341790982869,0.0,30.035627178402713,0.0,0.0,0.0,0.0,0.0,ok
sample_002034,"(224, 2)","(224, 2)",0.0,0.0,0.0,0.0,0.0,5.27423663435851,14.04786460640901,24.93033894675316,8.374253671458324e-15,2.5579538487363607e-13,2.8421709430404007e-13,4.187126835729162e-15,2.8421709430404007e-13,ok
sample_002035,"(224, 2)","(224, 2)",0.0,0.0,0.0,0.0,0.0,9.855974962641715,0.03999999999996362,30.117790423601825,5.075305255429287e-16,0.0,5.684341886080802e-14,2.5376526277146434e-16,5.684341886080802e-14,ok
sample_002036,"(224, 2)","(224, 2)",0.0,0.0,0.0,0.0,0.0,4.5417533682161215,5.407929363443998,21.589488182909797,1.395708945243054e-15,0.0,2.842170943040401e-14,6.97854472621527e-16,2.842170943040401e-14,ok
sample_002037,"(224, 2)","(224, 2)",0.0,0.0,0.0,0.0,0.0,8.214094806479771,12.905014529243928,20.464857683355604,2.20775778611174e-14,0.0,1.1368683772161603e-13,1.10387889305587e-14,1.1368683772161603e-13,ok
sample_002038,"(224, 2)","(224, 2)",0.0,0.0,0.0,0.0,0.0,4.262154703839338,7.2409184500310415,20.51000000000004,4.187126835729162e-15,8.526512829121202e-14,1.1368683772161603e-13,2.093563417864581e-15,1.1368683772161603e-13,ok
sample_002039,"(224, 2)","(224, 2)",0.0,0.0,0.0,0.0,0.0,7.939476279913194,9.860720054843727,26.74905045043655,2.5376526277146436e-15,0.0,1.1368683772161603e-13,1.2688263138573218e-15,1.1368683772161603e-13,ok
sample_002040,"(224, 2)","(224, 2)",0.0,0.0,0.0,0.0,0.0,8.456450968738283,26.208145680303353,26.208145680303353,1.2688263138573217e-16,0.0,2.842170943040401e-14,6.344131569286608e-17,2.842170943040401e-14,ok
sample_002041,"(224, 2)","(224, 2)",0.0,0.0,0.0,0.0,0.0,10.388381549014388,27.315477297678708,28.015161966335274,2.604296067371284e-13,2.3437142008433856e-13,7.958078640513122e-13,1.3474935453164758e-13,7.958078640513122e-13,ok
sample_002042,"(224, 2)","(224, 2)",0.0,0.0,0.0,0.0,0.0,9.283154168584252,5.548279012450594,25.62225790206633,1.4997527029793544e-13,5.684341886080801e-13,6.821210263296962e-13,7.498763514896772e-14,6.821210263296962e-13,ok
sample_002043,"(224, 2)","(224, 2)",0.0,0.0,0.0,0.0,0.0,4.773050914082463,1.4213022197970357,21.84287984676012,0.0,0.0,0.0,0.0,0.0,ok
sample_002044,"(224, 2)","(224, 2)",0.0,0.0,0.0,0.0,0.0,9.210085111254736,16.71774207242119,26.43005864541371,5.075305255429287e-16,0.0,1.1368683772161603e-13,2.5376526277146434e-16,1.1368683772161603e-13,ok
sample_002045,"(224, 2)","(224, 2)",0.0,0.0,0.0,0.0,0.0,8.170228045900513,0.0,26.832303292859518,1.2688263138573218e-15,0.0,2.842170943040401e-14,6.344131569286609e-16,2.842170943040401e-14,ok
sample_002046,"(224, 2)","(224, 2)",0.0,0.0,0.0,0.0,0.0,10.57196936381516,9.196314479181323,28.663234290637977,1.1850837771427384e-13,3.410605131648481e-13,5.684341886080801e-13,5.925418885713692e-14,5.684341886080801e-13,ok
sample_002047,"(224, 2)","(224, 2)",0.0,0.0,0.0,0.0,0.0,9.71826876864294,28.79502213925175,29.05566554047598,1.0759647141510088e-13,2.5579538487363607e-13,6.252776074688882e-13,5.379823570755044e-14,6.252776074688882e-13,ok
sample_002048,"(224, 2)","(224, 2)",0.0,0.0,0.0,0.0,0.0,7.564653540736965,0.0,26.993223223616734,0.0,0.0,0.0,0.0,0.0,ok
sample_002049,"(224, 2)","(224, 2)",0.0,0.0,0.0,0.0,0.0,6.043872112010569,19.92693152494887,28.271344149155535,2.0301221021717147e-15,2.2737367544323206e-13,2.2737367544323206e-13,1.0150610510858574e-15,2.2737367544323206e-13,ok
sample_002050,"(224, 2)","(224, 2)",0.0,0.0,0.0,0.0,0.0,6.620227781583476,0.0,29.032206254434055,0.0,0.0,0.0,0.0,0.0,ok
sample_002051,"(224, 2)","(224, 2)",0.0,0.0,0.0,0.0,0.0,7.2448191505895325,0.0,26.69213554588705,2.334640417497472e-14,0.0,2.2737367544323206e-13,1.167320208748736e-14,2.2737367544323206e-13,ok
sample_002052,"(224, 2)","(224, 2)",0.0,0.0,0.0,0.0,0.0,7.1153192918729244,18.234878666994177,26.876298108184482,0.0,0.0,0.0,0.0,0.0,ok
sample_002053,"(224, 2)","(224, 2)",0.0,0.0,0.0,0.0,0.0,7.248390120109581,0.03162277660165503,31.445015503255853,0.0,0.0,0.0,0.0,0.0,ok
sample_002054,"(224, 2)","(224, 2)",0.0,0.0,0.0,0.0,0.0,5.785420341258837,10.352859508367718,19.41088612093737,1.7081574250304195e-14,0.0,5.684341886080802e-14,8.540787125152097e-15,5.684341886080802e-14,ok
sample_002055,"(224, 2)","(224, 2)",0.0,0.0,0.0,0.0,0.0,9.677449981463136,10.619246677613262,22.88528348087475,2.7914178904861077e-14,3.410605131648481e-13,3.410605131648481e-13,1.3957089452430539e-14,3.410605131648481e-13,ok
sample_002056,"(224, 2)","(224, 2)",0.0,0.0,0.0,0.0,0.0,8.639894248359479,6.1561757609737775,23.87857826588511,9.554262143345633e-14,1.1368683772161603e-13,1.1368683772161603e-13,4.7771310716728163e-14,1.1368683772161603e-13,ok
sample_002057,"(224, 2)","(224, 2)",0.0,0.0,0.0,0.0,0.0,6.792036561979684,5.3969806373564255,23.87786632008819,0.0,0.0,0.0,0.0,0.0,ok
sample_002058,"(224, 2)","(224, 2)",0.0,0.0,0.0,0.0,0.0,10.73241596780961,8.115331170075436,23.637049308236556,2.1316282072803006e-14,1.1368683772161603e-13,3.410605131648481e-13,1.0658141036401503e-14,3.410605131648481e-13,ok
sample_002059,"(224, 2)","(224, 2)",0.0,0.0,0.0,0.0,0.0,11.671212154918317,2.1384106247397865,28.90950881630462,9.135549459772717e-15,1.1368683772161603e-13,2.2737367544323206e-13,4.567774729886359e-15,2.2737367544323206e-13,ok
sample_002060,"(224, 2)","(224, 2)",0.0,0.0,0.0,0.0,0.0,6.49892472377027,10.65525691853566,23.412742257155596,0.0,0.0,0.0,0.0,0.0,ok
sample_002061,"(224, 2)","(224, 2)",0.0,0.0,0.0,0.0,0.0,12.581292333818409,14.940498652990085,26.160170106480617,3.50620005966087e-13,1.0247593068766006e-12,1.1196854986560656e-12,2.0929290047076522e-13,1.0231815394945443e-12,ok
sample_002062,"(224, 2)","(224, 2)",0.0,0.0,0.0,0.0,0.0,14.483247153579791,2.381344158243402,31.010594963657187,2.90445420923988e-13,6.635114874557503e-13,1.0785280415467626e-12,1.5422583844935746e-13,1.0516032489249483e-12,ok
sample_002063,"(224, 2)","(224, 2)",0.0,0.0,0.0,0.0,0.0,6.084982891255662,0.0,23.594685842367127,5.075305255429287e-16,0.0,1.1368683772161603e-13,2.5376526277146434e-16,1.1368683772161603e-13,ok
sample_002064,"(224, 2)","(224, 2)",0.0,0.0,0.0,0.0,0.0,7.169664937669428,10.954181849868988,27.005366133418757,4.063851112733957e-14,1.1368683772161603e-13,1.6077746776921858e-13,2.1062516810031542e-14,1.1368683772161603e-13,ok
sample_002065,"(224, 2)","(224, 2)",0.0,0.0,0.0,0.0,0.0,6.7045324029811,24.031706140014325,26.040030721948117,4.567774729886359e-15,0.0,1.1368683772161603e-13,2.2838873649431793e-15,1.1368683772161603e-13,ok
sample_002066,"(224, 2)","(224, 2)",0.0,0.0,0.0,0.0,0.0,9.74714656207979,15.112594085728645,31.87679563569715,2.5376526277146434e-16,0.0,2.842170943040401e-14,1.2688263138573217e-16,2.842170943040401e-14,ok
sample_002067,"(224, 2)","(224, 2)",0.0,0.0,0.0,0.0,0.0,10.58912284005343,9.703757004377312,27.06366752677836,2.2553387728813894e-14,2.1316282072803006e-14,2.2737367544323206e-13,1.1276693864406947e-14,2.2737367544323206e-13,ok
sample_002068,"(224, 2)","(224, 2)",0.0,0.0,0.0,0.0,0.0,6.3627188180951375,12.742860746315964,19.700725874951857,1.167320208748736e-14,0.0,5.684341886080802e-14,5.83660104374368e-15,5.684341886080802e-14,ok
sample_002069,"(224, 2)","(224, 2)",0.0,0.0,0.0,0.0,0.0,8.023468947300268,0.0,25.349084796102556,0.0,0.0,0.0,0.0,0.0,ok
sample_002070,"(224, 2)","(224, 2)",0.0,0.0,0.0,0.0,0.0,9.632360862241066,8.256203728106168,28.78989058680158,0.0,0.0,0.0,0.0,0.0,ok
sample_002071,"(224, 2)","(224, 2)",0.0,0.0,0.0,0.0,0.0,6.634824776504579,7.182290720933051,25.16078297668819,8.32350061890403e-14,2.2737367544323206e-13,2.2737367544323206e-13,4.161750309452015e-14,2.2737367544323206e-13,ok
sample_002072,"(224, 2)","(224, 2)",0.0,0.0,0.0,0.0,0.0,9.314722930698052,25.865415132953103,27.02350458397276,0.0,0.0,0.0,0.0,0.0,ok
sample_002073,"(224, 2)","(224, 2)",0.0,0.0,0.0,0.0,0.0,11.81814118179694,19.45453417586763,27.210139654180463,3.6483812989354014e-14,3.141089160431496e-13,3.639754730461873e-13,2.1911044407423626e-14,2.8421709430404007e-13,ok
sample_002074,"(224, 2)","(224, 2)",0.0,0.0,0.0,0.0,0.0,7.770263769316666,26.133183885626995,26.914065096153813,0.0,0.0,0.0,0.0,0.0,ok
sample_002075,"(224, 2)","(224, 2)",0.0,0.0,0.0,0.0,0.0,9.480639322478302,0.0,27.53572225310236,5.582835780972216e-15,0.0,1.1368683772161603e-13,2.791417890486108e-15,1.1368683772161603e-13,ok
sample_002076,"(224, 2)","(224, 2)",0.0,0.0,0.0,0.0,0.0,8.527800308096198,6.655441382808452,26.1469252494436,4.237879888283455e-14,1.1368683772161603e-13,2.2737367544323206e-13,2.1189399441417274e-14,2.2737367544323206e-13,ok
sample_002077,"(224, 2)","(224, 2)",0.0,0.0,0.0,0.0,0.0,9.31873184612852,24.976895323478555,26.04873317457107,5.988860201406559e-14,0.0,5.684341886080801e-13,2.9944301007032794e-14,5.684341886080801e-13,ok
sample_002078,"(224, 2)","(224, 2)",0.0,0.0,0.0,0.0,0.0,9.411131216432336,7.348530465337945,31.80481881727973,1.7332167447291015e-13,7.389644451905042e-13,1.0800249583553523e-12,8.666083723645507e-14,1.0800249583553523e-12,ok
sample_002079,"(224, 2)","(224, 2)",0.0,0.0,0.0,0.0,0.0,7.728537425547237,0.0,24.653717772376805,0.0,0.0,0.0,0.0,0.0,ok
sample_002080,"(224, 2)","(224, 2)",0.0,0.0,0.0,0.0,0.0,6.487042373188195,0.0,28.661842229696465,0.0,0.0,0.0,0.0,0.0,ok
sample_002081,"(224, 2)","(224, 2)",0.0,0.0,0.0,0.0,0.0,10.254106192177526,15.816690551439587,28.386475653028864,1.4540749556804908e-13,1.9895196601282805e-13,4.547473508864641e-13,7.270374778402454e-14,4.547473508864641e-13,ok
sample_002082,"(224, 2)","(224, 2)",0.0,0.0,0.0,0.0,0.0,9.048446132265518,16.611276290520337,28.00071427660361,5.83660104374368e-15,5.684341886080802e-14,1.7053025658242404e-13,2.91830052187184e-15,1.7053025658242404e-13,ok
sample_002083,"(224, 2)","(224, 2)",0.0,0.0,0.0,0.0,0.0,7.492103247543747,6.448643268161243,25.3280121604518,7.866723145915395e-15,1.1368683772161603e-13,1.7053025658242404e-13,3.933361572957698e-15,1.7053025658242404e-13,ok
sample_002084,"(224, 2)","(224, 2)",0.0,0.0,0.0,0.0,0.0,5.163452382046813,0.0,19.670742233072925,3.2101305740590243e-14,5.684341886080802e-14,5.684341886080802e-14,1.6050652870295122e-14,5.684341886080802e-14,ok
sample_002085,"(224, 2)","(224, 2)",0.0,0.0,0.0,0.0,0.0,8.28160656802451,5.296234511424137,26.195787829343782,2.5376526277146436e-15,0.0,1.1368683772161603e-13,1.2688263138573218e-15,1.1368683772161603e-13,ok
sample_002086,"(224, 2)","(224, 2)",0.0,0.0,0.0,0.0,0.0,14.040317199173298,12.809141267079504,26.281721785301702,7.334652679982262e-13,1.7794804810476454e-12,1.9042545318370685e-12,4.043115049106356e-13,1.9042545318370685e-12,ok
sample_002087,"(224, 2)","(224, 2)",0.0,0.0,0.0,0.0,0.0,8.980627478407909,7.8305683063235225,22.69080210129207,6.344131569286608e-17,0.0,1.4210854715202004e-14,3.172065784643304e-17,1.4210854715202004e-14,ok
sample_002088,"(224, 2)","(224, 2)",0.0,0.0,0.0,0.0,0.0,9.064418059719944,14.465545271437273,24.453654123668287,8.247371040072592e-16,0.0,2.842170943040401e-14,4.123685520036296e-16,2.842170943040401e-14,ok
sample_002089,"(224, 2)","(224, 2)",0.0,0.0,0.0,0.0,0.0,9.495312433047973,21.067268451320285,27.58238930912256,6.090366306515144e-15,0.0,2.2737367544323206e-13,3.045183153257572e-15,2.2737367544323206e-13,ok
sample_002090,"(224, 2)","(224, 2)",0.0,0.0,0.0,0.0,0.0,10.42491540398946,8.079931930406259,26.60390384887165,2.5179585590598453e-13,1.1495870021551971e-12,1.1495870021551971e-12,1.4267951899325583e-13,1.1368683772161603e-12,ok
sample_002091,"(224, 2)","(224, 2)",0.0,0.0,0.0,0.0,0.0,9.206763213996737,14.331908456308275,27.414800747041678,0.0,0.0,0.0,0.0,0.0,ok
sample_002092,"(224, 2)","(224, 2)",0.0,0.0,0.0,0.0,0.0,5.896283518444595,0.0,25.244167643239944,2.943677048148987e-14,0.0,1.1368683772161603e-13,1.4718385240744934e-14,1.1368683772161603e-13,ok
sample_002093,"(224, 2)","(224, 2)",0.0,0.0,0.0,0.0,0.0,11.897419831796412,26.00562439165805,29.603989595998858,1.8156169471784636e-13,2.150492541435022e-13,4.582862941503293e-13,9.792167077193881e-14,3.979039320256561e-13,ok
sample_002094,"(224, 2)","(224, 2)",0.0,0.0,0.0,0.0,0.0,7.52106702165201,0.0,28.562076255062443,1.0150610510858574e-14,0.0,1.1368683772161603e-13,5.075305255429287e-15,1.1368683772161603e-13,ok
sample_002095,"(224, 2)","(224, 2)",0.0,0.0,0.0,0.0,0.0,8.626907402095231,11.26303689064374,31.973434285356355,1.1165671561944431e-14,1.1368683772161603e-13,2.2737367544323206e-13,5.582835780972216e-15,2.2737367544323206e-13,ok
sample_002096,"(224, 2)","(224, 2)",0.0,0.0,0.0,0.0,0.0,5.598355535109072,4.338963009752484,20.322059442881333,1.0975347614865834e-14,5.684341886080802e-14,5.684341886080802e-14,5.487673807432917e-15,5.684341886080802e-14,ok
sample_002097,"(224, 2)","(224, 2)",0.0,0.0,0.0,0.0,0.0,7.205268158883286,0.0,28.20590363735938,0.0,0.0,0.0,0.0,0.0,ok
sample_002098,"(224, 2)","(224, 2)",0.0,0.0,0.0,0.0,0.0,10.42765775817546,24.892539042853894,31.089988742358912,1.1581184358879872e-14,2.428351918216984e-13,2.428351918216984e-13,6.2806902535937425e-15,2.2737367544323206e-13,ok
sample_002099,"(224, 2)","(224, 2)",0.0,0.0,0.0,0.0,0.0,8.665060937795717,11.928507869805008,24.630164433068682,0.0,0.0,0.0,0.0,0.0,ok
sample_002100,"(224, 2)","(224, 2)",0.0,0.0,0.0,0.0,0.0,12.591988157942549,4.502843546027331,26.293742601615286,2.58884201744856e-13,1.4062285205060312e-12,1.4062285205060312e-12,1.493725777988532e-13,1.3642420526593924e-12,ok
sample_002101,"(224, 2)","(224, 2)",0.0,0.0,0.0,0.0,0.0,6.287400029018632,0.09055385138129181,21.047607940096178,0.0,0.0,0.0,0.0,0.0,ok
sample_002102,"(224, 2)","(224, 2)",0.0,0.0,0.0,0.0,0.0,8.44978531915081,10.505203472565297,23.216048328688437,0.0,0.0,0.0,0.0,0.0,ok
sample_002103,"(224, 2)","(224, 2)",0.0,0.0,0.0,0.0,0.0,4.657464713909994,7.005626310330893,17.237546229089528,9.89684524808711e-15,0.0,5.684341886080802e-14,4.948422624043555e-15,5.684341886080802e-14,ok
sample_002104,"(224, 2)","(224, 2)",0.0,0.0,0.0,0.0,0.0,5.623413592481796,9.459434443982346,21.2322113779982,0.0,0.0,0.0,0.0,0.0,ok
sample_002105,"(224, 2)","(224, 2)",0.0,0.0,0.0,0.0,0.0,7.108205127797075,0.0,24.278436934860576,8.221994513795445e-14,2.2737367544323206e-13,2.2737367544323206e-13,4.1109972568977224e-14,2.2737367544323206e-13,ok
sample_002106,"(224, 2)","(224, 2)",0.0,0.0,0.0,0.0,0.0,12.190652371840226,11.954802382306399,26.085463384804967,8.881784197001252e-14,5.684341886080801e-13,7.389644451905042e-13,4.440892098500626e-14,7.389644451905042e-13,ok
sample_002107,"(224, 2)","(224, 2)",0.0,0.0,0.0,0.0,0.0,11.202454598769311,25.930848424222525,26.55393002928211,4.1109972568977224e-14,4.547473508864641e-13,5.684341886080801e-13,2.0554986284488612e-14,5.684341886080801e-13,ok
sample_002108,"(224, 2)","(224, 2)",0.0,0.0,0.0,0.0,0.0,9.829556628569943,5.363366480112985,24.42245892616065,1.8994329918444107e-13,1.4210854715202004e-13,8.526512829121202e-13,9.497164959222054e-14,8.526512829121202e-13,ok
sample_002109,"(224, 2)","(224, 2)",0.0,0.0,0.0,0.0,0.0,5.396094207891159,9.577102902235058,21.053363151762735,0.0,0.0,0.0,0.0,0.0,ok
sample_002110,"(224, 2)","(224, 2)",0.0,0.0,0.0,0.0,0.0,10.731191892752994,0.0,29.21743486345096,1.1994373748182495e-15,0.0,2.842170943040401e-14,5.997186874091248e-16,2.842170943040401e-14,ok
sample_002111,"(224, 2)","(224, 2)",0.0,0.0,0.0,0.0,0.0,9.14788338956639,13.098797654746738,28.91461395211763,6.344131569286609e-16,0.0,2.842170943040401e-14,3.1720657846433045e-16,2.842170943040401e-14,ok
sample_002112,"(224, 2)","(224, 2)",0.0,0.0,0.0,0.0,0.0,9.467423098334338,8.148091801151988,25.94931405644478,8.832617177339281e-14,2.2737367544323206e-13,2.2737367544323206e-13,4.4163085886696405e-14,2.2737367544323206e-13,ok
sample_002113,"(224, 2)","(224, 2)",0.0,0.0,0.0,0.0,0.0,9.878232412835859,6.783877947015323,28.701409373060443,3.489272363107635e-14,0.0,1.1368683772161603e-13,1.7446361815538174e-14,1.1368683772161603e-13,ok
sample_002114,"(224, 2)","(224, 2)",0.0,0.0,0.0,0.0,0.0,5.868717450555737,0.0,28.3826320132578,3.3497014685833295e-14,0.0,1.1368683772161603e-13,1.6748507342916648e-14,1.1368683772161603e-13,ok
sample_002115,"(224, 2)","(224, 2)",0.0,0.0,0.0,0.0,0.0,6.650005922863885,0.0,23.073415438551717,0.0,0.0,0.0,0.0,0.0,ok
sample_002116,"(224, 2)","(224, 2)",0.0,0.0,0.0,0.0,0.0,8.763484657597335,21.904704974046112,27.373134639642515,6.344131569286609e-16,0.0,2.842170943040401e-14,3.1720657846433045e-16,2.842170943040401e-14,ok
sample_002117,"(224, 2)","(224, 2)",0.0,0.0,0.0,0.0,0.0,7.390045059931614,15.561417030592041,25.10756260571687,2.5376526277146434e-16,5.684341886080802e-14,5.684341886080802e-14,1.2688263138573217e-16,5.684341886080802e-14,ok
sample_002118,"(224, 2)","(224, 2)",0.0,0.0,0.0,0.0,0.0,10.358597724104447,7.693900181312407,26.907428342374093,2.122854290650193e-13,5.084229945850415e-13,6.821210263296962e-13,1.1470189877270188e-13,6.821210263296962e-13,ok
sample_002119,"(224, 2)","(224, 2)",0.0,0.0,0.0,0.0,0.0,9.223000266368842,4.0547872940512955,26.212134594496437,4.618527782440651e-14,1.1368683772161603e-13,4.547473508864641e-13,2.3092638912203256e-14,4.547473508864641e-13,ok
sample_002120,"(224, 2)","(224, 2)",0.0,0.0,0.0,0.0,0.0,7.300859179414259,17.254541431171084,29.82260384339377,2.334640417497472e-14,2.2737367544323206e-13,2.2737367544323206e-13,1.167320208748736e-14,2.2737367544323206e-13,ok
sample_002121,"(224, 2)","(224, 2)",0.0,0.0,0.0,0.0,0.0,11.092343286302693,10.742979102651221,24.57547558034213,9.998351353195695e-14,6.821210263296962e-13,7.958078640513122e-13,4.9991756765978476e-14,7.958078640513122e-13,ok
sample_002122,"(224, 2)","(224, 2)",0.0,0.0,0.0,0.0,0.0,7.977770027263566,8.899764041815907,19.901781327308363,0.0,0.0,0.0,0.0,0.0,ok
sample_002123,"(224, 2)","(224, 2)",0.0,0.0,0.0,0.0,0.0,7.077474770206537,14.026164835763128,27.415428138185117,1.3195793664116147e-14,1.7053025658242404e-13,3.410605131648481e-13,6.597896832058073e-15,3.410605131648481e-13,ok
sample_002124,"(224, 2)","(224, 2)",0.0,0.0,0.0,0.0,0.0,8.596774443958521,11.475125271647569,31.454870846976867,2.755890753698103e-13,1.4495071809506044e-12,1.5347723092418164e-12,1.3779453768490514e-13,1.5347723092418164e-12,ok
sample_002125,"(224, 2)","(224, 2)",0.0,0.0,0.0,0.0,0.0,12.645133728231842,14.553765835686688,29.468427172144853,5.224680358633362e-14,1.2710574864626038e-13,3.979039320256561e-13,2.6391587328232294e-14,3.979039320256561e-13,ok
sample_002126,"(224, 2)","(224, 2)",0.0,0.0,0.0,0.0,0.0,11.63973172202295,5.018386194784124,28.718831800754064,1.1091623856199455e-14,0.0,1.2710574864626038e-13,5.83660104374368e-15,1.1368683772161603e-13,ok
sample_002127,"(224, 2)","(224, 2)",0.0,0.0,0.0,0.0,0.0,6.947964155298406,8.32896151990144,20.48644429860878,1.2577240836110703e-14,1.4210854715202004e-14,5.684341886080802e-14,6.288620418055351e-15,5.684341886080802e-14,ok
sample_002128,"(224, 2)","(224, 2)",0.0,0.0,0.0,0.0,0.0,6.001229360651105,6.648225327107897,25.139214387088526,8.881784197001252e-15,0.0,3.410605131648481e-13,4.440892098500626e-15,3.410605131648481e-13,ok
sample_002129,"(224, 2)","(224, 2)",0.0,0.0,0.0,0.0,0.0,9.7609134417381,9.877190896201213,23.69379032573706,0.0,0.0,0.0,0.0,0.0,ok
sample_002130,"(224, 2)","(224, 2)",0.0,0.0,0.0,0.0,0.0,12.641222729172885,5.458580401532977,20.74853488803489,2.880418348904971e-13,1.0785280415467626e-12,1.1036995510350834e-12,1.6811948658609513e-13,1.0800249583553523e-12,ok
sample_002131,"(224, 2)","(224, 2)",0.0,0.0,0.0,0.0,0.0,1.0843698640325508,0.3313608305156561,18.14749018459583,0.0,0.0,0.0,0.0,0.0,ok
sample_002132,"(224, 2)","(224, 2)",0.0,0.0,0.0,0.0,0.0,11.02520198074922,0.0,25.061540255938,0.0,0.0,0.0,0.0,0.0,ok
sample_002133,"(224, 2)","(224, 2)",0.0,0.0,0.0,0.0,0.0,7.285339852770174,0.0,24.495134210695777,0.0,0.0,0.0,0.0,0.0,ok
sample_002134,"(224, 2)","(224, 2)",0.0,0.0,0.0,0.0,0.0,12.465876456077778,5.905878427465162,28.174673023834426,1.0150610510858574e-14,0.0,2.2737367544323206e-13,5.075305255429287e-15,2.2737367544323206e-13,ok
sample_002135,"(224, 2)","(224, 2)",0.0,0.0,0.0,0.0,0.0,8.138931916056542,0.09486832980507294,20.128400333856696,0.0,0.0,0.0,0.0,0.0,ok
sample_002136,"(224, 2)","(224, 2)",0.0,0.0,0.0,0.0,0.0,8.385403545543449,29.061859885423694,29.061859885423694,1.7377056549114796e-14,3.06111178766429e-13,3.06111178766429e-13,9.769962616701378e-15,2.8421709430404007e-13,ok
sample_002137,"(224, 2)","(224, 2)",0.0,0.0,0.0,0.0,0.0,7.399425853508729,26.984028609531258,30.327825507279574,2.5314172072199928e-14,2.2737367544323206e-13,2.2737367544323206e-13,1.344955892688761e-14,2.2737367544323206e-13,ok
sample_002138,"(224, 2)","(224, 2)",0.0,0.0,0.0,0.0,0.0,9.871820702487977,14.125622110193891,28.352276804517878,3.552713678800501e-15,1.1368683772161603e-13,2.2737367544323206e-13,1.7763568394002505e-15,2.2737367544323206e-13,ok
sample_002139,"(224, 2)","(224, 2)",0.0,0.0,0.0,0.0,0.0,10.995596763438327,1.1004090148667676,23.65674745183695,3.0261507585497125e-13,8.242295734817162e-13,1.1937117960769683e-12,1.5130753792748562e-13,1.1937117960769683e-12,ok
sample_002140,"(224, 2)","(224, 2)",0.0,0.0,0.0,0.0,0.0,9.658790827392183,2.4789110512479495,25.446610776290022,6.331443306148036e-14,2.2737367544323206e-13,2.2737367544323206e-13,3.165721653074018e-14,2.2737367544323206e-13,ok
sample_002141,"(224, 2)","(224, 2)",0.0,0.0,0.0,0.0,0.0,9.339584785636772,2.723692346797014,22.620930573254487,6.597896832058073e-15,0.0,1.1368683772161603e-13,3.2989484160290367e-15,1.1368683772161603e-13,ok
sample_002142,"(224, 2)","(224, 2)",0.0,0.0,0.0,0.0,0.0,10.099311385085551,9.8385415585849,28.72193760873381,6.152058428114107e-14,2.3437142008433856e-13,4.0990372275064023e-13,4.1109972568977224e-14,3.410605131648481e-13,ok
sample_002143,"(224, 2)","(224, 2)",0.0,0.0,0.0,0.0,0.0,9.169863438760556,12.387356457291402,25.98051770076965,3.654219783909087e-14,2.2737367544323206e-13,2.2737367544323206e-13,1.8271098919545435e-14,2.2737367544323206e-13,ok
sample_002144,"(224, 2)","(224, 2)",0.0,0.0,0.0,0.0,0.0,9.190126020881062,4.848092408360137,26.873751133773606,3.045183153257572e-15,0.0,1.1368683772161603e-13,1.522591576628786e-15,1.1368683772161603e-13,ok
sample_002145,"(224, 2)","(224, 2)",0.0,0.0,0.0,0.0,0.0,12.566070016712674,18.38979064589915,26.65506518468853,4.5350055590923456e-13,1.2414790073672495e-12,1.3736832867828721e-12,2.637889906509372e-13,1.3073986337985843e-12,ok
sample_002146,"(224, 2)","(224, 2)",0.0,0.0,0.0,0.0,0.0,8.516324035224404,0.0,22.61963085463588,4.476419235288631e-13,6.821210263296962e-13,1.4779288903810084e-12,2.2382096176443156e-13,1.4779288903810084e-12,ok
sample_002147,"(224, 2)","(224, 2)",0.0,0.0,0.0,0.0,0.0,8.790884555990312,18.5806054799085,22.536026712799185,2.689911785377522e-14,0.0,1.1368683772161603e-13,1.344955892688761e-14,1.1368683772161603e-13,ok
sample_002148,"(224, 2)","(224, 2)",0.0,0.0,0.0,0.0,0.0,8.046233574204248,9.767957821366752,26.380022744493687,0.0,0.0,0.0,0.0,0.0,ok
sample_002149,"(224, 2)","(224, 2)",0.0,0.0,0.0,0.0,0.0,10.331429130788157,6.072890580275785,28.167317941188664,0.0,0.0,0.0,0.0,0.0,ok
sample_002150,"(224, 2)","(224, 2)",0.0,0.0,0.0,0.0,0.0,7.961364035267034,10.326325580766934,26.077369499242185,0.0,0.0,0.0,0.0,0.0,ok
sample_002151,"(224, 2)","(224, 2)",0.0,0.0,0.0,0.0,0.0,8.230508704504416,0.0,27.224226343461112,1.9184653865522705e-13,5.684341886080801e-13,5.684341886080801e-13,9.592326932761353e-14,5.684341886080801e-13,ok
sample_002152,"(224, 2)","(224, 2)",0.0,0.0,0.0,0.0,0.0,9.098453622267517,20.4514253781979,32.367962555588974,1.735754397356816e-13,4.547473508864641e-13,6.821210263296962e-13,8.67877198678408e-14,6.821210263296962e-13,ok
sample_002153,"(224, 2)","(224, 2)",0.0,0.0,0.0,0.0,0.0,11.216923164235725,15.838409011008604,30.26725127922925,0.0,0.0,0.0,0.0,0.0,ok
sample_002154,"(224, 2)","(224, 2)",0.0,0.0,0.0,0.0,0.0,10.290861016745831,16.657923039803002,25.863667566684967,5.626688269883047e-14,2.0495186137532011e-13,3.06111178766429e-13,3.0895920742425784e-14,2.8421709430404007e-13,ok
sample_002155,"(224, 2)","(224, 2)",0.0,0.0,0.0,0.0,0.0,8.081652220676656,0.0,27.745495129840307,5.024552202874994e-14,3.410605131648481e-13,3.410605131648481e-13,2.512276101437497e-14,3.410605131648481e-13,ok
sample_002156,"(224, 2)","(224, 2)",0.0,0.0,0.0,0.0,0.0,11.588457441149476,13.318577251343271,28.856545184758296,5.184424318421016e-13,2.0463630789890885e-12,2.0463630789890885e-12,2.592212159210508e-13,2.0463630789890885e-12,ok
sample_002157,"(224, 2)","(224, 2)",0.0,0.0,0.0,0.0,0.0,11.931905027840832,25.069479452114667,25.816516031409012,1.4047262162193716e-15,0.0,4.0194366942304644e-14,8.881784197001252e-16,2.842170943040401e-14,ok
sample_002158,"(224, 2)","(224, 2)",0.0,0.0,0.0,0.0,0.0,10.195887194944435,0.0,24.432775118680212,2.3214675380053687e-14,1.1368683772161603e-13,2.5421149729252077e-13,1.2434497875801753e-14,2.2737367544323206e-13,ok
sample_002159,"(224, 2)","(224, 2)",0.0,0.0,0.0,0.0,0.0,7.16433047927706,8.254556317573867,20.931031986024987,7.61295788314393e-16,0.0,5.684341886080802e-14,3.806478941571965e-16,5.684341886080802e-14,ok
sample_002160,"(224, 2)","(224, 2)",0.0,0.0,0.0,0.0,0.0,8.572714431292171,11.805189536809603,29.645547726429225,2.652225167919174e-13,8.242295734817162e-13,8.526512829121202e-13,1.3398805874333318e-13,8.526512829121202e-13,ok
sample_002161,"(224, 2)","(224, 2)",0.0,0.0,0.0,0.0,0.0,8.344091371578495,6.387190305603924,25.049936127663017,7.105427357601002e-15,0.0,1.1368683772161603e-13,3.552713678800501e-15,1.1368683772161603e-13,ok
sample_002162,"(224, 2)","(224, 2)",0.0,0.0,0.0,0.0,0.0,8.09237725468449,19.666926551955182,25.941973710571805,0.0,0.0,0.0,0.0,0.0,ok
sample_002163,"(224, 2)","(224, 2)",0.0,0.0,0.0,0.0,0.0,11.66259932905848,12.372000646621283,31.538536744750893,1.2688263138573217e-16,0.0,1.4210854715202004e-14,6.344131569286608e-17,1.4210854715202004e-14,ok
sample_002164,"(224, 2)","(224, 2)",0.0,0.0,0.0,0.0,0.0,9.87890613440662,5.916358677429917,28.49485567606899,6.22993720103945e-14,5.684341886080801e-13,5.684341886080801e-13,3.114968600519725e-14,5.684341886080801e-13,ok
sample_002165,"(224, 2)","(224, 2)",0.0,0.0,0.0,0.0,0.0,8.907759351819594,5.461300211488128,25.0696090914877,3.045183153257572e-15,0.0,1.1368683772161603e-13,1.522591576628786e-15,1.1368683772161603e-13,ok
sample_002166,"(224, 2)","(224, 2)",0.0,0.0,0.0,0.0,0.0,9.229161015251071,8.678824805237218,24.242551433378477,2.868189615709998e-13,4.1382633578908315e-13,8.038873388460929e-13,1.5847640660077948e-13,7.958078640513122e-13,ok
sample_002167,"(224, 2)","(224, 2)",0.0,0.0,0.0,0.0,0.0,10.37841166031097,3.941788933974043,32.86713403994964,3.324324942306183e-13,5.684341886080801e-13,6.821210263296962e-13,1.6621624711530915e-13,6.821210263296962e-13,ok
sample_002168,"(224, 2)","(224, 2)",0.0,0.0,0.0,0.0,0.0,11.033693831613798,12.34784191670747,25.334097576191716,3.3644478294652064e-13,1.3574156055551103e-12,1.4111028107557115e-12,1.7674750552032492e-13,1.3358203432289883e-12,ok
sample_002169,"(224, 2)","(224, 2)",0.0,0.0,0.0,0.0,0.0,10.361764129796162,9.797167958139708,29.368016616720638,0.0,0.0,0.0,0.0,0.0,ok
sample_002170,"(224, 2)","(224, 2)",0.0,0.0,0.0,0.0,0.0,11.494679677447007,20.14932505073076,27.412743386972473,5.948039412865374e-14,2.2737367544323206e-13,2.2737367544323206e-13,3.0705596795347185e-14,2.2737367544323206e-13,ok
sample_002171,"(224, 2)","(224, 2)",0.0,0.0,0.0,0.0,0.0,8.52414716998754,0.0,30.223067349294528,8.069735356132567e-14,1.1368683772161603e-13,1.1368683772161603e-13,4.0348676780662834e-14,1.1368683772161603e-13,ok
sample_002172,"(224, 2)","(224, 2)",0.0,0.0,0.0,0.0,0.0,8.95156526137601,0.0,28.529654747297645,8.881784197001252e-15,5.684341886080802e-14,5.684341886080802e-14,4.440892098500626e-15,5.684341886080802e-14,ok
sample_002173,"(224, 2)","(224, 2)",0.0,0.0,0.0,0.0,0.0,8.565669490772468,8.738066147609562,25.022791610849488,9.693833037869938e-14,6.252776074688882e-13,8.526512829121202e-13,4.846916518934969e-14,8.526512829121202e-13,ok
sample_002174,"(224, 2)","(224, 2)",0.0,0.0,0.0,0.0,0.0,9.876504441541275,0.009999999999990905,25.990253942584012,8.70178267967269e-14,4.582862941503293e-13,4.582862941503293e-13,5.6462770966650817e-14,3.979039320256561e-13,ok
sample_002175,"(224, 2)","(224, 2)",0.0,0.0,0.0,0.0,0.0,9.401178738736082,0.0,26.33565833617988,2.867547469317547e-13,9.094947017729282e-13,1.1368683772161603e-12,1.4337737346587735e-13,1.1368683772161603e-12,ok
sample_002176,"(224, 2)","(224, 2)",0.0,0.0,0.0,0.0,0.0,10.33994179660846,14.873348647833152,26.99938703007903,8.47575977656691e-14,2.2737367544323206e-13,5.684341886080801e-13,4.237879888283455e-14,5.684341886080801e-13,ok
sample_002177,"(224, 2)","(224, 2)",0.0,0.0,0.0,0.0,0.0,11.66450411955941,20.300009852214313,29.089965623905492,2.5348242570340804e-14,1.1368683772161603e-13,2.5421149729252077e-13,1.344955892688761e-14,2.2737367544323206e-13,ok
sample_002178,"(224, 2)","(224, 2)",0.0,0.0,0.0,0.0,0.0,13.832981092442676,11.622689017606902,30.138767393508367,2.2614959031421136e-13,1.2297111682519208e-12,1.3830600733622803e-12,1.3931712926153393e-13,1.3642420526593924e-12,ok
sample_002179,"(224, 2)","(224, 2)",0.0,0.0,0.0,0.0,0.0,8.84894270176818,20.207884599828848,26.39921400345094,2.5884056802689363e-14,7.958078640513122e-13,7.958078640513122e-13,1.2942028401344682e-14,7.958078640513122e-13,ok
sample_002180,"(224, 2)","(224, 2)",0.0,0.0,0.0,0.0,0.0,12.575492801919328,11.829835163686802,29.61524100864274,5.593994576438349e-13,1.850687635408088e-12,2.0745901100434206e-12,3.348432642269472e-13,2.0463630789890885e-12,ok
sample_002181,"(224, 2)","(224, 2)",0.0,0.0,0.0,0.0,0.0,10.652791883288378,12.710696283052307,25.51277523124445,1.695151955313382e-13,5.684341886080801e-13,5.684341886080801e-13,8.47575977656691e-14,5.684341886080801e-13,ok
sample_002182,"(224, 2)","(224, 2)",0.0,0.0,0.0,0.0,0.0,11.77973791620436,7.227482272548296,28.524840052137005,2.722455148187483e-13,5.392640207733813e-13,9.447813987773464e-13,1.695151955313382e-13,6.821210263296962e-13,ok
sample_002183,"(224, 2)","(224, 2)",0.0,0.0,0.0,0.0,0.0,7.941483096606567,8.461784681732318,26.3026025328293,8.740759712212706e-15,1.7053025658242404e-13,1.7053025658242404e-13,4.758098676964956e-15,1.7053025658242404e-13,ok
sample_002184,"(224, 2)","(224, 2)",0.0,0.0,0.0,0.0,0.0,10.67926993838007,18.56937532605763,28.349746030608554,2.8041061536246812e-14,1.4210854715202004e-13,3.410605131648481e-13,1.4020530768123406e-14,3.410605131648481e-13,ok
sample_002185,"(224, 2)","(224, 2)",0.0,0.0,0.0,0.0,0.0,12.061617576169594,14.64199439967117,26.84086809326403,4.0602442043434294e-15,0.0,1.1368683772161603e-13,2.0301221021717147e-15,1.1368683772161603e-13,ok
sample_002186,"(224, 2)","(224, 2)",0.0,0.0,0.0,0.0,0.0,6.443398749063216,16.01719388657076,25.414405363887592,9.008666828386984e-15,1.7053025658242404e-13,1.9895196601282805e-13,4.504333414193492e-15,1.9895196601282805e-13,ok
sample_002187,"(224, 2)","(224, 2)",0.0,0.0,0.0,0.0,0.0,9.296982128289264,5.85918083011608,26.396592583134762,0.0,0.0,0.0,0.0,0.0,ok
sample_002188,"(224, 2)","(224, 2)",0.0,0.0,0.0,0.0,0.0,10.951393796611873,10.350966138481953,30.62386161149506,6.020776489002603e-13,1.1593828079623528e-12,1.482295011829285e-12,3.1022803373811516e-13,1.4779288903810084e-12,ok
sample_002189,"(224, 2)","(224, 2)",0.0,0.0,0.0,0.0,0.0,5.646798834079282,0.0,18.80729911497121,1.522591576628786e-15,0.0,5.684341886080802e-14,7.61295788314393e-16,5.684341886080802e-14,ok
sample_002190,"(224, 2)","(224, 2)",0.0,0.0,0.0,0.0,0.0,12.627453886157562,9.600130207450327,27.321745917858223,9.38931472254418e-14,4.547473508864641e-13,7.958078640513122e-13,4.69465736127209e-14,7.958078640513122e-13,ok
sample_002191,"(224, 2)","(224, 2)",0.0,0.0,0.0,0.0,0.0,6.793212828379201,18.749986666661957,25.929585418976657,0.0,0.0,0.0,0.0,0.0,ok
sample_002192,"(224, 2)","(224, 2)",0.0,0.0,0.0,0.0,0.0,7.537399928605429,3.6752686976599898,27.2581180568285,0.0,0.0,0.0,0.0,0.0,ok
sample_002193,"(224, 2)","(224, 2)",0.0,0.0,0.0,0.0,0.0,7.747975257530773,8.323280603223882,29.546820471922015,4.973799150320701e-14,0.0,2.2737367544323206e-13,2.4868995751603507e-14,2.2737367544323206e-13,ok
sample_002194,"(224, 2)","(224, 2)",0.0,0.0,0.0,0.0,0.0,4.286454206950446,0.0,20.079267914941514,0.0,0.0,0.0,0.0,0.0,ok
sample_002195,"(224, 2)","(224, 2)",0.0,0.0,0.0,0.0,0.0,14.413312409322485,19.045169991365263,30.053319284232177,2.3412074916189094e-13,1.4210854715202004e-12,1.6200374375330284e-12,1.1901590823981678e-13,1.6200374375330284e-12,ok
sample_002196,"(224, 2)","(224, 2)",0.0,0.0,0.0,0.0,0.0,7.1616772686754455,0.0,25.9688582729391,0.0,0.0,0.0,0.0,0.0,ok
sample_002197,"(224, 2)","(224, 2)",0.0,0.0,0.0,0.0,0.0,2.0807747027111057,0.0,20.462172416437117,0.0,0.0,0.0,0.0,0.0,ok
sample_002198,"(224, 2)","(224, 2)",0.0,0.0,0.0,0.0,0.0,8.024209014031682,22.87078922993262,29.242168182267314,1.6344068955374627e-14,0.0,5.684341886080802e-14,8.172034477687313e-15,5.684341886080802e-14,ok
sample_002199,"(224, 2)","(224, 2)",0.0,0.0,0.0,0.0,0.0,4.973815471743703,0.0,21.061970468120986,6.17284001691587e-14,1.1368683772161603e-13,1.1368683772161603e-13,3.086420008457935e-14,1.1368683772161603e-13,ok
sample_002200,"(224, 2)","(224, 2)",0.0,0.0,0.0,0.0,0.0,6.597503758115413,0.0,25.477686315676305,1.522591576628786e-15,0.0,5.684341886080802e-14,7.61295788314393e-16,5.684341886080802e-14,ok
sample_002201,"(224, 2)","(224, 2)",0.0,0.0,0.0,0.0,0.0,9.570420816079919,7.291536189308558,26.108674803597356,4.0602442043434294e-15,0.0,1.1368683772161603e-13,2.0301221021717147e-15,1.1368683772161603e-13,ok
sample_002202,"(224, 2)","(224, 2)",0.0,0.0,0.0,0.0,0.0,4.430520357945186,0.0,20.60592633200456,0.0,0.0,0.0,0.0,0.0,ok
sample_002203,"(224, 2)","(224, 2)",0.0,0.0,0.0,0.0,0.0,13.063951720268578,23.209394649580982,27.06856664103219,8.221994513795445e-14,1.1368683772161603e-13,6.821210263296962e-13,4.1109972568977224e-14,6.821210263296962e-13,ok
sample_002204,"(224, 2)","(224, 2)",0.0,0.0,0.0,0.0,0.0,6.35527621674104,0.0,26.31335972467221,0.0,0.0,0.0,0.0,0.0,ok
sample_002205,"(224, 2)","(224, 2)",0.0,0.0,0.0,0.0,0.0,8.410866658183867,0.0,25.47941914565559,2.811719111507825e-13,9.094947017729282e-13,9.094947017729282e-13,1.4058595557539124e-13,9.094947017729282e-13,ok
sample_002206,"(224, 2)","(224, 2)",0.0,0.0,0.0,0.0,0.0,3.891421935053253,0.0,26.086107413717333,0.0,0.0,0.0,0.0,0.0,ok
sample_002207,"(224, 2)","(224, 2)",0.0,0.0,0.0,0.0,0.0,3.9491626855205646,4.085890355846507,27.028142740484384,0.0,0.0,0.0,0.0,0.0,ok
sample_002208,"(224, 2)","(224, 2)",0.0,0.0,0.0,0.0,0.0,4.008863462297582,2.6508866441249297,24.886190950002806,0.0,0.0,0.0,0.0,0.0,ok
sample_002209,"(224, 2)","(224, 2)",0.0,0.0,0.0,0.0,0.0,9.615814334206547,15.746507549294941,30.764864699848868,9.008666828386985e-14,2.2737367544323206e-13,2.2737367544323206e-13,4.5043334141934923e-14,2.2737367544323206e-13,ok
sample_002210,"(224, 2)","(224, 2)",0.0,0.0,0.0,0.0,0.0,3.902313155123372,1.7274258305351589,27.285761854857537,0.0,0.0,0.0,0.0,0.0,ok
sample_002211,"(224, 2)","(224, 2)",0.0,0.0,0.0,0.0,0.0,9.513415204288448,24.816712110994864,25.37023846951373,0.0,0.0,0.0,0.0,0.0,ok
sample_002212,"(224, 2)","(224, 2)",0.0,0.0,0.0,0.0,0.0,8.845894051893719,15.469951518993087,26.65725042085166,0.0,0.0,0.0,0.0,0.0,ok
sample_002213,"(224, 2)","(224, 2)",0.0,0.0,0.0,0.0,0.0,7.266141425576606,0.0,28.036984502617084,3.6034667313547936e-14,1.1368683772161603e-13,3.410605131648481e-13,1.8017333656773968e-14,3.410605131648481e-13,ok
sample_002214,"(224, 2)","(224, 2)",0.0,0.0,0.0,0.0,0.0,11.336124497692762,6.910520964442497,22.208219199206386,1.1368683772161603e-13,0.0,7.958078640513122e-13,5.684341886080802e-14,7.958078640513122e-13,ok
sample_002215,"(224, 2)","(224, 2)",0.0,0.0,0.0,0.0,0.0,9.668674428668199,11.944274779156709,25.044881712637512,8.018982303578274e-14,4.547473508864641e-13,4.547473508864641e-13,4.009491151789137e-14,4.547473508864641e-13,ok
sample_002216,"(224, 2)","(224, 2)",0.0,0.0,0.0,0.0,0.0,8.555073439493253,0.0,28.849169832076623,6.090366306515144e-15,0.0,2.2737367544323206e-13,3.045183153257572e-15,2.2737367544323206e-13,ok
sample_002217,"(224, 2)","(224, 2)",0.0,0.0,0.0,0.0,0.0,9.132965136894821,5.981011620119143,23.817306732710165,1.8017333656773968e-14,0.0,5.684341886080802e-14,9.008666828386984e-15,5.684341886080802e-14,ok
sample_002218,"(224, 2)","(224, 2)",0.0,0.0,0.0,0.0,0.0,8.69945846489671,0.0,27.65041952665443,1.700227260568811e-13,2.2737367544323206e-13,5.684341886080801e-13,8.501136302844055e-14,5.684341886080801e-13,ok
sample_002219,"(224, 2)","(224, 2)",0.0,0.0,0.0,0.0,0.0,7.336447033392132,0.0,28.174066089224585,0.0,0.0,0.0,0.0,0.0,ok
sample_002220,"(224, 2)","(224, 2)",0.0,0.0,0.0,0.0,0.0,6.603147958223739,13.783181780706458,28.08599651071692,0.0,0.0,0.0,0.0,0.0,ok
sample_002221,"(224, 2)","(224, 2)",0.0,0.0,0.0,0.0,0.0,11.53667641013524,0.5608921464951421,27.191588773001108,5.455953149586484e-14,2.2737367544323206e-13,2.2737367544323206e-13,2.727976574793242e-14,2.2737367544323206e-13,ok
sample_002222,"(224, 2)","(224, 2)",0.0,0.0,0.0,0.0,0.0,6.432730156228216,16.34925074735844,29.44120411939698,0.0,0.0,0.0,0.0,0.0,ok
sample_002223,"(224, 2)","(224, 2)",0.0,0.0,0.0,0.0,0.0,11.631565164785842,0.0,25.695976338718804,9.693833037869938e-14,3.410605131648481e-13,7.958078640513122e-13,4.846916518934969e-14,7.958078640513122e-13,ok
sample_002224,"(224, 2)","(224, 2)",0.0,0.0,0.0,0.0,0.0,8.703238139622027,0.5423098745182096,29.804060126096907,1.0708894088955795e-13,1.1368683772161603e-13,7.958078640513122e-13,5.354447044477898e-14,7.958078640513122e-13,ok
sample_002225,"(224, 2)","(224, 2)",0.0,0.0,0.0,0.0,0.0,8.823463971189854,13.254165383003217,27.026285353337,0.0,0.0,0.0,0.0,0.0,ok
sample_002226,"(224, 2)","(224, 2)",0.0,0.0,0.0,0.0,0.0,7.743013983672397,0.0,25.21466438404449,2.101176375747725e-13,4.547473508864641e-13,6.821210263296962e-13,1.0505881878738625e-13,6.821210263296962e-13,ok
sample_002227,"(224, 2)","(224, 2)",0.0,0.0,0.0,0.0,0.0,8.33949815409199,17.41872842661035,24.726635436306314,0.0,0.0,0.0,0.0,0.0,ok
sample_002228,"(224, 2)","(224, 2)",0.0,0.0,0.0,0.0,0.0,9.892098464353138,10.18837082167709,29.18218634715365,1.1571695982378774e-13,2.2737367544323206e-13,2.2737367544323206e-13,5.785847991189387e-14,2.2737367544323206e-13,ok
sample_002229,"(224, 2)","(224, 2)",0.0,0.0,0.0,0.0,0.0,6.4601767790662254,0.0,28.1132726661269,0.0,0.0,0.0,0.0,0.0,ok
sample_002230,"(224, 2)","(224, 2)",0.0,0.0,0.0,0.0,0.0,9.041424488082859,23.72564224631238,24.605808257401318,0.0,0.0,0.0,0.0,0.0,ok
sample_002231,"(224, 2)","(224, 2)",0.0,0.0,0.0,0.0,0.0,5.299989218100335,0.0,27.856618603125465,1.2942028401344683e-13,3.410605131648481e-13,3.410605131648481e-13,6.471014200672341e-14,3.410605131648481e-13,ok
sample_002232,"(224, 2)","(224, 2)",0.0,0.0,0.0,0.0,0.0,10.492870533453663,16.98060364062482,31.527957434632423,1.257406877032606e-13,3.694822225952521e-13,4.547473508864641e-13,6.28703438516303e-14,4.547473508864641e-13,ok
sample_002233,"(224, 2)","(224, 2)",0.0,0.0,0.0,0.0,0.0,7.292525299907419,28.324662398694155,28.65470467480004,4.0602442043434294e-15,0.0,2.2737367544323206e-13,2.0301221021717147e-15,2.2737367544323206e-13,ok
sample_002234,"(224, 2)","(224, 2)",0.0,0.0,0.0,0.0,0.0,11.497664518449357,10.078477067493754,30.01180601030213,1.5352798397673594e-13,5.684341886080801e-13,7.958078640513122e-13,7.676399198836797e-14,7.958078640513122e-13,ok
sample_002235,"(224, 2)","(224, 2)",0.0,0.0,0.0,0.0,0.0,10.604852951169635,23.256362570273133,35.494253055952505,2.2749478935766273e-13,9.374856803373542e-13,1.0231815394945443e-12,1.150825466668591e-13,1.0231815394945443e-12,ok
sample_002236,"(224, 2)","(224, 2)",0.0,0.0,0.0,0.0,0.0,5.077988227789689,3.1143699202246444,25.022330027397537,2.5376526277146436e-15,0.0,1.1368683772161603e-13,1.2688263138573218e-15,1.1368683772161603e-13,ok
sample_002237,"(224, 2)","(224, 2)",0.0,0.0,0.0,0.0,0.0,8.594774160854266,0.0,26.071693462450746,3.907985046680551e-14,1.1368683772161603e-13,2.2737367544323206e-13,1.9539925233402755e-14,2.2737367544323206e-13,ok
sample_002238,"(224, 2)","(224, 2)",0.0,0.0,0.0,0.0,0.0,9.230569265465268,0.0,24.71682827548863,9.795339142978525e-14,2.2737367544323206e-13,3.410605131648481e-13,4.897669571489262e-14,3.410605131648481e-13,ok
sample_002239,"(224, 2)","(224, 2)",0.0,0.0,0.0,0.0,0.0,5.928074364176493,0.0,26.983969315132374,0.0,0.0,0.0,0.0,0.0,ok
sample_002240,"(224, 2)","(224, 2)",0.0,0.0,0.0,0.0,0.0,11.146428068925767,11.74783384288352,28.07428182518649,1.3297299769224733e-13,5.684341886080801e-13,7.958078640513122e-13,6.648649884612366e-14,7.958078640513122e-13,ok
sample_002241,"(224, 2)","(224, 2)",0.0,0.0,0.0,0.0,0.0,10.466826106572528,6.664870591391695,31.104321243197038,2.0301221021717147e-15,0.0,1.1368683772161603e-13,1.0150610510858574e-15,1.1368683772161603e-13,ok
sample_002242,"(224, 2)","(224, 2)",0.0,0.0,0.0,0.0,0.0,9.081325634736356,13.569513624297633,24.236660248474827,1.0150610510858574e-15,0.0,1.1368683772161603e-13,5.075305255429287e-16,1.1368683772161603e-13,ok
sample_002243,"(224, 2)","(224, 2)",0.0,0.0,0.0,0.0,0.0,13.144015908123256,0.0,33.60526298067004,1.2167257024831552e-13,3.595093471822542e-13,5.796914039811764e-13,7.283063041541027e-14,5.684341886080801e-13,ok
sample_002244,"(224, 2)","(224, 2)",0.0,0.0,0.0,0.0,0.0,12.4566472899859,11.77307521423353,24.21256698493578,1.2688263138573218e-15,0.0,5.684341886080802e-14,6.344131569286609e-16,5.684341886080802e-14,ok
sample_002245,"(224, 2)","(224, 2)",0.0,0.0,0.0,0.0,0.0,8.491424893063126,9.405742926531634,27.1035532725877,3.806478941571965e-15,0.0,5.684341886080802e-14,1.9032394707859826e-15,5.684341886080802e-14,ok
sample_002246,"(224, 2)","(224, 2)",0.0,0.0,0.0,0.0,0.0,9.380395887657077,0.009999999999990905,32.00167651858251,0.0,0.0,0.0,0.0,0.0,ok
sample_002247,"(224, 2)","(224, 2)",0.0,0.0,0.0,0.0,0.0,7.21083976694802,7.427576993879326,21.37619470345446,0.0,0.0,0.0,0.0,0.0,ok
sample_002248,"(224, 2)","(224, 2)",0.0,0.0,0.0,0.0,0.0,9.332505962594334,26.491130591199703,27.696848196139552,3.4791217525967763e-13,1.4779288903810084e-12,1.4779288903810084e-12,1.7395608762983882e-13,1.4779288903810084e-12,ok
sample_002249,"(224, 2)","(224, 2)",0.0,0.0,0.0,0.0,0.0,10.077336774962133,22.537009562051406,25.775858860569528,4.491645151054919e-14,2.2737367544323206e-13,2.2737367544323206e-13,2.2458225755274594e-14,2.2737367544323206e-13,ok
sample_002250,"(224, 2)","(224, 2)",0.0,0.0,0.0,0.0,0.0,5.416216020760018,25.62992391717152,25.62992391717152,7.105427357601002e-15,1.1368683772161603e-13,1.1368683772161603e-13,3.552713678800501e-15,1.1368683772161603e-13,ok
sample_002251,"(224, 2)","(224, 2)",0.0,0.0,0.0,0.0,0.0,8.135913869062781,13.955851819219042,28.55769773633707,8.120488408686859e-15,0.0,2.2737367544323206e-13,4.0602442043434294e-15,2.2737367544323206e-13,ok
sample_002252,"(224, 2)","(224, 2)",0.0,0.0,0.0,0.0,0.0,7.730254888120458,6.46006965906718,25.15696722580043,5.075305255429287e-15,0.0,2.2737367544323206e-13,2.5376526277146436e-15,2.2737367544323206e-13,ok
sample_002253,"(224, 2)","(224, 2)",0.0,0.0,0.0,0.0,0.0,11.815190366499905,0.009999999999990905,26.88610235790964,6.103054569653717e-14,2.2737367544323206e-13,2.2737367544323206e-13,3.0515272848268586e-14,2.2737367544323206e-13,ok
sample_002254,"(224, 2)","(224, 2)",0.0,0.0,0.0,0.0,0.0,10.549284321530772,4.341393785410425,23.58490407018856,2.0301221021717147e-15,1.1368683772161603e-13,1.1368683772161603e-13,1.0150610510858574e-15,1.1368683772161603e-13,ok
sample_002255,"(224, 2)","(224, 2)",0.0,0.0,0.0,0.0,0.0,9.006231449429524,0.0,22.85943131401137,0.0,0.0,0.0,0.0,0.0,ok
sample_002256,"(224, 2)","(224, 2)",0.0,0.0,0.0,0.0,0.0,9.550663388558132,23.65994505488132,26.41190829909873,0.0,0.0,0.0,0.0,0.0,ok
sample_002257,"(224, 2)","(224, 2)",0.0,0.0,0.0,0.0,0.0,12.890870234387872,8.50028823040725,25.530518991982877,9.440067775098474e-14,2.2737367544323206e-13,2.2737367544323206e-13,4.720033887549237e-14,2.2737367544323206e-13,ok
sample_002258,"(224, 2)","(224, 2)",0.0,0.0,0.0,0.0,0.0,5.065020484409821,4.573412292807219,22.60939848823932,0.0,0.0,0.0,0.0,0.0,ok
sample_002259,"(224, 2)","(224, 2)",0.0,0.0,0.0,0.0,0.0,8.920175896708876,2.188743932030556,24.85189731187539,6.344131569286609e-15,0.0,5.684341886080802e-14,3.1720657846433046e-15,5.684341886080802e-14,ok
sample_002260,"(224, 2)","(224, 2)",0.0,0.0,0.0,0.0,0.0,8.722007827998004,2.871271495348335,29.630497802095718,5.202187886815019e-14,2.2737367544323206e-13,2.2737367544323206e-13,2.6010939434075095e-14,2.2737367544323206e-13,ok
sample_002261,"(224, 2)","(224, 2)",0.0,0.0,0.0,0.0,0.0,12.075465095367706,0.0,24.764541182909348,2.0808751547260076e-13,1.1368683772161603e-12,1.1368683772161603e-12,1.0404375773630038e-13,1.1368683772161603e-12,ok
sample_002262,"(224, 2)","(224, 2)",0.0,0.0,0.0,0.0,0.0,8.299334856034266,0.08485281374230853,25.014445826362138,5.887354096297974e-14,2.2737367544323206e-13,2.2737367544323206e-13,2.943677048148987e-14,2.2737367544323206e-13,ok
sample_002263,"(224, 2)","(224, 2)",0.0,0.0,0.0,0.0,0.0,6.811383565336478,12.193941118440812,28.41489750113472,0.0,0.0,0.0,0.0,0.0,ok
sample_002264,"(224, 2)","(224, 2)",0.0,0.0,0.0,0.0,0.0,2.609785518544098,7.045069197672893,22.014724617855173,0.0,0.0,0.0,0.0,0.0,ok
sample_002265,"(224, 2)","(224, 2)",0.0,0.0,0.0,0.0,0.0,9.612711156890457,28.5242353096449,28.5242353096449,0.0,0.0,0.0,0.0,0.0,ok
sample_002266,"(224, 2)","(224, 2)",0.0,0.0,0.0,0.0,0.0,7.559705301055639,10.089687804882702,26.912911399549404,0.0,0.0,0.0,0.0,0.0,ok
sample_002267,"(224, 2)","(224, 2)",0.0,0.0,0.0,0.0,0.0,11.27830679058137,6.425145912740031,24.272123928490494,3.045183153257572e-14,7.958078640513122e-13,9.094947017729282e-13,1.522591576628786e-14,9.094947017729282e-13,ok
sample_002268,"(224, 2)","(224, 2)",0.0,0.0,0.0,0.0,0.0,13.38966149938127,10.328625271545269,28.142938723594607,0.0,0.0,0.0,0.0,0.0,ok
sample_002269,"(224, 2)","(224, 2)",0.0,0.0,0.0,0.0,0.0,8.126728389471213,9.273968945386843,22.612195824377462,1.131793071960731e-13,2.2737367544323206e-13,4.547473508864641e-13,5.658965359803655e-14,4.547473508864641e-13,ok
sample_002270,"(224, 2)","(224, 2)",0.0,0.0,0.0,0.0,0.0,7.1909577037182375,11.14064630082125,29.815554665308525,0.0,0.0,0.0,0.0,0.0,ok
sample_002271,"(224, 2)","(224, 2)",0.0,0.0,0.0,0.0,0.0,9.183570501733564,0.133416640641142,30.275101981661454,4.517021677332065e-14,2.2737367544323206e-13,4.547473508864641e-13,2.2585108386660326e-14,4.547473508864641e-13,ok
sample_002272,"(224, 2)","(224, 2)",0.0,0.0,0.0,0.0,0.0,10.000016317926635,10.842435150832145,25.087757970771474,5.719234609711877e-14,2.7355895326763857e-13,4.121147867408581e-13,2.859617304855939e-14,4.121147867408581e-13,ok
sample_002273,"(224, 2)","(224, 2)",0.0,0.0,0.0,0.0,0.0,8.107845700724791,11.043482240670334,22.79692961782365,3.2481953634747435e-14,2.2737367544323206e-13,2.2737367544323206e-13,1.6240976817373718e-14,2.2737367544323206e-13,ok
sample_002274,"(224, 2)","(224, 2)",0.0,0.0,0.0,0.0,0.0,9.175884241767603,22.132946030747902,22.902499863552002,7.498763514896772e-14,1.7053025658242404e-13,3.410605131648481e-13,3.749381757448386e-14,3.410605131648481e-13,ok
sample_002275,"(224, 2)","(224, 2)",0.0,0.0,0.0,0.0,0.0,8.937117147360121,12.901182116379983,22.31532657166381,1.481354721428423e-14,0.0,5.684341886080802e-14,7.406773607142115e-15,5.684341886080802e-14,ok
sample_002276,"(224, 2)","(224, 2)",0.0,0.0,0.0,0.0,0.0,7.254765255365437,4.10951335318422,21.084461102907106,0.0,0.0,0.0,0.0,0.0,ok
sample_002277,"(224, 2)","(224, 2)",0.0,0.0,0.0,0.0,0.0,10.757381614373118,6.129151654185154,27.901120049202227,3.400454521137622e-14,2.2737367544323206e-13,2.2737367544323206e-13,1.700227260568811e-14,2.2737367544323206e-13,ok
sample_002278,"(224, 2)","(224, 2)",0.0,0.0,0.0,0.0,0.0,10.898850015148442,6.039114173452899,25.22249987610271,1.2129979560475997e-13,6.821210263296962e-13,7.958078640513122e-13,6.064989780237999e-14,7.958078640513122e-13,ok
sample_002279,"(224, 2)","(224, 2)",0.0,0.0,0.0,0.0,0.0,9.944721786419986,13.706560472999954,23.2132720657817,3.0515272848268586e-14,0.0,1.1368683772161603e-13,1.5257636424134293e-14,1.1368683772161603e-13,ok
sample_002280,"(224, 2)","(224, 2)",0.0,0.0,0.0,0.0,0.0,9.415399559835196,0.0,27.610121332583816,3.920299802225726e-14,1.1368683772161603e-13,1.6077746776921858e-13,2.0047455758945685e-14,1.1368683772161603e-13,ok
sample_002281,"(224, 2)","(224, 2)",0.0,0.0,0.0,0.0,0.0,5.382747533473842,0.0,25.63490784067679,4.0602442043434294e-15,0.0,2.2737367544323206e-13,2.0301221021717147e-15,2.2737367544323206e-13,ok
sample_002282,"(224, 2)","(224, 2)",0.0,0.0,0.0,0.0,0.0,8.52856727434273,10.253282401260511,25.89829724132478,0.0,0.0,0.0,0.0,0.0,ok
sample_002283,"(224, 2)","(224, 2)",0.0,0.0,0.0,0.0,0.0,9.191697052487685,0.0,23.867354273148997,5.329070518200751e-15,0.0,5.684341886080802e-14,2.6645352591003757e-15,5.684341886080802e-14,ok
sample_002284,"(224, 2)","(224, 2)",0.0,0.0,0.0,0.0,0.0,9.322575709275286,9.105674055225139,29.03426424072081,1.0150610510858574e-15,0.0,1.1368683772161603e-13,5.075305255429287e-16,1.1368683772161603e-13,ok
sample_002285,"(224, 2)","(224, 2)",0.0,0.0,0.0,0.0,0.0,10.310831262266694,21.87485314236426,27.305832710247095,0.0,0.0,0.0,0.0,0.0,ok
sample_002286,"(224, 2)","(224, 2)",0.0,0.0,0.0,0.0,0.0,11.425984248041422,0.0,27.17189908710844,2.7914178904861077e-14,2.2737367544323206e-13,2.2737367544323206e-13,1.3957089452430539e-14,2.2737367544323206e-13,ok
sample_002287,"(224, 2)","(224, 2)",0.0,0.0,0.0,0.0,0.0,7.538029347136217,0.0,26.018981532719593,1.4718385240744934e-14,0.0,1.1368683772161603e-13,7.359192620372467e-15,1.1368683772161603e-13,ok
sample_002288,"(224, 2)","(224, 2)",0.0,0.0,0.0,0.0,0.0,7.900367838453202,0.0,26.0688108666276,5.938107148852266e-14,2.2737367544323206e-13,2.2737367544323206e-13,2.969053574426133e-14,2.2737367544323206e-13,ok
sample_002289,"(224, 2)","(224, 2)",0.0,0.0,0.0,0.0,0.0,7.773075626399366,0.0,26.054097566409737,3.1720657846433045e-14,5.684341886080802e-14,1.7053025658242404e-13,1.5860328923216522e-14,1.7053025658242404e-13,ok
sample_002290,"(224, 2)","(224, 2)",0.0,0.0,0.0,0.0,0.0,9.00423397820605,5.783424591018705,23.1408945375929,0.0,0.0,0.0,0.0,0.0,ok
sample_002291,"(224, 2)","(224, 2)",0.0,0.0,0.0,0.0,0.0,6.920040287550385,0.0,20.00236236048118,1.096265935172726e-13,2.2737367544323206e-13,3.410605131648481e-13,5.48132967586363e-14,3.410605131648481e-13,ok
sample_002292,"(224, 2)","(224, 2)",0.0,0.0,0.0,0.0,0.0,10.001669027630312,5.917313579657492,22.78512233892983,4.2886329408377475e-14,8.526512829121202e-14,3.410605131648481e-13,2.1443164704188737e-14,3.410605131648481e-13,ok
sample_002293,"(224, 2)","(224, 2)",0.0,0.0,0.0,0.0,0.0,10.176421922068219,23.19821760394532,27.131255039160955,0.0,0.0,0.0,0.0,0.0,ok
sample_002294,"(224, 2)","(224, 2)",0.0,0.0,0.0,0.0,0.0,6.584799144133185,0.0,21.80220401702544,1.522591576628786e-15,0.0,1.1368683772161603e-13,7.61295788314393e-16,1.1368683772161603e-13,ok
sample_002295,"(224, 2)","(224, 2)",0.0,0.0,0.0,0.0,0.0,9.375877915079542,14.621644914304172,25.599556636785675,0.0,0.0,0.0,0.0,0.0,ok
sample_002296,"(224, 2)","(224, 2)",0.0,0.0,0.0,0.0,0.0,8.556303908385006,9.93081064163444,30.486536372634905,0.0,0.0,0.0,0.0,0.0,ok
sample_002297,"(224, 2)","(224, 2)",0.0,0.0,0.0,0.0,0.0,14.038211330470956,9.395115752347055,26.763820728737517,1.6539660004796934e-13,1.4210854715202004e-13,8.526512829121202e-13,8.43769498715119e-14,8.526512829121202e-13,ok
sample_002298,"(224, 2)","(224, 2)",0.0,0.0,0.0,0.0,0.0,9.402984153949921,14.148823272625823,25.4167385791332,2.0301221021717147e-15,2.2737367544323206e-13,2.2737367544323206e-13,1.0150610510858574e-15,2.2737367544323206e-13,ok
sample_002299,"(224, 2)","(224, 2)",0.0,0.0,0.0,0.0,0.0,10.866837837390904,2.604092932289425,30.35582316459224,4.0602442043434294e-15,0.0,1.1368683772161603e-13,2.0301221021717147e-15,1.1368683772161603e-13,ok
sample_002300,"(224, 2)","(224, 2)",0.0,0.0,0.0,0.0,0.0,8.870680816214685,0.0,23.856546271411716,4.4662686247777725e-14,0.0,3.410605131648481e-13,2.2331343123888863e-14,3.410605131648481e-13,ok
sample_002301,"(224, 2)","(224, 2)",0.0,0.0,0.0,0.0,0.0,7.859526318814865,7.422620830946419,29.650902178517217,9.237055564881302e-14,2.2737367544323206e-13,2.2737367544323206e-13,4.618527782440651e-14,2.2737367544323206e-13,ok
sample_002302,"(224, 2)","(224, 2)",0.0,0.0,0.0,0.0,0.0,13.180120569331544,19.513328778042876,28.336839979080438,8.526512829121202e-14,3.410605131648481e-13,7.958078640513122e-13,4.263256414560601e-14,7.958078640513122e-13,ok
sample_002303,"(224, 2)","(224, 2)",0.0,0.0,0.0,0.0,0.0,9.433699158701387,8.39802357700909,24.203869525346548,1.9032394707859826e-15,0.0,8.526512829121202e-14,9.516197353929913e-16,8.526512829121202e-14,ok
sample_002304,"(224, 2)","(224, 2)",0.0,0.0,0.0,0.0,0.0,7.442949159876603,18.0671442126308,25.773571735403557,4.567774729886359e-15,0.0,1.1368683772161603e-13,2.2838873649431793e-15,1.1368683772161603e-13,ok
sample_002305,"(224, 2)","(224, 2)",0.0,0.0,0.0,0.0,0.0,11.117555925939675,12.2582625196232,31.727705558391857,5.3290705182007514e-14,1.1368683772161603e-13,5.684341886080801e-13,2.6645352591003757e-14,5.684341886080801e-13,ok
sample_002306,"(224, 2)","(224, 2)",0.0,0.0,0.0,0.0,0.0,11.854604819168113,15.638733964103364,29.27648202909639,7.156180410155295e-14,9.094947017729282e-13,9.094947017729282e-13,3.578090205077647e-14,9.094947017729282e-13,ok
sample_002307,"(224, 2)","(224, 2)",0.0,0.0,0.0,0.0,0.0,9.110532109192759,6.3454708257151555,27.196494259371065,9.576466603838136e-14,1.9895196601282805e-13,7.673861546209082e-13,4.788233301919068e-14,7.673861546209082e-13,ok
sample_002308,"(224, 2)","(224, 2)",0.0,0.0,0.0,0.0,0.0,6.762105824538908,15.49343732036225,26.019002671124802,1.3489209749195652e-14,1.1368683772161603e-13,1.1368683772161603e-13,6.744604874597826e-15,1.1368683772161603e-13,ok
sample_002309,"(224, 2)","(224, 2)",0.0,0.0,0.0,0.0,0.0,4.627883256940522,0.0,21.84165744626535,0.0,0.0,0.0,0.0,0.0,ok
sample_002310,"(224, 2)","(224, 2)",0.0,0.0,0.0,0.0,0.0,6.891559471270952,25.27351380398062,25.8462473098126,1.3957089452430539e-14,0.0,5.684341886080802e-14,6.978544726215269e-15,5.684341886080802e-14,ok
sample_002311,"(224, 2)","(224, 2)",0.0,0.0,0.0,0.0,0.0,8.419090952801499,14.723980440084848,23.37253944268782,6.090366306515144e-15,0.0,2.2737367544323206e-13,3.045183153257572e-15,2.2737367544323206e-13,ok
sample_002312,"(224, 2)","(224, 2)",0.0,0.0,0.0,0.0,0.0,5.088499437002524,4.976203372049831,23.29443281129632,5.075305255429287e-16,5.684341886080802e-14,5.684341886080802e-14,2.5376526277146434e-16,5.684341886080802e-14,ok
sample_002313,"(224, 2)","(224, 2)",0.0,0.0,0.0,0.0,0.0,6.7405131367121145,6.09539170193355,24.76741407575684,0.0,0.0,0.0,0.0,0.0,ok
sample_002314,"(224, 2)","(224, 2)",0.0,0.0,0.0,0.0,0.0,7.314120402399725,14.169929428194035,24.795677042581453,1.2942028401344682e-14,0.0,5.684341886080802e-14,6.471014200672341e-15,5.684341886080802e-14,ok
sample_002315,"(224, 2)","(224, 2)",0.0,0.0,0.0,0.0,0.0,10.791899711204872,22.60952233020413,22.734066948084777,7.61295788314393e-16,0.0,5.684341886080802e-14,3.806478941571965e-16,5.684341886080802e-14,ok
sample_002316,"(224, 2)","(224, 2)",0.0,0.0,0.0,0.0,0.0,8.917381476704488,3.5427249399296836,27.278894772332723,0.0,0.0,0.0,0.0,0.0,ok
sample_002317,"(224, 2)","(224, 2)",0.0,0.0,0.0,0.0,0.0,5.833569442044275,12.458603453036044,27.353838853075064,4.567774729886359e-15,0.0,1.1368683772161603e-13,2.2838873649431793e-15,1.1368683772161603e-13,ok
sample_002318,"(224, 2)","(224, 2)",0.0,0.0,0.0,0.0,0.0,8.829823929097438,9.172622307715505,27.96950124689404,8.628018934229787e-15,1.1368683772161603e-13,2.2737367544323206e-13,4.314009467114894e-15,2.2737367544323206e-13,ok
sample_002319,"(224, 2)","(224, 2)",0.0,0.0,0.0,0.0,0.0,7.433406085718933,24.263655948764132,25.161724901127165,7.61295788314393e-15,1.1368683772161603e-13,1.1368683772161603e-13,3.806478941571965e-15,1.1368683772161603e-13,ok
sample_002320,"(224, 2)","(224, 2)",0.0,0.0,0.0,0.0,0.0,8.498371036291992,17.689686260643636,24.594928338988797,2.4995878382989238e-14,0.0,1.1368683772161603e-13,1.2497939191494619e-14,1.1368683772161603e-13,ok
sample_002321,"(224, 2)","(224, 2)",0.0,0.0,0.0,0.0,0.0,8.147160999838482,4.216562581060415,25.502048937291335,0.0,0.0,0.0,0.0,0.0,ok
sample_002322,"(224, 2)","(224, 2)",0.0,0.0,0.0,0.0,0.0,9.543784890879929,12.00115411116782,26.327174174225398,2.6137822065460827e-14,0.0,3.410605131648481e-13,1.3068911032730413e-14,3.410605131648481e-13,ok
sample_002323,"(224, 2)","(224, 2)",0.0,0.0,0.0,0.0,0.0,7.725010373260327,0.0,27.530906269136704,0.0,0.0,0.0,0.0,0.0,ok
sample_002324,"(224, 2)","(224, 2)",0.0,0.0,0.0,0.0,0.0,6.562623425126665,15.630227125669036,30.027242630651365,3.040107848002143e-13,1.1368683772161603e-13,5.684341886080801e-13,1.5200539240010714e-13,5.684341886080801e-13,ok
sample_002325,"(224, 2)","(224, 2)",0.0,0.0,0.0,0.0,0.0,12.98513264162963,12.969109452849857,27.85096407667072,1.4819891345853519e-13,8.526512829121202e-13,1.3642420526593924e-12,7.409945672926759e-14,1.3642420526593924e-12,ok
sample_002326,"(224, 2)","(224, 2)",0.0,0.0,0.0,0.0,0.0,10.814202358046,0.0,28.460929359386725,8.336188882042604e-14,0.0,2.2737367544323206e-13,4.168094441021302e-14,2.2737367544323206e-13,ok
sample_002327,"(224, 2)","(224, 2)",0.0,0.0,0.0,0.0,0.0,8.258215714714652,19.820282540872192,27.060007390981998,5.582835780972216e-15,0.0,1.1368683772161603e-13,2.791417890486108e-15,1.1368683772161603e-13,ok
sample_002328,"(224, 2)","(224, 2)",0.0,0.0,0.0,0.0,0.0,9.768352829604506,14.538947692319386,27.024007844877477,3.0723305519218294e-14,2.3437142008433856e-13,2.428351918216984e-13,1.81442162881597e-14,2.2737367544323206e-13,ok
sample_002329,"(224, 2)","(224, 2)",0.0,0.0,0.0,0.0,0.0,10.372583516028353,0.0,25.849032863919692,8.973774104755909e-14,2.2737367544323206e-13,2.2737367544323206e-13,4.4868870523779543e-14,2.2737367544323206e-13,ok
sample_002330,"(224, 2)","(224, 2)",0.0,0.0,0.0,0.0,0.0,11.011507810761177,24.584694425597327,25.733441277839237,9.985663090057122e-14,2.2737367544323206e-13,2.2737367544323206e-13,4.992831545028561e-14,2.2737367544323206e-13,ok
sample_002331,"(224, 2)","(224, 2)",0.0,0.0,0.0,0.0,0.0,4.582388695645207,0.0,32.005438600337946,0.0,0.0,0.0,0.0,0.0,ok
sample_002332,"(224, 2)","(224, 2)",0.0,0.0,0.0,0.0,0.0,8.160943842161656,0.0,21.42348477722523,0.0,0.0,0.0,0.0,0.0,ok
sample_002333,"(224, 2)","(224, 2)",0.0,0.0,0.0,0.0,0.0,8.018569905882272,22.131391732107478,22.85629891299114,6.344131569286609e-16,0.0,1.4210854715202004e-14,3.1720657846433045e-16,1.4210854715202004e-14,ok
sample_002334,"(224, 2)","(224, 2)",0.0,0.0,0.0,0.0,0.0,10.34379196613896,25.66208876923315,26.538549319809906,1.4413866925419174e-13,6.821210263296962e-13,1.1368683772161603e-12,7.206933462709587e-14,1.1368683772161603e-12,ok
sample_002335,"(224, 2)","(224, 2)",0.0,0.0,0.0,0.0,0.0,10.452668322140822,4.104789885000173,29.078366529088214,5.075305255429287e-16,0.0,1.1368683772161603e-13,2.5376526277146434e-16,1.1368683772161603e-13,ok
sample_002336,"(224, 2)","(224, 2)",0.0,0.0,0.0,0.0,0.0,5.211366553530426,0.0,26.57650466107238,0.0,0.0,0.0,0.0,0.0,ok
sample_002337,"(224, 2)","(224, 2)",0.0,0.0,0.0,0.0,0.0,7.5006080162870585,12.381247917718088,26.438723494147766,6.091159322961305e-14,0.0,1.1368683772161603e-13,3.0455796614806525e-14,1.1368683772161603e-13,ok
sample_002338,"(224, 2)","(224, 2)",0.0,0.0,0.0,0.0,0.0,6.732089597591129,0.0,26.9239075915811,0.0,0.0,0.0,0.0,0.0,ok
sample_002339,"(224, 2)","(224, 2)",0.0,0.0,0.0,0.0,0.0,10.879275219894414,25.65343056980866,25.964246571006104,3.000774232272566e-14,3.979039320256561e-13,3.979039320256561e-13,1.500387116136283e-14,3.979039320256561e-13,ok
sample_002340,"(224, 2)","(224, 2)",0.0,0.0,0.0,0.0,0.0,1.8388362435462047,0.0,23.03914060897244,0.0,0.0,0.0,0.0,0.0,ok
sample_002341,"(224, 2)","(224, 2)",0.0,0.0,0.0,0.0,0.0,11.70690527869615,17.23494705532917,22.602409163626827,3.3820915664774124e-13,9.663381206337363e-13,1.1382885756177522e-12,1.9279815839062005e-13,1.1368683772161603e-12,ok
sample_002342,"(224, 2)","(224, 2)",0.0,0.0,0.0,0.0,0.0,6.878656401087682,0.0,31.09095045185972,0.0,0.0,0.0,0.0,0.0,ok
sample_002343,"(224, 2)","(224, 2)",0.0,0.0,0.0,0.0,0.0,9.67636461537818,9.647486719348079,29.145486786121904,0.0,0.0,0.0,0.0,0.0,ok
sample_002344,"(224, 2)","(224, 2)",0.0,0.0,0.0,0.0,0.0,9.538787092442659,7.9513646627481185,32.272886452872584,1.2155356086753143e-13,3.410605131648481e-13,4.547473508864641e-13,6.077678043376571e-14,4.547473508864641e-13,ok
sample_002345,"(224, 2)","(224, 2)",0.0,0.0,0.0,0.0,0.0,8.701122141646918,25.763146158806045,27.117752487992117,2.5376526277146434e-16,0.0,2.842170943040401e-14,1.2688263138573217e-16,2.842170943040401e-14,ok
sample_002346,"(224, 2)","(224, 2)",0.0,0.0,0.0,0.0,0.0,10.087322538170895,22.76558147730909,25.952997900049933,0.0,0.0,0.0,0.0,0.0,ok
sample_002347,"(224, 2)","(224, 2)",0.0,0.0,0.0,0.0,0.0,8.859931882300925,11.898693205558212,28.652825340618573,1.0150610510858574e-15,0.0,5.684341886080802e-14,5.075305255429287e-16,5.684341886080802e-14,ok
sample_002348,"(224, 2)","(224, 2)",0.0,0.0,0.0,0.0,0.0,7.948854895682069,0.0,24.121328736203633,1.522591576628786e-15,0.0,2.842170943040401e-14,7.61295788314393e-16,2.842170943040401e-14,ok
sample_002349,"(224, 2)","(224, 2)",0.0,0.0,0.0,0.0,0.0,8.509421870870566,13.522296402608553,27.664824235841476,0.0,0.0,0.0,0.0,0.0,ok
sample_002350,"(224, 2)","(224, 2)",0.0,0.0,0.0,0.0,0.0,6.384533602220283,4.985228179331478,26.869650165195747,0.0,0.0,0.0,0.0,0.0,ok
sample_002351,"(224, 2)","(224, 2)",0.0,0.0,0.0,0.0,0.0,6.7907396006557,4.956309110618455,25.03978634094146,0.0,0.0,0.0,0.0,0.0,ok
sample_002352,"(224, 2)","(224, 2)",0.0,0.0,0.0,0.0,0.0,7.886242091996357,2.604496112494872,23.936501415202493,8.018982303578274e-14,0.0,2.2737367544323206e-13,4.009491151789137e-14,2.2737367544323206e-13,ok
sample_002353,"(224, 2)","(224, 2)",0.0,0.0,0.0,0.0,0.0,8.719512355677136,18.746020911115917,29.29010242385643,3.7811024152948187e-14,0.0,1.1368683772161603e-13,1.8905512076474093e-14,1.1368683772161603e-13,ok
sample_002354,"(224, 2)","(224, 2)",0.0,0.0,0.0,0.0,0.0,7.720244384412155,0.0,25.852028933915317,7.105427357601002e-15,0.0,1.1368683772161603e-13,3.552713678800501e-15,1.1368683772161603e-13,ok
sample_002355,"(224, 2)","(224, 2)",0.0,0.0,0.0,0.0,0.0,4.035157030856384,0.0,24.76449070746256,0.0,0.0,0.0,0.0,0.0,ok
sample_002356,"(224, 2)","(224, 2)",0.0,0.0,0.0,0.0,0.0,7.35232612184234,0.1746424919657923,27.7049345785187,5.350093120900574e-14,0.0,1.6077746776921858e-13,2.689911785377522e-14,1.1368683772161603e-13,ok
sample_002357,"(224, 2)","(224, 2)",0.0,0.0,0.0,0.0,0.0,8.453695029090417,0.1236931687686379,24.510605867664697,0.0,0.0,0.0,0.0,0.0,ok
sample_002358,"(224, 2)","(224, 2)",0.0,0.0,0.0,0.0,0.0,6.415031208563818,10.80112031226387,20.15837543057476,5.075305255429287e-16,0.0,1.1368683772161603e-13,2.5376526277146434e-16,1.1368683772161603e-13,ok
sample_002359,"(224, 2)","(224, 2)",0.0,0.0,0.0,0.0,0.0,8.315416562052686,16.828728413044153,28.119276306477023,1.522591576628786e-15,0.0,1.1368683772161603e-13,7.61295788314393e-16,1.1368683772161603e-13,ok
sample_002360,"(224, 2)","(224, 2)",0.0,0.0,0.0,0.0,0.0,8.793326205612278,22.358877431570576,25.31229938192098,4.314009467114894e-15,0.0,5.684341886080802e-14,2.157004733557447e-15,5.684341886080802e-14,ok
sample_002361,"(224, 2)","(224, 2)",0.0,0.0,0.0,0.0,0.0,9.06550735507054,9.362248661512924,22.425086398941655,1.0785023667787235e-14,2.2737367544323206e-13,2.2737367544323206e-13,5.392511833893617e-15,2.2737367544323206e-13,ok
sample_002362,"(224, 2)","(224, 2)",0.0,0.0,0.0,0.0,0.0,8.082670820425832,9.893417003240128,27.916654527360517,2.791417890486108e-15,5.684341886080802e-14,1.1368683772161603e-13,1.395708945243054e-15,1.1368683772161603e-13,ok
sample_002363,"(224, 2)","(224, 2)",0.0,0.0,0.0,0.0,0.0,12.631724695348144,11.977082282425894,31.36184305808563,1.6494742080145184e-13,1.7053025658242404e-12,1.7053025658242404e-12,8.247371040072592e-14,1.7053025658242404e-12,ok
sample_002364,"(224, 2)","(224, 2)",0.0,0.0,0.0,0.0,0.0,9.41490321129256,23.246352402043645,24.521064414091004,3.886957820104928e-14,5.684341886080801e-13,5.691442878088761e-13,1.979369049617422e-14,5.684341886080801e-13,ok
sample_002365,"(224, 2)","(224, 2)",0.0,0.0,0.0,0.0,0.0,11.38710171834992,5.788134414472411,29.095281404378976,2.157004733557447e-14,5.684341886080802e-14,2.2737367544323206e-13,1.0785023667787235e-14,2.2737367544323206e-13,ok
sample_002366,"(224, 2)","(224, 2)",0.0,0.0,0.0,0.0,0.0,10.11964445469748,0.0,30.502893305389822,1.6748507342916648e-14,1.1368683772161603e-13,4.547473508864641e-13,8.374253671458324e-15,4.547473508864641e-13,ok
sample_002367,"(224, 2)","(224, 2)",0.0,0.0,0.0,0.0,0.0,8.318032281872572,12.271157239641244,27.613217849428594,0.0,0.0,0.0,0.0,0.0,ok
sample_002368,"(224, 2)","(224, 2)",0.0,0.0,0.0,0.0,0.0,11.089004393843387,19.631775263587354,26.087426089976933,1.2282238718138874e-13,1.7053025658242404e-13,9.094947017729282e-13,6.141119359069437e-14,9.094947017729282e-13,ok
sample_002369,"(224, 2)","(224, 2)",0.0,0.0,0.0,0.0,0.0,10.176153997650884,0.0,27.19854407868174,8.196617987518299e-14,0.0,2.2737367544323206e-13,4.0983089937591496e-14,2.2737367544323206e-13,ok
sample_002370,"(224, 2)","(224, 2)",0.0,0.0,0.0,0.0,0.0,10.01437047594669,3.6830693721407077,30.048926769520456,3.222818837197597e-14,0.0,1.1368683772161603e-13,1.6114094185987986e-14,1.1368683772161603e-13,ok
sample_002371,"(224, 2)","(224, 2)",0.0,0.0,0.0,0.0,0.0,8.503102464086213,9.5153349914756,24.843896634787374,5.075305255429287e-15,2.2737367544323206e-13,2.2737367544323206e-13,2.5376526277146436e-15,2.2737367544323206e-13,ok
sample_002372,"(224, 2)","(224, 2)",0.0,0.0,0.0,0.0,0.0,7.434111506975985,25.80817118666102,25.858470565754594,1.3195793664116147e-14,2.2737367544323206e-13,2.2737367544323206e-13,6.597896832058073e-15,2.2737367544323206e-13,ok
sample_002373,"(224, 2)","(224, 2)",0.0,0.0,0.0,0.0,0.0,8.484173809576667,22.344990490040438,27.714770430223787,1.9286159970631292e-14,0.0,2.2737367544323206e-13,9.643079985315646e-15,2.2737367544323206e-13,ok
sample_002374,"(224, 2)","(224, 2)",0.0,0.0,0.0,0.0,0.0,7.335385758609563,15.172560759476212,25.248433614780904,1.6621624711530916e-14,5.684341886080802e-14,1.1368683772161603e-13,8.310812355765458e-15,1.1368683772161603e-13,ok
sample_002375,"(224, 2)","(224, 2)",0.0,0.0,0.0,0.0,0.0,7.177300846764944,0.0,28.000714276603833,0.0,0.0,0.0,0.0,0.0,ok
sample_002376,"(224, 2)","(224, 2)",0.0,0.0,0.0,0.0,0.0,12.821688599118733,7.21467948006014,27.756759537092897,1.986982007500566e-13,8.526512829121202e-13,1.1937117960769683e-12,9.93491003750283e-14,1.1937117960769683e-12,ok
sample_002377,"(224, 2)","(224, 2)",0.0,0.0,0.0,0.0,0.0,7.385094374306364,10.417725279541617,22.816927926432058,0.0,0.0,0.0,0.0,0.0,ok
sample_002378,"(224, 2)","(224, 2)",0.0,0.0,0.0,0.0,0.0,0.660295136703302,18.035135153361054,18.035135153361054,0.0,0.0,0.0,0.0,0.0,ok
sample_002379,"(224, 2)","(224, 2)",0.0,0.0,0.0,0.0,0.0,7.527189604954782,14.102145226879415,26.521327266937472,1.9286159970631292e-14,0.0,2.2737367544323206e-13,9.643079985315646e-15,2.2737367544323206e-13,ok
sample_002380,"(224, 2)","(224, 2)",0.0,0.0,0.0,0.0,0.0,8.476724535577143,20.176441708091126,20.98815141931267,2.0301221021717147e-15,0.0,1.1368683772161603e-13,1.0150610510858574e-15,1.1368683772161603e-13,ok
sample_002381,"(224, 2)","(224, 2)",0.0,0.0,0.0,0.0,0.0,11.161895565294662,9.5801931087009,30.553785362864637,6.216196435611664e-14,6.12222357532858e-13,6.12222357532858e-13,3.400454521137622e-14,5.684341886080801e-13,ok
sample_002382,"(224, 2)","(224, 2)",0.0,0.0,0.0,0.0,0.0,9.83018651913525,10.687773388316206,28.63822969388996,4.911801197167671e-14,2.799213746640164e-13,3.410605131648481e-13,2.7470089695011015e-14,3.410605131648481e-13,ok
sample_002383,"(224, 2)","(224, 2)",0.0,0.0,0.0,0.0,0.0,6.881626445328043,15.375044715382147,26.272466576246682,9.643079985315646e-15,0.0,2.2737367544323206e-13,4.821539992657823e-15,2.2737367544323206e-13,ok
sample_002384,"(224, 2)","(224, 2)",0.0,0.0,0.0,0.0,0.0,8.6379129845271,15.177565680964781,31.047152848530306,3.146689258366158e-14,1.7053025658242404e-13,3.410605131648481e-13,1.573344629183079e-14,3.410605131648481e-13,ok
sample_002385,"(224, 2)","(224, 2)",0.0,0.0,0.0,0.0,0.0,12.209904001910955,14.262878391124218,29.319694746023448,4.973799150320701e-14,0.0,3.410605131648481e-13,2.4868995751603507e-14,3.410605131648481e-13,ok
sample_002386,"(224, 2)","(224, 2)",0.0,0.0,0.0,0.0,0.0,7.67805919574053,15.330603380167389,26.536022686152595,0.0,0.0,0.0,0.0,0.0,ok
sample_002387,"(224, 2)","(224, 2)",0.0,0.0,0.0,0.0,0.0,10.495986068338652,8.946401511222243,29.934762400927756,4.31326363723972e-14,3.2155493553843715e-13,3.979039320256561e-13,2.2331343123888863e-14,3.979039320256561e-13,ok
sample_002388,"(224, 2)","(224, 2)",0.0,0.0,0.0,0.0,0.0,9.497764985391886,4.428317965097025,23.89735131766708,4.567774729886359e-15,0.0,1.1368683772161603e-13,2.2838873649431793e-15,1.1368683772161603e-13,ok
sample_002389,"(224, 2)","(224, 2)",0.0,0.0,0.0,0.0,0.0,8.619474398166279,0.0,24.1435747146108,0.0,0.0,0.0,0.0,0.0,ok
sample_002390,"(224, 2)","(224, 2)",0.0,0.0,0.0,0.0,0.0,8.513692959112536,3.610498580528705,24.077013934456193,2.0301221021717147e-15,0.0,5.684341886080802e-14,1.0150610510858574e-15,5.684341886080802e-14,ok
sample_002391,"(224, 2)","(224, 2)",0.0,0.0,0.0,0.0,0.0,10.949403792233879,11.85042193341661,22.688668978148417,1.0150610510858574e-15,0.0,1.1368683772161603e-13,5.075305255429287e-16,1.1368683772161603e-13,ok
sample_002392,"(224, 2)","(224, 2)",0.0,0.0,0.0,0.0,0.0,7.557368750947725,10.730689633010552,27.190016550197186,4.314009467114894e-15,2.2737367544323206e-13,2.2737367544323206e-13,2.157004733557447e-15,2.2737367544323206e-13,ok
sample_002393,"(224, 2)","(224, 2)",0.0,0.0,0.0,0.0,0.0,11.590216432924015,10.670299902064626,29.2003647237496,1.1390035168572224e-13,4.687428401686771e-13,4.687428401686771e-13,6.242625464178024e-14,4.547473508864641e-13,ok
sample_002394,"(224, 2)","(224, 2)",0.0,0.0,0.0,0.0,0.0,8.777070971137656,0.009999999999990905,23.78505833501362,1.9539925233402755e-14,1.1368683772161603e-13,1.1368683772161603e-13,9.769962616701378e-15,1.1368683772161603e-13,ok
sample_002395,"(224, 2)","(224, 2)",0.0,0.0,0.0,0.0,0.0,5.793941104535974,0.0,26.24923046491068,0.0,0.0,0.0,0.0,0.0,ok
sample_002396,"(224, 2)","(224, 2)",0.0,0.0,0.0,0.0,0.0,9.69354123844671,12.299825202010053,25.900166022634078,0.0,0.0,0.0,0.0,0.0,ok
sample_002397,"(224, 2)","(224, 2)",0.0,0.0,0.0,0.0,0.0,6.338929115469291,9.346935326619155,28.445934683184646,0.0,0.0,0.0,0.0,0.0,ok
sample_002398,"(224, 2)","(224, 2)",0.0,0.0,0.0,0.0,0.0,7.824414972846497,23.0856665487484,29.67086112670143,5.4305766233093374e-14,3.410605131648481e-13,3.410605131648481e-13,2.7152883116546687e-14,3.410605131648481e-13,ok
sample_002399,"(224, 2)","(224, 2)",0.0,0.0,0.0,0.0,0.0,8.597666209593681,12.300406497347879,26.921978010540034,1.522591576628786e-15,0.0,1.1368683772161603e-13,7.61295788314393e-16,1.1368683772161603e-13,ok
sample_002400,"(224, 2)","(224, 2)",0.0,0.0,0.0,0.0,0.0,8.206293884796244,25.475496069752918,26.131058149259772,0.0,0.0,0.0,0.0,0.0,ok
sample_002401,"(224, 2)","(224, 2)",0.0,0.0,0.0,0.0,0.0,0.17680983696371258,0.0,8.742230836577162,0.0,0.0,0.0,0.0,0.0,ok
sample_002402,"(224, 2)","(224, 2)",0.0,0.0,0.0,0.0,0.0,8.098964776521752,0.0,24.796939327263704,5.4305766233093374e-14,2.2737367544323206e-13,2.2737367544323206e-13,2.7152883116546687e-14,2.2737367544323206e-13,ok
sample_002403,"(224, 2)","(224, 2)",0.0,0.0,0.0,0.0,0.0,3.9866738346391024,0.029999999999972715,29.33414733719043,0.0,0.0,0.0,0.0,0.0,ok
sample_002404,"(224, 2)","(224, 2)",0.0,0.0,0.0,0.0,0.0,7.1236485029650884,11.847446982367186,26.49547131115052,0.0,0.0,0.0,0.0,0.0,ok
sample_002405,"(224, 2)","(224, 2)",0.0,0.0,0.0,0.0,0.0,12.501937886789658,21.044191597683195,32.03805393590574,2.5376526277146436e-15,0.0,1.1368683772161603e-13,1.2688263138573218e-15,1.1368683772161603e-13,ok
sample_002406,"(224, 2)","(224, 2)",0.0,0.0,0.0,0.0,0.0,10.133189279448985,0.0,22.259132957058394,1.4544228297651977e-14,2.2737367544323206e-13,3.2155493553843715e-13,7.866723145915395e-15,2.2737367544323206e-13,ok
sample_002407,"(224, 2)","(224, 2)",0.0,0.0,0.0,0.0,0.0,10.922148765965726,14.85786323802984,27.08644310351592,4.872293045212115e-14,0.0,4.547473508864641e-13,2.4361465226060576e-14,4.547473508864641e-13,ok
sample_002408,"(224, 2)","(224, 2)",0.0,0.0,0.0,0.0,0.0,0.6386350499817292,0.0,15.406651161105852,0.0,0.0,0.0,0.0,0.0,ok
sample_002409,"(224, 2)","(224, 2)",0.0,0.0,0.0,0.0,0.0,5.822627625531841,0.0,25.131822456797646,0.0,0.0,0.0,0.0,0.0,ok
sample_002410,"(224, 2)","(224, 2)",0.0,0.0,0.0,0.0,0.0,8.310654522034316,6.38117544030876,30.19315982138992,3.476584099969062e-14,5.684341886080802e-14,5.684341886080802e-14,1.738292049984531e-14,5.684341886080802e-14,ok
sample_002411,"(224, 2)","(224, 2)",0.0,0.0,0.0,0.0,0.0,11.119663784556355,30.481000639742664,31.420319858333688,0.0,0.0,0.0,0.0,0.0,ok
sample_002412,"(224, 2)","(224, 2)",0.0,0.0,0.0,0.0,0.0,8.697371121221005,0.0,28.662674334402237,3.9650822308041306e-17,0.0,3.552713678800501e-15,1.9825411154020653e-17,3.552713678800501e-15,ok
sample_002413,"(224, 2)","(224, 2)",0.0,0.0,0.0,0.0,0.0,11.635904837513948,24.541428238796502,32.008131779283936,8.452762299628246e-14,5.684341886080801e-13,6.252776074688882e-13,4.226381149814123e-14,6.252776074688882e-13,ok
sample_002414,"(224, 2)","(224, 2)",0.0,0.0,0.0,0.0,0.0,8.4152469982467,0.0,28.302178361391125,3.907985046680551e-14,0.0,1.1368683772161603e-13,1.9539925233402755e-14,1.1368683772161603e-13,ok
sample_002415,"(224, 2)","(224, 2)",0.0,0.0,0.0,0.0,0.0,9.445476576164728,25.88931246673047,26.332688810677787,0.0,0.0,0.0,0.0,0.0,ok
sample_002416,"(224, 2)","(224, 2)",0.0,0.0,0.0,0.0,0.0,8.012218574890658,0.0,24.725019716877878,1.5479681029059324e-14,5.684341886080802e-14,5.684341886080802e-14,7.739840514529662e-15,5.684341886080802e-14,ok
sample_002417,"(224, 2)","(224, 2)",0.0,0.0,0.0,0.0,0.0,8.335377517819612,13.852544892545843,31.438761107906416,2.0301221021717147e-15,0.0,1.1368683772161603e-13,1.0150610510858574e-15,1.1368683772161603e-13,ok
sample_002418,"(224, 2)","(224, 2)",0.0,0.0,0.0,0.0,0.0,11.022300858952221,0.014142135623718088,30.245055794294803,1.3754077242213368e-13,0.0,7.958078640513122e-13,6.877038621106684e-14,7.958078640513122e-13,ok
sample_002419,"(224, 2)","(224, 2)",0.0,0.0,0.0,0.0,0.0,8.456095757717474,6.7504148020696775,25.248984137980642,0.0,0.0,0.0,0.0,0.0,ok
sample_002420,"(224, 2)","(224, 2)",0.0,0.0,0.0,0.0,0.0,8.398668115091231,11.75459484627191,23.50319127267608,2.0301221021717147e-15,0.0,1.1368683772161603e-13,1.0150610510858574e-15,1.1368683772161603e-13,ok
sample_002421,"(224, 2)","(224, 2)",0.0,0.0,0.0,0.0,0.0,9.187131382984862,0.643272881442876,25.36865979905134,1.2688263138573218e-15,0.0,5.684341886080802e-14,6.344131569286609e-16,5.684341886080802e-14,ok
sample_002422,"(224, 2)","(224, 2)",0.0,0.0,0.0,0.0,0.0,8.324013385461074,13.253784365229235,25.91882713395792,1.0556634931292917e-13,2.2737367544323206e-13,2.2737367544323206e-13,5.278317465646459e-14,2.2737367544323206e-13,ok
sample_002423,"(224, 2)","(224, 2)",0.0,0.0,0.0,0.0,0.0,8.358594374646467,0.0,25.036461411309702,0.0,0.0,0.0,0.0,0.0,ok
sample_002424,"(224, 2)","(224, 2)",0.0,0.0,0.0,0.0,0.0,11.385717717089522,2.8045142181847464,28.274074697503178,1.502290355607069e-13,4.547473508864641e-13,5.684341886080801e-13,7.511451778035345e-14,5.684341886080801e-13,ok
sample_002425,"(224, 2)","(224, 2)",0.0,0.0,0.0,0.0,0.0,8.324620175943467,0.04123105625635969,28.52332729539106,2.0047455758945685e-14,2.2737367544323206e-13,2.2737367544323206e-13,1.0023727879472843e-14,2.2737367544323206e-13,ok
sample_002426,"(224, 2)","(224, 2)",0.0,0.0,0.0,0.0,0.0,7.218675549075824,20.460803992023326,23.416340448498794,7.105427357601002e-15,1.1368683772161603e-13,1.1368683772161603e-13,3.552713678800501e-15,1.1368683772161603e-13,ok
sample_002427,"(224, 2)","(224, 2)",0.0,0.0,0.0,0.0,0.0,9.368033380704357,26.776357108464214,27.521309925219768,6.344131569286609e-16,0.0,2.842170943040401e-14,3.1720657846433045e-16,2.842170943040401e-14,ok
sample_002428,"(224, 2)","(224, 2)",0.0,0.0,0.0,0.0,0.0,11.341759476127951,17.382235184233284,26.52776093076835,2.9674026102003346e-14,0.0,3.410605131648481e-13,1.573344629183079e-14,3.410605131648481e-13,ok
sample_002429,"(224, 2)","(224, 2)",0.0,0.0,0.0,0.0,0.0,16.2923419084352,6.746035873014585,31.79382644476748,1.6334427552241876e-13,9.927276321703277e-13,1.1036995510350834e-12,9.712865432577798e-14,9.094947017729282e-13,ok
sample_002430,"(224, 2)","(224, 2)",0.0,0.0,0.0,0.0,0.0,7.887982714564255,4.6102602963389705,24.011191140799248,6.496390726949487e-14,2.2737367544323206e-13,2.2737367544323206e-13,3.2481953634747435e-14,2.2737367544323206e-13,ok
sample_002431,"(224, 2)","(224, 2)",0.0,0.0,0.0,0.0,0.0,9.453577309405022,8.334518582377726,25.102880312824574,0.0,0.0,0.0,0.0,0.0,ok
sample_002432,"(224, 2)","(224, 2)",0.0,0.0,0.0,0.0,0.0,10.832593170863356,13.338972973958553,26.67089049881927,6.19187241162373e-14,0.0,2.2737367544323206e-13,3.095936205811865e-14,2.2737367544323206e-13,ok
sample_002433,"(224, 2)","(224, 2)",0.0,0.0,0.0,0.0,0.0,7.627624786306592,11.71235672270963,23.80138861495275,0.0,0.0,0.0,0.0,0.0,ok
sample_002434,"(224, 2)","(224, 2)",0.0,0.0,0.0,0.0,0.0,10.817283408142904,12.788842793622848,26.065720784202373,7.562204830589637e-14,3.410605131648481e-13,5.684341886080801e-13,3.7811024152948187e-14,5.684341886080801e-13,ok
sample_002435,"(224, 2)","(224, 2)",0.0,0.0,0.0,0.0,0.0,8.095791631643175,0.0,27.040802502884386,5.725578741281164e-15,0.0,5.684341886080802e-14,2.862789370640582e-15,5.684341886080802e-14,ok
sample_002436,"(224, 2)","(224, 2)",0.0,0.0,0.0,0.0,0.0,8.471197987166446,13.604811648825022,26.47471624021695,5.075305255429287e-16,0.0,1.1368683772161603e-13,2.5376526277146434e-16,1.1368683772161603e-13,ok
sample_002437,"(224, 2)","(224, 2)",0.0,0.0,0.0,0.0,0.0,12.842365582934544,18.20185704811461,29.029242153387358,9.761290495994517e-14,6.042538309847401e-13,7.56786389257192e-13,6.045957385530138e-14,6.821210263296962e-13,ok
sample_002438,"(224, 2)","(224, 2)",0.0,0.0,0.0,0.0,0.0,7.262075364984022,6.701193923473636,31.713966954640174,9.643079985315646e-15,3.410605131648481e-13,3.410605131648481e-13,4.821539992657823e-15,3.410605131648481e-13,ok
sample_002439,"(224, 2)","(224, 2)",0.0,0.0,0.0,0.0,0.0,7.929996621013321,9.021718239892179,27.52317205556087,0.0,0.0,0.0,0.0,0.0,ok
sample_002440,"(224, 2)","(224, 2)",0.0,0.0,0.0,0.0,0.0,8.062683093929154,0.0,26.349483865912738,0.0,0.0,0.0,0.0,0.0,ok
sample_002441,"(224, 2)","(224, 2)",0.0,0.0,0.0,0.0,0.0,9.981855525378498,25.805660231817455,26.58484530705423,4.77078694010353e-14,4.547473508864641e-13,4.547473508864641e-13,2.385393470051765e-14,4.547473508864641e-13,ok
sample_002442,"(224, 2)","(224, 2)",0.0,0.0,0.0,0.0,0.0,9.190804525103752,0.0,29.050056798567606,3.907985046680551e-14,0.0,1.1368683772161603e-13,1.9539925233402755e-14,1.1368683772161603e-13,ok
sample_002443,"(224, 2)","(224, 2)",0.0,0.0,0.0,0.0,0.0,8.305247409124117,0.0,27.917163179664236,0.0,0.0,0.0,0.0,0.0,ok
sample_002444,"(224, 2)","(224, 2)",0.0,0.0,0.0,0.0,0.0,6.270605091912913,0.0,26.09715118552217,0.0,0.0,0.0,0.0,0.0,ok
sample_002445,"(224, 2)","(224, 2)",0.0,0.0,0.0,0.0,0.0,7.702002668891159,11.642078852163777,27.056941807972144,3.2355071003361707e-14,0.0,1.1368683772161603e-13,1.6177535501680853e-14,1.1368683772161603e-13,ok
sample_002446,"(224, 2)","(224, 2)",0.0,0.0,0.0,0.0,0.0,6.573780491143651,0.0,28.687657624839257,0.0,0.0,0.0,0.0,0.0,ok
sample_002447,"(224, 2)","(224, 2)",0.0,0.0,0.0,0.0,0.0,7.617007848904525,7.354359251491639,23.359531245296804,5.075305255429287e-16,0.0,5.684341886080802e-14,2.5376526277146434e-16,5.684341886080802e-14,ok
sample_002448,"(224, 2)","(224, 2)",0.0,0.0,0.0,0.0,0.0,5.655420198678343,0.0,26.74230543539589,0.0,0.0,0.0,0.0,0.0,ok
sample_002449,"(224, 2)","(224, 2)",0.0,0.0,0.0,0.0,0.0,9.813986464363284,3.534119409414499,27.707738991119417,1.4337737346587735e-14,0.0,5.684341886080802e-14,7.168868673293868e-15,5.684341886080802e-14,ok
sample_002450,"(224, 2)","(224, 2)",0.0,0.0,0.0,0.0,0.0,11.15126276290979,21.6509976675442,21.921553320875674,6.838973831690964e-13,1.1368683772161603e-12,1.9326762412674725e-12,3.419486915845482e-13,1.9326762412674725e-12,ok
sample_002451,"(224, 2)","(224, 2)",0.0,0.0,0.0,0.0,0.0,7.84518179419827,18.91188250809529,23.089272400835874,0.0,0.0,0.0,0.0,0.0,ok
sample_002452,"(224, 2)","(224, 2)",0.0,0.0,0.0,0.0,0.0,9.249150657671114,15.377532311785252,26.4817087817233,8.577265881675495e-14,5.115907697472721e-13,6.821210263296962e-13,4.2886329408377475e-14,6.821210263296962e-13,ok
sample_002453,"(224, 2)","(224, 2)",0.0,0.0,0.0,0.0,0.0,8.074518261863862,12.414451256499456,27.106355343350717,0.0,0.0,0.0,0.0,0.0,ok
sample_002454,"(224, 2)","(224, 2)",0.0,0.0,0.0,0.0,0.0,9.617513799326957,24.527739398485057,24.948414779300084,2.4361465226060576e-14,0.0,2.2737367544323206e-13,1.2180732613030288e-14,2.2737367544323206e-13,ok
sample_002455,"(224, 2)","(224, 2)",0.0,0.0,0.0,0.0,0.0,8.816808043940105,9.619693342305608,31.028801137008053,0.0,0.0,0.0,0.0,0.0,ok
sample_002456,"(224, 2)","(224, 2)",0.0,0.0,0.0,0.0,0.0,9.356488747649214,21.978873947497828,28.024455391675314,1.684405911598462e-14,2.842170943040401e-14,2.2914314707516465e-13,8.707320578845871e-15,2.2737367544323206e-13,ok
sample_002457,"(224, 2)","(224, 2)",0.0,0.0,0.0,0.0,0.0,7.957910351664241,21.049030856550146,26.772420510667235,0.0,0.0,0.0,0.0,0.0,ok
sample_002458,"(224, 2)","(224, 2)",0.0,0.0,0.0,0.0,0.0,7.552978460420937,11.040113224056983,23.97326844633414,2.0808751547260076e-14,1.1368683772161603e-13,1.1368683772161603e-13,1.0404375773630038e-14,1.1368683772161603e-13,ok
sample_002459,"(224, 2)","(224, 2)",0.0,0.0,0.0,0.0,0.0,9.062125127006462,11.480043553924487,28.012791720926426,1.2180732613030288e-14,2.2737367544323206e-13,2.2737367544323206e-13,6.090366306515144e-15,2.2737367544323206e-13,ok
sample_002460,"(224, 2)","(224, 2)",0.0,0.0,0.0,0.0,0.0,7.878219848792649,8.513501042461835,28.88010041533785,0.0,0.0,0.0,0.0,0.0,ok
sample_002461,"(224, 2)","(224, 2)",0.0,0.0,0.0,0.0,0.0,5.674319523674069,4.502910170100983,24.44639237188185,0.0,0.0,0.0,0.0,0.0,ok
sample_002462,"(224, 2)","(224, 2)",0.0,0.0,0.0,0.0,0.0,8.797781817677064,9.756228779605358,22.191683126793308,7.739840514529662e-15,0.0,1.1368683772161603e-13,3.869920257264831e-15,1.1368683772161603e-13,ok
sample_002463,"(224, 2)","(224, 2)",0.0,0.0,0.0,0.0,0.0,6.977985844256337,17.27709466316603,30.66538276297884,5.582835780972216e-15,2.2737367544323206e-13,2.2737367544323206e-13,2.791417890486108e-15,2.2737367544323206e-13,ok
sample_002464,"(224, 2)","(224, 2)",0.0,0.0,0.0,0.0,0.0,7.014993667452596,0.0,27.629332239487955,0.0,0.0,0.0,0.0,0.0,ok
sample_002465,"(224, 2)","(224, 2)",0.0,0.0,0.0,0.0,0.0,6.857466931138593,15.132283370331114,24.2339431376736,5.582835780972216e-15,1.1368683772161603e-13,2.2737367544323206e-13,2.791417890486108e-15,2.2737367544323206e-13,ok
sample_002466,"(224, 2)","(224, 2)",0.0,0.0,0.0,0.0,0.0,6.089079355795419,12.071259254941033,23.644449665830702,3.806478941571965e-15,5.684341886080802e-14,1.1368683772161603e-13,1.9032394707859826e-15,1.1368683772161603e-13,ok
sample_002467,"(224, 2)","(224, 2)",0.0,0.0,0.0,0.0,0.0,7.100765453625421,5.993413051008481,27.21364731159726,0.0,0.0,0.0,0.0,0.0,ok
sample_002468,"(224, 2)","(224, 2)",0.0,0.0,0.0,0.0,0.0,10.580167616069767,19.181501505356678,29.20578367378616,2.5690667232831604e-13,7.626344918775623e-13,9.094947017729282e-13,1.3297299769224733e-13,9.094947017729282e-13,ok
sample_002469,"(224, 2)","(224, 2)",0.0,0.0,0.0,0.0,0.0,12.612946645208382,22.96426136412841,28.30484940783121,7.181556936432442e-14,2.2737367544323206e-13,6.821210263296962e-13,3.590778468216221e-14,6.821210263296962e-13,ok
sample_002470,"(224, 2)","(224, 2)",0.0,0.0,0.0,0.0,0.0,8.918988637958568,22.602853802119824,30.387900552687118,0.0,0.0,0.0,0.0,0.0,ok
sample_002471,"(224, 2)","(224, 2)",0.0,0.0,0.0,0.0,0.0,12.102647392915648,3.9923551946187903,25.605819651009032,1.3990093225598794e-13,3.410605131648481e-13,6.821210263296962e-13,7.029297778769562e-14,6.821210263296962e-13,ok
sample_002472,"(224, 2)","(224, 2)",0.0,0.0,0.0,0.0,0.0,9.83684187517521,10.135704218257239,28.1044142440295,3.1720657846433046e-15,0.0,2.842170943040401e-14,1.5860328923216523e-15,2.842170943040401e-14,ok
sample_002473,"(224, 2)","(224, 2)",0.0,0.0,0.0,0.0,0.0,7.560399759581538,0.0,23.206440916262867,1.9286159970631292e-14,2.2737367544323206e-13,2.2737367544323206e-13,9.643079985315646e-15,2.2737367544323206e-13,ok
sample_002474,"(224, 2)","(224, 2)",0.0,0.0,0.0,0.0,0.0,16.29636607109232,17.93970456835904,30.645810480390256,3.417069344987186e-13,1.2061659148186518e-12,1.2061659148186518e-12,1.9178309733953417e-13,1.1368683772161603e-12,ok
sample_002475,"(224, 2)","(224, 2)",0.0,0.0,0.0,0.0,0.0,9.647112512179705,0.05099019513593721,25.966580444872015,3.679596310186233e-14,2.8421709430404007e-13,3.410605131648481e-13,1.8397981550931166e-14,3.410605131648481e-13,ok
sample_002476,"(224, 2)","(224, 2)",0.0,0.0,0.0,0.0,0.0,7.362830174875134,4.018420087546892,24.04559003226993,2.4361465226060576e-14,0.0,1.1368683772161603e-13,1.2180732613030288e-14,1.1368683772161603e-13,ok
sample_002477,"(224, 2)","(224, 2)",0.0,0.0,0.0,0.0,0.0,15.39667796573865,0.2716615541441014,27.315162456042568,3.727313708692939e-14,2.5421149729252077e-13,3.410605131648481e-13,1.9857131811867086e-14,3.410605131648481e-13,ok
sample_002478,"(224, 2)","(224, 2)",0.0,0.0,0.0,0.0,0.0,8.95462862312232,4.19620066250408,28.19990248210073,0.0,0.0,0.0,0.0,0.0,ok
sample_002479,"(224, 2)","(224, 2)",0.0,0.0,0.0,0.0,0.0,7.044766945858519,0.009999999999990905,19.189382480945035,3.045183153257572e-15,0.0,1.1368683772161603e-13,1.522591576628786e-15,1.1368683772161603e-13,ok
sample_002480,"(224, 2)","(224, 2)",0.0,0.0,0.0,0.0,0.0,10.781414563840217,27.70395278656107,29.459193811100725,1.7256037868459575e-14,0.0,2.2737367544323206e-13,8.628018934229787e-15,2.2737367544323206e-13,ok
sample_002481,"(224, 2)","(224, 2)",0.0,0.0,0.0,0.0,0.0,8.60880524779051,26.870989933383502,27.210384047271504,0.0,0.0,0.0,0.0,0.0,ok
sample_002482,"(224, 2)","(224, 2)",0.0,0.0,0.0,0.0,0.0,12.426702765838254,12.770880940639923,27.744667956203635,9.15538776678702e-13,1.8189894035458565e-12,2.0463630789890885e-12,4.596957735105077e-13,2.0463630789890885e-12,ok
sample_002483,"(224, 2)","(224, 2)",0.0,0.0,0.0,0.0,0.0,6.712582924477571,23.722752791360456,27.556024749589795,0.0,0.0,0.0,0.0,0.0,ok
sample_002484,"(224, 2)","(224, 2)",0.0,0.0,0.0,0.0,0.0,8.352181433987244,19.869919476434873,28.297217177666116,1.4718385240744934e-14,0.0,5.684341886080802e-14,7.359192620372467e-15,5.684341886080802e-14,ok
sample_002485,"(224, 2)","(224, 2)",0.0,0.0,0.0,0.0,0.0,10.011309984694446,0.02236067977497756,25.633292804475847,5.697030149219374e-14,2.2737367544323206e-13,2.2737367544323206e-13,2.848515074609687e-14,2.2737367544323206e-13,ok
sample_002486,"(224, 2)","(224, 2)",0.0,0.0,0.0,0.0,0.0,9.416439540051618,1.0728000745709514,25.038396514153987,1.7256037868459575e-14,0.0,2.2737367544323206e-13,8.628018934229787e-15,2.2737367544323206e-13,ok
sample_002487,"(224, 2)","(224, 2)",0.0,0.0,0.0,0.0,0.0,8.40050060198454,14.66184163057275,26.15932911983785,0.0,0.0,0.0,0.0,0.0,ok
sample_002488,"(224, 2)","(224, 2)",0.0,0.0,0.0,0.0,0.0,9.353121498017815,2.4005416055547926,28.281131519088888,2.0301221021717147e-15,0.0,1.1368683772161603e-13,1.0150610510858574e-15,1.1368683772161603e-13,ok
sample_002489,"(224, 2)","(224, 2)",0.0,0.0,0.0,0.0,0.0,7.831298277367315,0.0,25.17347810692838,0.0,0.0,0.0,0.0,0.0,ok
sample_002490,"(224, 2)","(224, 2)",0.0,0.0,0.0,0.0,0.0,8.041594269876459,0.0,27.725051848463572,0.0,0.0,0.0,0.0,0.0,ok
sample_002491,"(224, 2)","(224, 2)",0.0,0.0,0.0,0.0,0.0,9.401754246715358,6.006529780164251,24.261230389244364,2.7438369037164585e-13,7.389644451905042e-13,7.815970093361102e-13,1.3719184518582292e-13,7.815970093361102e-13,ok
sample_002492,"(224, 2)","(224, 2)",0.0,0.0,0.0,0.0,0.0,9.652382997190257,0.0,27.269107062755136,3.045183153257572e-15,0.0,1.1368683772161603e-13,1.522591576628786e-15,1.1368683772161603e-13,ok
sample_002493,"(224, 2)","(224, 2)",0.0,0.0,0.0,0.0,0.0,9.756062158682965,0.0,28.264366258594894,6.090366306515144e-15,0.0,5.684341886080802e-14,3.045183153257572e-15,5.684341886080802e-14,ok
sample_002494,"(224, 2)","(224, 2)",0.0,0.0,0.0,0.0,0.0,10.10280836778252,24.82585748770825,25.051997924317277,8.931784204998506e-14,1.1368683772161603e-13,2.5421149729252077e-13,4.8405723873656825e-14,2.2737367544323206e-13,ok
sample_002495,"(224, 2)","(224, 2)",0.0,0.0,0.0,0.0,0.0,10.18679736488373,0.0,32.355259232464846,1.766206228889392e-13,5.684341886080801e-13,9.094947017729282e-13,8.83103114444696e-14,9.094947017729282e-13,ok
sample_002496,"(224, 2)","(224, 2)",0.0,0.0,0.0,0.0,0.0,9.36626574308085,7.950710660060621,27.464815673876295,2.2585108386660326e-14,0.0,1.1368683772161603e-13,1.1292554193330163e-14,1.1368683772161603e-13,ok
sample_002497,"(224, 2)","(224, 2)",0.0,0.0,0.0,0.0,0.0,8.583262454200103,0.0,28.814690697628365,8.628018934229787e-15,0.0,5.684341886080802e-14,4.314009467114894e-15,5.684341886080802e-14,ok
sample_002498,"(224, 2)","(224, 2)",0.0,0.0,0.0,0.0,0.0,9.255356932029766,9.741093367789805,23.30654843600842,0.0,0.0,0.0,0.0,0.0,ok
sample_002499,"(224, 2)","(224, 2)",0.0,0.0,0.0,0.0,0.0,9.08842865314834,2.006913052426545,32.077962840554505,1.573344629183079e-14,0.0,2.2737367544323206e-13,7.866723145915395e-15,2.2737367544323206e-13,ok
sample_002500,"(224, 2)","(224, 2)",0.0,0.0,0.0,0.0,0.0,9.378775124342331,3.6968770604388794,28.140007107319647,7.016609515630989e-14,2.2737367544323206e-13,2.2737367544323206e-13,3.5083047578154947e-14,2.2737367544323206e-13,ok
sample_002501,"(224, 2)","(224, 2)",0.0,0.0,0.0,0.0,0.0,10.479621311946763,17.32665287930705,28.96855709213013,4.136373783174869e-14,0.0,3.410605131648481e-13,2.0681868915874344e-14,3.410605131648481e-13,ok
sample_002502,"(224, 2)","(224, 2)",0.0,0.0,0.0,0.0,0.0,8.195525661705526,5.790069084216533,25.220773184024278,9.135549459772717e-15,0.0,1.1368683772161603e-13,4.567774729886359e-15,1.1368683772161603e-13,ok
sample_002503,"(224, 2)","(224, 2)",0.0,0.0,0.0,0.0,0.0,7.562452639189047,4.224559148597735,23.98908501798268,4.4535803616391996e-14,5.684341886080802e-14,1.1368683772161603e-13,2.2267901808195998e-14,1.1368683772161603e-13,ok
sample_002504,"(224, 2)","(224, 2)",0.0,0.0,0.0,0.0,0.0,15.528527935566972,15.0193541805232,23.25980223475706,1.1027487554241046e-13,8.32033104433347e-13,8.601970165740088e-13,5.6082123072493625e-14,8.526512829121202e-13,ok
sample_002505,"(224, 2)","(224, 2)",0.0,0.0,0.0,0.0,0.0,12.523400419430605,0.03999999999996362,27.43029711833221,1.1419436824715897e-13,7.958078640513122e-13,1.0231815394945443e-12,5.709718412357948e-14,1.0231815394945443e-12,ok
sample_002506,"(224, 2)","(224, 2)",0.0,0.0,0.0,0.0,0.0,10.15839315913399,9.842001828896331,25.03228315595703,0.0,0.0,0.0,0.0,0.0,ok
sample_002507,"(224, 2)","(224, 2)",0.0,0.0,0.0,0.0,0.0,10.809894934656143,10.260964866911872,28.351694834700833,8.762831730077129e-15,0.0,1.1368683772161603e-13,4.381415865038564e-15,1.1368683772161603e-13,ok
sample_002508,"(224, 2)","(224, 2)",0.0,0.0,0.0,0.0,0.0,7.660595892126193,5.505533579953926,25.945899483347993,0.0,0.0,0.0,0.0,0.0,ok
sample_002509,"(224, 2)","(224, 2)",0.0,0.0,0.0,0.0,0.0,10.157334163843299,7.538832800904894,22.421563281805163,1.6240976817373718e-14,2.2737367544323206e-13,2.2737367544323206e-13,8.120488408686859e-15,2.2737367544323206e-13,ok
sample_002510,"(224, 2)","(224, 2)",0.0,0.0,0.0,0.0,0.0,8.047818744473402,6.379631650808868,21.033178551992442,2.2331343123888863e-14,0.0,1.1368683772161603e-13,1.1165671561944431e-14,1.1368683772161603e-13,ok
sample_002511,"(224, 2)","(224, 2)",0.0,0.0,0.0,0.0,0.0,7.923990418226723,0.12369316876841732,28.47081488120762,0.0,0.0,0.0,0.0,0.0,ok
sample_002512,"(224, 2)","(224, 2)",0.0,0.0,0.0,0.0,0.0,9.354045512873572,13.028219371809762,27.02350458397276,5.075305255429287e-16,0.0,2.842170943040401e-14,2.5376526277146434e-16,2.842170943040401e-14,ok
sample_002513,"(224, 2)","(224, 2)",0.0,0.0,0.0,0.0,0.0,7.4650143504622735,9.557614765201592,27.439143572640806,0.0,0.0,0.0,0.0,0.0,ok
sample_002514,"(224, 2)","(224, 2)",0.0,0.0,0.0,0.0,0.0,7.547262024537174,11.363700981634514,27.030702913538903,0.0,0.0,0.0,0.0,0.0,ok
sample_002515,"(224, 2)","(224, 2)",0.0,0.0,0.0,0.0,0.0,8.97414502657748,4.528321985018142,28.25950636511551,1.1895246692412391e-17,0.0,1.7763568394002505e-15,5.9476233462061954e-18,1.7763568394002505e-15,ok
sample_002516,"(224, 2)","(224, 2)",0.0,0.0,0.0,0.0,0.0,5.648031414059289,0.0,29.153039292670677,0.0,0.0,0.0,0.0,0.0,ok
sample_002517,"(224, 2)","(224, 2)",0.0,0.0,0.0,0.0,0.0,10.736616983251043,0.009999999999990905,24.795057975330455,5.83660104374368e-15,2.2737367544323206e-13,2.2737367544323206e-13,2.91830052187184e-15,2.2737367544323206e-13,ok
sample_002518,"(224, 2)","(224, 2)",0.0,0.0,0.0,0.0,0.0,7.734616284076473,6.161168720299844,28.577097473326425,5.075305255429287e-16,0.0,1.1368683772161603e-13,2.5376526277146434e-16,1.1368683772161603e-13,ok
sample_002519,"(224, 2)","(224, 2)",0.0,0.0,0.0,0.0,0.0,7.70798047607071,5.285697683371574,24.562296309587996,6.039613253960852e-14,2.2737367544323206e-13,4.547473508864641e-13,3.019806626980426e-14,4.547473508864641e-13,ok
sample_002520,"(224, 2)","(224, 2)",0.0,0.0,0.0,0.0,0.0,4.088022185847923,14.468206523270254,23.242461143347096,0.0,0.0,0.0,0.0,0.0,ok
sample_002521,"(224, 2)","(224, 2)",0.0,0.0,0.0,0.0,0.0,7.7274692062548365,14.948364459030232,24.71307750969108,9.389314722544181e-15,5.684341886080802e-14,2.8421709430404007e-13,4.6946573612720904e-15,2.8421709430404007e-13,ok
sample_002522,"(224, 2)","(224, 2)",0.0,0.0,0.0,0.0,0.0,9.329934914713906,17.629013018317238,28.439207091619092,9.135549459772717e-15,0.0,1.1368683772161603e-13,4.567774729886359e-15,1.1368683772161603e-13,ok
sample_002523,"(224, 2)","(224, 2)",0.0,0.0,0.0,0.0,0.0,7.141734397535805,17.250788387781014,32.4270041786164,6.918610412706925e-15,2.2914314707516465e-13,2.2914314707516465e-13,4.123685520036296e-15,2.2737367544323206e-13,ok
sample_002524,"(224, 2)","(224, 2)",0.0,0.0,0.0,0.0,0.0,9.353181112432013,25.84470932318639,28.13347650042575,1.0969003483296547e-13,2.2737367544323206e-13,2.2737367544323206e-13,5.484501741648273e-14,2.2737367544323206e-13,ok
sample_002525,"(224, 2)","(224, 2)",0.0,0.0,0.0,0.0,0.0,7.860855317957317,6.446588244955778,25.584450355635905,1.522591576628786e-15,0.0,1.1368683772161603e-13,7.61295788314393e-16,1.1368683772161603e-13,ok
sample_002526,"(224, 2)","(224, 2)",0.0,0.0,0.0,0.0,0.0,7.874304353288458,22.265331796314918,23.60498464307907,1.2688263138573218e-15,0.0,5.684341886080802e-14,6.344131569286609e-16,5.684341886080802e-14,ok
sample_002527,"(224, 2)","(224, 2)",0.0,0.0,0.0,0.0,0.0,7.619534890332835,10.905943333797266,30.604452290475685,2.164617691440591e-13,9.663381206337363e-13,1.0800249583553523e-12,1.0823088457202955e-13,1.0800249583553523e-12,ok
sample_002528,"(224, 2)","(224, 2)",0.0,0.0,0.0,0.0,0.0,10.660294619638988,27.14163222799982,28.51495747848836,1.096265935172726e-13,5.684341886080801e-13,6.252776074688882e-13,5.48132967586363e-14,6.252776074688882e-13,ok
sample_002529,"(224, 2)","(224, 2)",0.0,0.0,0.0,0.0,0.0,10.03088510987143,12.351752912036416,24.482749028652837,3.583165510333077e-13,9.947598300641403e-13,1.1937117960769683e-12,1.7915827551665384e-13,1.1937117960769683e-12,ok
sample_002530,"(224, 2)","(224, 2)",0.0,0.0,0.0,0.0,0.0,10.40906788768206,0.0,28.671048114779538,1.4972150503516397e-14,0.0,2.2737367544323206e-13,7.486075251758199e-15,2.2737367544323206e-13,ok
sample_002531,"(224, 2)","(224, 2)",0.0,0.0,0.0,0.0,0.0,8.737372413749442,0.0,29.220658787919085,0.0,0.0,0.0,0.0,0.0,ok
sample_002532,"(224, 2)","(224, 2)",0.0,0.0,0.0,0.0,0.0,7.758853452792813,0.0,26.793211826878878,2.2331343123888863e-14,0.0,1.1368683772161603e-13,1.1165671561944431e-14,1.1368683772161603e-13,ok
sample_002533,"(224, 2)","(224, 2)",0.0,0.0,0.0,0.0,0.0,8.426019334894082,7.898639123292018,31.21461516661705,3.045183153257572e-15,0.0,1.1368683772161603e-13,1.522591576628786e-15,1.1368683772161603e-13,ok
sample_002534,"(224, 2)","(224, 2)",0.0,0.0,0.0,0.0,0.0,13.346157150939728,27.595079271493265,28.607511251417854,1.4210854715202004e-14,0.0,2.2737367544323206e-13,7.105427357601002e-15,2.2737367544323206e-13,ok
sample_002535,"(224, 2)","(224, 2)",0.0,0.0,0.0,0.0,0.0,12.804670685387967,0.0,29.26815504947308,1.3296360216688494e-13,5.084229945850415e-13,6.12222357532858e-13,7.714463988252517e-14,5.684341886080801e-13,ok
sample_002536,"(224, 2)","(224, 2)",0.0,0.0,0.0,0.0,0.0,10.195404298788702,3.7850495373242583,28.64888304978057,1.0150610510858574e-14,0.0,2.2737367544323206e-13,5.075305255429287e-15,2.2737367544323206e-13,ok
sample_002537,"(224, 2)","(224, 2)",0.0,0.0,0.0,0.0,0.0,15.005986239383466,15.788565482652396,26.080069018313544,1.2641708894872668e-13,9.165725883006586e-13,9.927276321703277e-13,6.750155989720952e-14,9.663381206337363e-13,ok
sample_002538,"(224, 2)","(224, 2)",0.0,0.0,0.0,0.0,0.0,12.722353213149475,0.0,26.205056763914705,1.2743181513903443e-13,5.684341886080801e-13,5.796914039811764e-13,7.892099672192542e-14,5.684341886080801e-13,ok
sample_002539,"(224, 2)","(224, 2)",0.0,0.0,0.0,0.0,0.0,7.3312580399389855,10.275271285956388,29.68003032343457,0.0,0.0,0.0,0.0,0.0,ok
sample_002540,"(224, 2)","(224, 2)",0.0,0.0,0.0,0.0,0.0,8.196604810884176,10.380645451993827,22.910034919222767,0.0,0.0,0.0,0.0,0.0,ok
sample_002541,"(224, 2)","(224, 2)",0.0,0.0,0.0,0.0,0.0,15.852444323166038,7.313938747350788,24.675504047536705,1.0604487125620849e-13,5.914174621092574e-13,6.821210263296962e-13,5.811224517466534e-14,6.821210263296962e-13,ok
sample_002542,"(224, 2)","(224, 2)",0.0,0.0,0.0,0.0,0.0,8.339099706006886,14.740573258866213,24.86214994725905,5.2529409393693124e-14,3.410605131648481e-13,5.684341886080801e-13,2.6264704696846562e-14,5.684341886080801e-13,ok
sample_002543,"(224, 2)","(224, 2)",0.0,0.0,0.0,0.0,0.0,2.9131427797867424,0.0,23.336634290317086,0.0,0.0,0.0,0.0,0.0,ok
sample_002544,"(224, 2)","(224, 2)",0.0,0.0,0.0,0.0,0.0,9.651451432903501,12.810308349138149,25.14218765342426,3.806478941571965e-16,0.0,2.842170943040401e-14,1.9032394707859825e-16,2.842170943040401e-14,ok
sample_002545,"(224, 2)","(224, 2)",0.0,0.0,0.0,0.0,0.0,13.179216665737172,4.732737051643576,32.691768076994514,2.5021254909266386e-13,1.0231815394945443e-12,1.3642420526593924e-12,1.2510627454633193e-13,1.3642420526593924e-12,ok
sample_002546,"(224, 2)","(224, 2)",0.0,0.0,0.0,0.0,0.0,9.586461545617535,9.020875788968477,27.337273090050473,0.0,0.0,0.0,0.0,0.0,ok
sample_002547,"(224, 2)","(224, 2)",0.0,0.0,0.0,0.0,0.0,13.46476960066033,17.100105262833903,24.409311747773643,1.4519136946172648e-13,5.542233338928781e-13,6.635114874557503e-13,8.436108954258868e-14,6.536993168992922e-13,ok
sample_002548,"(224, 2)","(224, 2)",0.0,0.0,0.0,0.0,0.0,2.7916925015623515,0.0,23.81325891179116,0.0,0.0,0.0,0.0,0.0,ok
sample_002549,"(224, 2)","(224, 2)",0.0,0.0,0.0,0.0,0.0,10.106768645904273,8.316357375678312,25.467822835884547,5.024552202874994e-14,4.547473508864641e-13,5.684341886080801e-13,2.512276101437497e-14,5.684341886080801e-13,ok
sample_002550,"(224, 2)","(224, 2)",0.0,0.0,0.0,0.0,0.0,8.267818039858472,17.306929248136395,25.664171523740972,2.5376526277146434e-16,0.0,5.684341886080802e-14,1.2688263138573217e-16,5.684341886080802e-14,ok
sample_002551,"(224, 2)","(224, 2)",0.0,0.0,0.0,0.0,0.0,2.7838193876155883,0.0,25.807882516781458,0.0,0.0,0.0,0.0,0.0,ok
sample_002552,"(224, 2)","(224, 2)",0.0,0.0,0.0,0.0,0.0,10.813067778371217,0.0,24.13218804833077,8.881784197001252e-16,0.0,5.684341886080802e-14,4.440892098500626e-16,5.684341886080802e-14,ok
sample_002553,"(224, 2)","(224, 2)",0.0,0.0,0.0,0.0,0.0,10.977021784408707,28.133042850001157,29.419729774421793,4.517021677332065e-14,0.0,1.1368683772161603e-13,2.2585108386660326e-14,1.1368683772161603e-13,ok
sample_002554,"(224, 2)","(224, 2)",0.0,0.0,0.0,0.0,0.0,11.010046000827089,4.6476230483979695,29.768951946617104,8.742213302476947e-14,2.2737367544323206e-13,2.2737367544323206e-13,4.3711066512384736e-14,2.2737367544323206e-13,ok
sample_002555,"(224, 2)","(224, 2)",0.0,0.0,0.0,0.0,0.0,6.821283693523753,7.5842600166397425,27.16219799648042,5.278317465646459e-14,3.126388037344441e-13,5.684341886080801e-13,2.6391587328232294e-14,5.684341886080801e-13,ok
sample_002556,"(224, 2)","(224, 2)",0.0,0.0,0.0,0.0,0.0,8.277951014097955,10.037180879111459,24.953624987163714,6.699402937166659e-14,4.547473508864641e-13,4.547473508864641e-13,3.3497014685833295e-14,4.547473508864641e-13,ok
sample_002557,"(224, 2)","(224, 2)",0.0,0.0,0.0,0.0,0.0,2.0543493677425047,0.0,23.132602534086008,0.0,0.0,0.0,0.0,0.0,ok
sample_002558,"(224, 2)","(224, 2)",0.0,0.0,0.0,0.0,0.0,6.172548951714235,15.322000522125048,23.752578807363207,5.896506896085842e-15,0.0,1.2710574864626038e-13,3.045183153257572e-15,1.1368683772161603e-13,ok
sample_002559,"(224, 2)","(224, 2)",0.0,0.0,0.0,0.0,0.0,9.172077314772638,1.3523682930325456,27.284053950980276,0.0,0.0,0.0,0.0,0.0,ok
sample_002560,"(224, 2)","(224, 2)",0.0,0.0,0.0,0.0,0.0,9.928743084900153,13.650091574784375,29.22984262701402,7.562204830589637e-14,0.0,2.2737367544323206e-13,3.7811024152948187e-14,2.2737367544323206e-13,ok
sample_002561,"(224, 2)","(224, 2)",0.0,0.0,0.0,0.0,0.0,11.685606515870349,0.0,28.372918425851104,1.3481102811566508e-13,2.2737367544323206e-13,2.2737367544323206e-13,6.745397891043987e-14,2.2737367544323206e-13,ok
sample_002562,"(224, 2)","(224, 2)",0.0,0.0,0.0,0.0,0.0,7.364717838431238,3.8724281788045074,27.995446058243143,2.484517083628284e-14,3.410605131648481e-13,3.410605131648481e-13,1.2942028401344682e-14,3.410605131648481e-13,ok
sample_002563,"(224, 2)","(224, 2)",0.0,0.0,0.0,0.0,0.0,11.927583696363559,0.0,26.969909158170914,2.0961010704922955e-13,6.821210263296962e-13,7.958078640513122e-13,1.0480505352461478e-13,7.958078640513122e-13,ok
sample_002564,"(224, 2)","(224, 2)",0.0,0.0,0.0,0.0,0.0,10.681941782684607,6.048611410894237,29.062174729362646,8.876127455640126e-14,2.2737367544323206e-13,2.5421149729252077e-13,4.593151256163505e-14,2.2737367544323206e-13,ok
sample_002565,"(224, 2)","(224, 2)",0.0,0.0,0.0,0.0,0.0,10.435008531819017,31.90333524884204,32.65656442432373,1.1546319456101628e-13,5.684341886080801e-13,6.252776074688882e-13,5.773159728050814e-14,6.252776074688882e-13,ok
sample_002566,"(224, 2)","(224, 2)",0.0,0.0,0.0,0.0,0.0,10.375307745340919,12.45489863467379,26.65292666856665,5.582835780972216e-15,0.0,1.1368683772161603e-13,2.791417890486108e-15,1.1368683772161603e-13,ok
sample_002567,"(224, 2)","(224, 2)",0.0,0.0,0.0,0.0,0.0,2.8458638936978518,0.0,25.4491178629044,0.0,0.0,0.0,0.0,0.0,ok
sample_002568,"(224, 2)","(224, 2)",0.0,0.0,0.0,0.0,0.0,9.542729455217804,8.601488243321642,29.205821337534605,5.075305255429287e-15,0.0,2.2737367544323206e-13,2.5376526277146436e-15,2.2737367544323206e-13,ok
sample_002569,"(224, 2)","(224, 2)",0.0,0.0,0.0,0.0,0.0,9.41048367875366,0.3667424164177563,30.349149905722214,4.567774729886359e-15,0.0,1.1368683772161603e-13,2.2838873649431793e-15,1.1368683772161603e-13,ok
sample_002570,"(224, 2)","(224, 2)",0.0,0.0,0.0,0.0,0.0,10.987487502370447,8.845891701801504,31.569206515210315,1.3367085216486885e-13,2.2737367544323206e-13,2.2737367544323206e-13,6.683542608243442e-14,2.2737367544323206e-13,ok
sample_002571,"(224, 2)","(224, 2)",0.0,0.0,0.0,0.0,0.0,7.867849024682322,6.214000321853816,31.987217759598824,1.167320208748736e-14,5.115907697472721e-13,5.115907697472721e-13,5.83660104374368e-15,5.115907697472721e-13,ok
sample_002572,"(224, 2)","(224, 2)",0.0,0.0,0.0,0.0,0.0,9.305326245077712,0.0,26.078776811806193,7.359192620372467e-15,0.0,5.684341886080802e-14,3.6795963101862334e-15,5.684341886080802e-14,ok
sample_002573,"(224, 2)","(224, 2)",0.0,0.0,0.0,0.0,0.0,9.387181932753538,12.425948655937551,26.90742648415117,3.946049836096271e-14,0.0,1.1368683772161603e-13,1.9730249180481354e-14,1.1368683772161603e-13,ok
sample_002574,"(224, 2)","(224, 2)",0.0,0.0,0.0,0.0,0.0,10.253462608720266,0.0,29.67041792762607,5.988860201406559e-14,0.0,5.684341886080801e-13,2.9944301007032794e-14,5.684341886080801e-13,ok
sample_002575,"(224, 2)","(224, 2)",0.0,0.0,0.0,0.0,0.0,7.2529496496855,4.540407470701268,23.776418990251738,3.0705596795347185e-14,2.8421709430404007e-13,5.684341886080801e-13,1.5352798397673592e-14,5.684341886080801e-13,ok
sample_002576,"(224, 2)","(224, 2)",0.0,0.0,0.0,0.0,0.0,6.664442201273964,6.123854995017352,20.65801781391423,8.32350061890403e-14,1.1368683772161603e-13,1.1368683772161603e-13,4.161750309452015e-14,1.1368683772161603e-13,ok
sample_002577,"(224, 2)","(224, 2)",0.0,0.0,0.0,0.0,0.0,11.726087557087041,8.544758627369186,31.016124838541646,2.3562104648330464e-13,9.663381206337363e-13,9.663381206337363e-13,1.1781052324165232e-13,9.663381206337363e-13,ok
sample_002578,"(224, 2)","(224, 2)",0.0,0.0,0.0,0.0,0.0,7.827554852087377,0.8612200647918226,26.14426323306881,0.0,0.0,0.0,0.0,0.0,ok
sample_002579,"(224, 2)","(224, 2)",0.0,0.0,0.0,0.0,0.0,8.56072410955309,0.0,29.204152102055783,1.735754397356816e-13,5.684341886080801e-13,6.821210263296962e-13,8.67877198678408e-14,6.821210263296962e-13,ok
sample_002580,"(224, 2)","(224, 2)",0.0,0.0,0.0,0.0,0.0,7.949045481755066,0.0,24.83829704307453,0.0,0.0,0.0,0.0,0.0,ok
sample_002581,"(224, 2)","(224, 2)",0.0,0.0,0.0,0.0,0.0,7.5047055062480945,17.84164230108886,30.51961336583418,0.0,0.0,0.0,0.0,0.0,ok
sample_002582,"(224, 2)","(224, 2)",0.0,0.0,0.0,0.0,0.0,6.960525375491798,6.547159689514228,22.225852064656564,0.0,0.0,0.0,0.0,0.0,ok
sample_002583,"(224, 2)","(224, 2)",0.0,0.0,0.0,0.0,0.0,1.7574796297647508,0.0,26.06148499222551,0.0,0.0,0.0,0.0,0.0,ok
sample_002584,"(224, 2)","(224, 2)",0.0,0.0,0.0,0.0,0.0,1.863709629958231,0.0,26.186347588008555,0.0,0.0,0.0,0.0,0.0,ok
sample_002585,"(224, 2)","(224, 2)",0.0,0.0,0.0,0.0,0.0,9.915099028571431,6.597613204788511,29.187642933269046,1.7256037868459575e-13,5.684341886080801e-13,9.094947017729282e-13,8.628018934229788e-14,9.094947017729282e-13,ok
sample_002586,"(224, 2)","(224, 2)",0.0,0.0,0.0,0.0,0.0,2.639131136221652,0.0,22.19337063179006,0.0,0.0,0.0,0.0,0.0,ok
sample_002587,"(224, 2)","(224, 2)",0.0,0.0,0.0,0.0,0.0,3.227046205230058,0.0,24.086431865263876,2.1798436072068787e-13,2.8421709430404007e-13,2.8421709430404007e-13,1.0899218036034393e-13,2.8421709430404007e-13,ok
sample_002588,"(224, 2)","(224, 2)",0.0,0.0,0.0,0.0,0.0,10.704200123381671,9.331693308291038,26.433993266247,3.451207573691915e-14,2.2737367544323206e-13,2.2737367544323206e-13,1.7256037868459575e-14,2.2737367544323206e-13,ok
sample_002589,"(224, 2)","(224, 2)",0.0,0.0,0.0,0.0,0.0,9.131809422072553,16.81500817722072,32.771014631835754,3.760801194273102e-13,1.0231815394945443e-12,1.0231815394945443e-12,1.880400597136551e-13,1.0231815394945443e-12,ok
sample_002590,"(224, 2)","(224, 2)",0.0,0.0,0.0,0.0,0.0,9.203526053135006,24.903176504213146,30.2055789548885,4.5043334141934923e-14,1.7053025658242404e-13,4.547473508864641e-13,2.2521667070967462e-14,4.547473508864641e-13,ok
sample_002591,"(224, 2)","(224, 2)",0.0,0.0,0.0,0.0,0.0,9.31072887896629,6.9208742222351605,24.87191387891169,6.965856463076697e-14,1.1368683772161603e-13,1.1368683772161603e-13,3.4829282315383483e-14,1.1368683772161603e-13,ok
sample_002592,"(224, 2)","(224, 2)",0.0,0.0,0.0,0.0,0.0,9.261090104558168,24.709823957284666,27.10138926328311,4.618527782440651e-14,2.2737367544323206e-13,3.410605131648481e-13,2.3092638912203256e-14,3.410605131648481e-13,ok
sample_002593,"(224, 2)","(224, 2)",0.0,0.0,0.0,0.0,0.0,10.258462925453363,26.888127491515593,27.572596903447437,0.0,0.0,0.0,0.0,0.0,ok
sample_002594,"(224, 2)","(224, 2)",0.0,0.0,0.0,0.0,0.0,1.3007838970738355,0.0,24.729207427655222,0.0,0.0,0.0,0.0,0.0,ok
sample_002595,"(224, 2)","(224, 2)",0.0,0.0,0.0,0.0,0.0,6.64889283090128,14.763349890861509,29.784433853944517,0.0,0.0,0.0,0.0,0.0,ok
sample_002596,"(224, 2)","(224, 2)",0.0,0.0,0.0,0.0,0.0,8.890674433783738,7.4910413161322325,28.11130021895126,3.095936205811865e-14,6.821210263296962e-13,7.958078640513122e-13,1.5479681029059324e-14,7.958078640513122e-13,ok
sample_002597,"(224, 2)","(224, 2)",0.0,0.0,0.0,0.0,0.0,8.114730935048575,0.0,24.85633118543434,2.0301221021717147e-15,0.0,1.1368683772161603e-13,1.0150610510858574e-15,1.1368683772161603e-13,ok
sample_002598,"(224, 2)","(224, 2)",0.0,0.0,0.0,0.0,0.0,9.055104528787899,6.620521127524727,23.048446802333583,8.628018934229787e-15,0.0,5.684341886080802e-14,4.314009467114894e-15,5.684341886080802e-14,ok
sample_002599,"(224, 2)","(224, 2)",0.0,0.0,0.0,0.0,0.0,7.847654168922231,8.532150959752178,22.963268495577875,1.3703324189659075e-14,3.410605131648481e-13,3.410605131648481e-13,6.851662094829538e-15,3.410605131648481e-13,ok
sample_002600,"(224, 2)","(224, 2)",0.0,0.0,0.0,0.0,0.0,9.113174884318264,7.948238798626978,25.468649355629463,1.0150610510858574e-14,0.0,5.684341886080802e-14,5.075305255429287e-15,5.684341886080802e-14,ok
sample_002601,"(224, 2)","(224, 2)",0.0,0.0,0.0,0.0,0.0,7.901002321468907,18.575287346364256,24.185057370202816,2.0301221021717147e-15,0.0,1.1368683772161603e-13,1.0150610510858574e-15,1.1368683772161603e-13,ok
sample_002602,"(224, 2)","(224, 2)",0.0,0.0,0.0,0.0,0.0,7.430443029311242,22.726636354727027,30.111692081316182,8.120488408686859e-15,2.2737367544323206e-13,2.8421709430404007e-13,4.0602442043434294e-15,2.8421709430404007e-13,ok
sample_002603,"(224, 2)","(224, 2)",0.0,0.0,0.0,0.0,0.0,7.983178125752276,25.461887204211692,25.75594882740685,1.1419436824715896e-14,3.410605131648481e-13,3.410605131648481e-13,5.709718412357948e-15,3.410605131648481e-13,ok
sample_002604,"(224, 2)","(224, 2)",0.0,0.0,0.0,0.0,0.0,15.334201528205739,20.662899118952282,24.489117991467218,3.4105884061369755e-13,1.0294781007061621e-12,1.3358203432289883e-12,1.717356415805885e-13,1.3358203432289883e-12,ok
sample_002605,"(224, 2)","(224, 2)",0.0,0.0,0.0,0.0,0.0,7.80242653691753,0.0,26.982625891487892,0.0,0.0,0.0,0.0,0.0,ok
sample_002606,"(224, 2)","(224, 2)",0.0,0.0,0.0,0.0,0.0,11.291079465518978,11.389556619991826,30.537753682941496,2.57297841229042e-13,5.084229945850415e-13,1.0800249583553523e-12,1.3677947663381929e-13,1.0800249583553523e-12,ok
sample_002607,"(224, 2)","(224, 2)",0.0,0.0,0.0,0.0,0.0,1.5843974702958366,0.0,25.515440423398452,0.0,0.0,0.0,0.0,0.0,ok
sample_002608,"(224, 2)","(224, 2)",0.0,0.0,0.0,0.0,0.0,11.723958323376223,12.04265751402066,28.336839979080192,1.2419528711353575e-13,8.138738998739173e-13,9.094947017729282e-13,6.369508095563755e-14,9.094947017729282e-13,ok
sample_002609,"(224, 2)","(224, 2)",0.0,0.0,0.0,0.0,0.0,7.158870431748411,0.0,26.262497977153725,6.597896832058073e-15,0.0,5.684341886080802e-14,3.2989484160290367e-15,5.684341886080802e-14,ok
sample_002610,"(224, 2)","(224, 2)",0.0,0.0,0.0,0.0,0.0,1.9161394242151357,0.0,19.82616957457998,0.0,0.0,0.0,0.0,0.0,ok
sample_002611,"(224, 2)","(224, 2)",0.0,0.0,0.0,0.0,0.0,1.8720221428549253,0.0,24.044001330893188,0.0,0.0,0.0,0.0,0.0,ok
sample_002612,"(224, 2)","(224, 2)",0.0,0.0,0.0,0.0,0.0,6.824356076459519,7.064000283125548,29.608453184859236,6.851662094829538e-15,2.2737367544323206e-13,2.2737367544323206e-13,3.425831047414769e-15,2.2737367544323206e-13,ok
sample_002613,"(224, 2)","(224, 2)",0.0,0.0,0.0,0.0,0.0,9.110430312498298,4.152685877838585,23.892410928995954,3.400454521137622e-14,3.410605131648481e-13,3.410605131648481e-13,1.700227260568811e-14,3.410605131648481e-13,ok
sample_002614,"(224, 2)","(224, 2)",0.0,0.0,0.0,0.0,0.0,6.455912881015072,20.336789323784707,26.530774583490622,9.135549459772717e-15,2.2737367544323206e-13,3.410605131648481e-13,4.567774729886359e-15,3.410605131648481e-13,ok
sample_002615,"(224, 2)","(224, 2)",0.0,0.0,0.0,0.0,0.0,9.208477579841292,5.3352038386549845,25.75406763988942,4.0602442043434294e-15,0.0,1.1368683772161603e-13,2.0301221021717147e-15,1.1368683772161603e-13,ok
sample_002616,"(224, 2)","(224, 2)",0.0,0.0,0.0,0.0,0.0,6.592100235321593,19.272124947706242,21.994519771979718,1.522591576628786e-15,0.0,1.1368683772161603e-13,7.61295788314393e-16,1.1368683772161603e-13,ok
sample_002617,"(224, 2)","(224, 2)",0.0,0.0,0.0,0.0,0.0,8.19006109481153,14.737520144176164,29.5795097998598,2.2838873649431793e-15,0.0,5.684341886080802e-14,1.1419436824715897e-15,5.684341886080802e-14,ok
sample_002618,"(224, 2)","(224, 2)",0.0,0.0,0.0,0.0,0.0,9.42138536097467,11.738901141077857,25.63791333162678,3.6034667313547936e-14,2.2737367544323206e-13,2.2737367544323206e-13,1.8017333656773968e-14,2.2737367544323206e-13,ok
sample_002619,"(224, 2)","(224, 2)",0.0,0.0,0.0,0.0,0.0,2.6156472110478477,0.0,23.47367035638014,0.0,0.0,0.0,0.0,0.0,ok
sample_002620,"(224, 2)","(224, 2)",0.0,0.0,0.0,0.0,0.0,8.686194877040757,0.0,28.20832678483425,9.89684524808711e-14,1.1368683772161603e-13,5.684341886080801e-13,4.948422624043555e-14,5.684341886080801e-13,ok
sample_002621,"(224, 2)","(224, 2)",0.0,0.0,0.0,0.0,0.0,8.065984353774379,18.92954568921281,23.875950242869845,1.8981641655305534e-13,1.1368683772161603e-12,1.1368683772161603e-12,9.490820827652767e-14,1.1368683772161603e-12,ok
sample_002622,"(224, 2)","(224, 2)",0.0,0.0,0.0,0.0,0.0,8.73766260457649,14.894848102615775,30.48383506056927,0.0,0.0,0.0,0.0,0.0,ok
sample_002623,"(224, 2)","(224, 2)",0.0,0.0,0.0,0.0,0.0,7.742649246688458,11.965558908801588,27.49419211397208,3.045183153257572e-15,0.0,1.1368683772161603e-13,1.522591576628786e-15,1.1368683772161603e-13,ok
sample_002624,"(224, 2)","(224, 2)",0.0,0.0,0.0,0.0,0.0,8.56700935225635,3.3209637155500427,22.329352879114104,2.5376526277146436e-15,2.2737367544323206e-13,2.2737367544323206e-13,1.2688263138573218e-15,2.2737367544323206e-13,ok
sample_002625,"(224, 2)","(224, 2)",0.0,0.0,0.0,0.0,0.0,2.5103902834012146,0.0,22.915518759129164,0.0,0.0,0.0,0.0,0.0,ok
sample_002626,"(224, 2)","(224, 2)",0.0,0.0,0.0,0.0,0.0,4.732982574575639,13.27401220430355,22.665332558777937,1.0150610510858574e-14,1.1368683772161603e-13,2.2737367544323206e-13,5.075305255429287e-15,2.2737367544323206e-13,ok
sample_002627,"(224, 2)","(224, 2)",0.0,0.0,0.0,0.0,0.0,5.895549041487816,15.569910083234284,26.22515204913024,0.0,0.0,0.0,0.0,0.0,ok
sample_002628,"(224, 2)","(224, 2)",0.0,0.0,0.0,0.0,0.0,8.801153752997788,0.01999999999998181,27.701090231252632,9.643079985315646e-15,0.0,1.1368683772161603e-13,4.821539992657823e-15,1.1368683772161603e-13,ok
sample_002629,"(224, 2)","(224, 2)",0.0,0.0,0.0,0.0,0.0,6.130215259837466,0.0,25.268482344612444,0.0,0.0,0.0,0.0,0.0,ok
sample_002630,"(224, 2)","(224, 2)",0.0,0.0,0.0,0.0,0.0,12.819648417268633,7.311914933859733,32.59269396659313,4.468647674116255e-14,0.0,1.1368683772161603e-13,2.2343238370581275e-14,1.1368683772161603e-13,ok
sample_002631,"(224, 2)","(224, 2)",0.0,0.0,0.0,0.0,0.0,5.149327912182834,0.0,21.13920764834856,0.0,0.0,0.0,0.0,0.0,ok
sample_002632,"(224, 2)","(224, 2)",0.0,0.0,0.0,0.0,0.0,8.95459458024192,10.59370095858847,28.629098833180176,8.120488408686859e-15,2.2737367544323206e-13,2.2737367544323206e-13,4.0602442043434294e-15,2.2737367544323206e-13,ok
sample_002633,"(224, 2)","(224, 2)",0.0,0.0,0.0,0.0,0.0,9.180846321502631,14.233095236103775,27.550495458339746,7.61295788314393e-15,0.0,1.1368683772161603e-13,3.806478941571965e-15,1.1368683772161603e-13,ok
sample_002634,"(224, 2)","(224, 2)",0.0,0.0,0.0,0.0,0.0,10.335973809008507,12.280798019672758,27.52404766744899,1.522591576628786e-15,0.0,1.1368683772161603e-13,7.61295788314393e-16,1.1368683772161603e-13,ok
sample_002635,"(224, 2)","(224, 2)",0.0,0.0,0.0,0.0,0.0,14.899424724651533,8.55874406674255,24.292525599451338,2.3609051276795e-14,1.6077746776921858e-13,3.457650183405701e-13,1.2244173928723156e-14,3.410605131648481e-13,ok
sample_002636,"(224, 2)","(224, 2)",0.0,0.0,0.0,0.0,0.0,8.440023482223166,10.225345959917478,26.60030450953522,4.973799150320701e-14,2.2737367544323206e-13,2.2737367544323206e-13,2.4868995751603507e-14,2.2737367544323206e-13,ok
sample_002637,"(224, 2)","(224, 2)",0.0,0.0,0.0,0.0,0.0,0.8229491270281958,1.8004443895883195,13.089003017800806,0.0,0.0,0.0,0.0,0.0,ok
sample_002638,"(224, 2)","(224, 2)",0.0,0.0,0.0,0.0,0.0,5.507605918455037,11.348242154624655,27.373134639642515,0.0,0.0,0.0,0.0,0.0,ok
sample_002639,"(224, 2)","(224, 2)",0.0,0.0,0.0,0.0,0.0,9.188349684734165,18.687220232019506,28.045636024166082,4.009491151789137e-14,3.410605131648481e-13,4.547473508864641e-13,2.0047455758945685e-14,4.547473508864641e-13,ok
sample_002640,"(224, 2)","(224, 2)",0.0,0.0,0.0,0.0,0.0,2.0950336021693676,2.9081437378506676,22.938700922240585,0.0,0.0,0.0,0.0,0.0,ok
sample_002641,"(224, 2)","(224, 2)",0.0,0.0,0.0,0.0,0.0,10.664712521695161,17.542693635813237,26.978126324857943,3.2405824055915996e-13,9.094947017729282e-13,9.663381206337363e-13,1.6202912027957998e-13,9.663381206337363e-13,ok
sample_002642,"(224, 2)","(224, 2)",0.0,0.0,0.0,0.0,0.0,9.608678725643633,6.7039093072626175,26.7964643190105,2.6391587328232294e-14,0.0,2.2737367544323206e-13,1.3195793664116147e-14,2.2737367544323206e-13,ok
sample_002643,"(224, 2)","(224, 2)",0.0,0.0,0.0,0.0,0.0,8.108606377133821,14.93420905170416,24.694752479018582,3.121312732089012e-14,0.0,2.2737367544323206e-13,1.560656366044506e-14,2.2737367544323206e-13,ok
sample_002644,"(224, 2)","(224, 2)",0.0,0.0,0.0,0.0,0.0,8.988214021791672,1.6330646037434025,24.53523996214428,1.2688263138573218e-15,0.0,2.842170943040401e-14,6.344131569286609e-16,2.842170943040401e-14,ok
sample_002645,"(224, 2)","(224, 2)",0.0,0.0,0.0,0.0,0.0,9.371709915961759,22.104807169482324,29.41912643162606,8.069735356132567e-14,2.2737367544323206e-13,2.2737367544323206e-13,4.0348676780662834e-14,2.2737367544323206e-13,ok
sample_002646,"(224, 2)","(224, 2)",0.0,0.0,0.0,0.0,0.0,8.470456673338962,4.491970614329501,21.78190303899086,1.5644628449860777e-13,9.094947017729282e-13,9.947598300641403e-13,7.822314224930388e-14,9.947598300641403e-13,ok
sample_002647,"(224, 2)","(224, 2)",0.0,0.0,0.0,0.0,0.0,10.375189138905814,7.53883280090495,26.175507635956134,1.3957089452430539e-14,2.2737367544323206e-13,2.2737367544323206e-13,6.978544726215269e-15,2.2737367544323206e-13,ok
sample_002648,"(224, 2)","(224, 2)",0.0,0.0,0.0,0.0,0.0,11.077855334431936,7.371634825464431,26.82903278167143,1.3287158820394418e-13,5.814740706729471e-13,6.282178320862992e-13,8.03484263250149e-14,5.400124791776761e-13,ok
sample_002649,"(224, 2)","(224, 2)",0.0,0.0,0.0,0.0,0.0,14.92603191944595,9.81554888938979,26.620480837129875,9.845784937478417e-14,7.059806164519512e-13,7.503546602517921e-13,5.798536254327961e-14,5.968558980384842e-13,ok
sample_002650,"(224, 2)","(224, 2)",0.0,0.0,0.0,0.0,0.0,6.860017406641611,0.0,25.36882535711894,0.0,0.0,0.0,0.0,0.0,ok
sample_002651,"(224, 2)","(224, 2)",0.0,0.0,0.0,0.0,0.0,8.765409100149533,9.262062405317716,23.773642968632302,1.7636685762616774e-13,5.968558980384842e-13,8.526512829121202e-13,8.818342881308387e-14,8.526512829121202e-13,ok
sample_002652,"(224, 2)","(224, 2)",0.0,0.0,0.0,0.0,0.0,2.475697362047729,0.0,17.59950567487617,0.0,0.0,0.0,0.0,0.0,ok
sample_002653,"(224, 2)","(224, 2)",0.0,0.0,0.0,0.0,0.0,2.471961255398393,4.403930063023355,18.827055000716364,7.61295788314393e-16,5.684341886080802e-14,5.684341886080802e-14,3.806478941571965e-16,5.684341886080802e-14,ok
sample_002654,"(224, 2)","(224, 2)",0.0,0.0,0.0,0.0,0.0,6.554806165527317,0.0,27.415216577660036,0.0,0.0,0.0,0.0,0.0,ok
sample_002655,"(224, 2)","(224, 2)",0.0,0.0,0.0,0.0,0.0,9.517401427051615,17.404654549861046,26.637304668453304,1.210460303419885e-13,4.547473508864641e-13,4.547473508864641e-13,6.052301517099424e-14,4.547473508864641e-13,ok
sample_002656,"(224, 2)","(224, 2)",0.0,0.0,0.0,0.0,0.0,7.225596100522332,6.249839997951874,24.63493454426069,0.0,0.0,0.0,0.0,0.0,ok
sample_002657,"(224, 2)","(224, 2)",0.0,0.0,0.0,0.0,0.0,10.044360119205992,14.451868391318875,29.20373435025059,3.095936205811865e-14,1.1368683772161603e-13,1.1368683772161603e-13,1.5479681029059324e-14,1.1368683772161603e-13,ok
sample_002658,"(224, 2)","(224, 2)",0.0,0.0,0.0,0.0,0.0,2.3412549689120508,0.014142135623718088,14.563409628243056,0.0,0.0,0.0,0.0,0.0,ok
sample_002659,"(224, 2)","(224, 2)",0.0,0.0,0.0,0.0,0.0,8.874317424188126,0.28425340807106336,26.60317462258984,1.8524864182316898e-14,5.684341886080802e-14,1.1368683772161603e-13,9.262432091158449e-15,1.1368683772161603e-13,ok
sample_002660,"(224, 2)","(224, 2)",0.0,0.0,0.0,0.0,0.0,2.368198694777232,19.20377046311495,26.486951504467385,0.0,0.0,0.0,0.0,0.0,ok
sample_002661,"(224, 2)","(224, 2)",0.0,0.0,0.0,0.0,0.0,10.194260252313947,15.70702390652029,27.901657656849,6.127253263440612e-14,1.3406493525361332e-13,5.147390503530811e-13,3.375077994860476e-14,5.115907697472721e-13,ok
sample_002662,"(224, 2)","(224, 2)",0.0,0.0,0.0,0.0,0.0,2.1338241470171115,0.2501999200639357,18.007609502651892,0.0,0.0,0.0,0.0,0.0,ok
sample_002663,"(224, 2)","(224, 2)",0.0,0.0,0.0,0.0,0.0,15.520357969282056,11.922017446724196,26.243446801058756,1.4540749556804908e-13,1.1368683772161603e-12,1.2505552149377763e-12,7.270374778402454e-14,1.2505552149377763e-12,ok
sample_002664,"(224, 2)","(224, 2)",0.0,0.0,0.0,0.0,0.0,2.183138394468133,0.2765863337188125,13.312377698968909,0.0,0.0,0.0,0.0,0.0,ok
sample_002665,"(224, 2)","(224, 2)",0.0,0.0,0.0,0.0,0.0,2.1097404620722506,2.066204249342248,16.621098038336708,0.0,0.0,0.0,0.0,0.0,ok
sample_002666,"(224, 2)","(224, 2)",0.0,0.0,0.0,0.0,0.0,8.805667451992774,0.0,27.712242781846474,5.4305766233093374e-14,1.1368683772161603e-13,3.410605131648481e-13,2.7152883116546687e-14,3.410605131648481e-13,ok
sample_002667,"(224, 2)","(224, 2)",0.0,0.0,0.0,0.0,0.0,2.015895762773414,0.3863935817272171,18.109588620396682,0.0,0.0,0.0,0.0,0.0,ok
sample_002668,"(224, 2)","(224, 2)",0.0,0.0,0.0,0.0,0.0,7.74069598250078,0.0,27.27462740350459,3.8572319941262583e-14,1.1368683772161603e-13,3.410605131648481e-13,1.9286159970631292e-14,3.410605131648481e-13,ok
sample_002669,"(224, 2)","(224, 2)",0.0,0.0,0.0,0.0,0.0,7.773615612256421,5.286747582398931,25.89723730439211,2.5376526277146436e-15,0.0,1.1368683772161603e-13,1.2688263138573218e-15,1.1368683772161603e-13,ok
sample_002670,"(224, 2)","(224, 2)",0.0,0.0,0.0,0.0,0.0,10.808897212680042,9.671152981935576,24.26545899009555,1.5479681029059325e-13,2.2737367544323206e-13,7.958078640513122e-13,7.739840514529662e-14,7.958078640513122e-13,ok
sample_002671,"(224, 2)","(224, 2)",0.0,0.0,0.0,0.0,0.0,5.845846093155887,0.13341664064125278,25.640943820382322,6.141119359069437e-14,1.7053025658242404e-13,1.7053025658242404e-13,3.0705596795347185e-14,1.7053025658242404e-13,ok
sample_002672,"(224, 2)","(224, 2)",0.0,0.0,0.0,0.0,0.0,3.0770440510871677,5.964838639896398,22.49817103677522,0.0,0.0,0.0,0.0,0.0,ok
sample_002673,"(224, 2)","(224, 2)",0.0,0.0,0.0,0.0,0.0,2.6266680286116295,23.408528360407498,23.408528360407498,0.0,0.0,0.0,0.0,0.0,ok
sample_002674,"(224, 2)","(224, 2)",0.0,0.0,0.0,0.0,0.0,10.481533207044256,25.487157550421372,28.707129776416142,1.522591576628786e-15,1.1368683772161603e-13,1.1368683772161603e-13,7.61295788314393e-16,1.1368683772161603e-13,ok
sample_002675,"(224, 2)","(224, 2)",0.0,0.0,0.0,0.0,0.0,7.933320363042459,0.264764045897457,25.47496418054385,0.0,0.0,0.0,0.0,0.0,ok
sample_002676,"(224, 2)","(224, 2)",0.0,0.0,0.0,0.0,0.0,2.803743328195245,3.7008647638087364,23.41277001979909,0.0,0.0,0.0,0.0,0.0,ok
sample_002677,"(224, 2)","(224, 2)",0.0,0.0,0.0,0.0,0.0,15.273451152924638,5.5258664478975295,26.42367499043243,1.7947656218833026e-13,8.526512829121202e-13,1.0878499784328505e-12,1.0727926483663656e-13,1.0231815394945443e-12,ok
sample_002678,"(224, 2)","(224, 2)",0.0,0.0,0.0,0.0,0.0,2.0590401840998886,0.0,16.47378523594379,0.0,0.0,0.0,0.0,0.0,ok
sample_002679,"(224, 2)","(224, 2)",0.0,0.0,0.0,0.0,0.0,1.9119452731189155,0.0,15.149986798674139,0.0,0.0,0.0,0.0,0.0,ok
sample_002680,"(224, 2)","(224, 2)",0.0,0.0,0.0,0.0,0.0,7.713883731620405,26.46333501280597,27.2610949890132,2.3092638912203256e-14,3.410605131648481e-13,3.979039320256561e-13,1.1546319456101628e-14,3.979039320256561e-13,ok
sample_002681,"(224, 2)","(224, 2)",0.0,0.0,0.0,0.0,0.0,1.874913605411337,6.836146575374197,18.025052011020733,0.0,0.0,0.0,0.0,0.0,ok
sample_002682,"(224, 2)","(224, 2)",0.0,0.0,0.0,0.0,0.0,8.489838979732761,9.437208273636992,24.59330396673044,1.979369049617422e-14,0.0,1.1368683772161603e-13,9.89684524808711e-15,1.1368683772161603e-13,ok
sample_002683,"(224, 2)","(224, 2)",0.0,0.0,0.0,0.0,0.0,9.160998646023737,14.46498185273671,32.4252139545757,2.740664837931815e-14,0.0,2.2737367544323206e-13,1.3703324189659075e-14,2.2737367544323206e-13,ok
sample_002684,"(224, 2)","(224, 2)",0.0,0.0,0.0,0.0,0.0,7.874118334127096,14.967070521648553,22.40650352018352,0.0,0.0,0.0,0.0,0.0,ok
sample_002685,"(224, 2)","(224, 2)",0.0,0.0,0.0,0.0,0.0,8.734026344428512,0.0,28.818752575363163,0.0,0.0,0.0,0.0,0.0,ok
sample_002686,"(224, 2)","(224, 2)",0.0,0.0,0.0,0.0,0.0,8.156182876056366,5.745885484414052,29.43125549479666,1.0658141036401503e-14,2.2737367544323206e-13,2.2737367544323206e-13,5.329070518200751e-15,2.2737367544323206e-13,ok
sample_002687,"(224, 2)","(224, 2)",0.0,0.0,0.0,0.0,0.0,5.264562024239432,0.2961418578992259,29.005208153019712,5.0499287291521403e-14,1.1368683772161603e-13,1.7053025658242404e-13,2.5249643645760702e-14,1.7053025658242404e-13,ok
sample_002688,"(224, 2)","(224, 2)",0.0,0.0,0.0,0.0,0.0,11.139857113178673,0.0,30.235431202481692,1.8071360032642047e-13,2.2737367544323206e-13,7.958078640513122e-13,9.084796407218424e-14,7.958078640513122e-13,ok
sample_002689,"(224, 2)","(224, 2)",0.0,0.0,0.0,0.0,0.0,10.52678900765624,2.7424259333663406,26.71307732179123,9.389314722544181e-15,0.0,5.684341886080802e-14,4.6946573612720904e-15,5.684341886080802e-14,ok
sample_002690,"(224, 2)","(224, 2)",0.0,0.0,0.0,0.0,0.0,9.659577646365802,3.7250771804083094,25.365182830013303,6.300119156524682e-14,1.8118839761882555e-13,4.263256414560601e-13,3.150059578262341e-14,4.263256414560601e-13,ok
sample_002691,"(224, 2)","(224, 2)",0.0,0.0,0.0,0.0,0.0,3.109639131895221,5.492868103277164,12.785812449742979,0.0,0.0,0.0,0.0,0.0,ok
sample_002692,"(224, 2)","(224, 2)",0.0,0.0,0.0,0.0,0.0,5.889803585377203,0.0,24.611420113435084,0.0,0.0,0.0,0.0,0.0,ok
sample_002693,"(224, 2)","(224, 2)",0.0,0.0,0.0,0.0,0.0,13.193693983812413,30.180458909698523,30.180458909698523,2.561760327677933e-13,7.105427357601002e-13,1.2505552149377763e-12,1.2808801638389664e-13,1.2505552149377763e-12,ok
sample_002694,"(224, 2)","(224, 2)",0.0,0.0,0.0,0.0,0.0,8.361285718550183,2.551234995056327,25.89957914716,6.838973831690964e-14,2.8421709430404007e-13,3.410605131648481e-13,3.419486915845482e-14,3.410605131648481e-13,ok
sample_002695,"(224, 2)","(224, 2)",0.0,0.0,0.0,0.0,0.0,7.826917810299629,1.796051224213805,30.58637768680702,8.171241461241152e-14,5.115907697472721e-13,5.115907697472721e-13,4.085620730620576e-14,5.115907697472721e-13,ok
sample_002696,"(224, 2)","(224, 2)",0.0,0.0,0.0,0.0,0.0,2.911056563033193,2.950610106401737,15.020602517875258,2.5376526277146434e-16,2.842170943040401e-14,2.842170943040401e-14,1.2688263138573217e-16,2.842170943040401e-14,ok
sample_002697,"(224, 2)","(224, 2)",0.0,0.0,0.0,0.0,0.0,3.0898150924245757,8.684054352662695,23.31621109871845,4.161750309452015e-14,1.7053025658242404e-13,2.2737367544323206e-13,2.0808751547260076e-14,2.2737367544323206e-13,ok
sample_002698,"(224, 2)","(224, 2)",0.0,0.0,0.0,0.0,0.0,8.169055787392818,19.28295879786088,22.07251005209874,4.440892098500626e-15,1.7053025658242404e-13,1.7053025658242404e-13,2.220446049250313e-15,1.7053025658242404e-13,ok
sample_002699,"(224, 2)","(224, 2)",0.0,0.0,0.0,0.0,0.0,5.401370843196204,18.92529524208266,28.3783015700376,0.0,0.0,0.0,0.0,0.0,ok
sample_002700,"(224, 2)","(224, 2)",0.0,0.0,0.0,0.0,0.0,11.299118620441975,0.595399025864077,27.78991363786544,1.025211661596716e-13,1.0231815394945443e-12,1.0231815394945443e-12,5.12605830798358e-14,1.0231815394945443e-12,ok
sample_002701,"(224, 2)","(224, 2)",0.0,0.0,0.0,0.0,0.0,9.208504058163488,0.0,29.222593998480146,1.3703324189659075e-14,2.2737367544323206e-13,2.2737367544323206e-13,6.851662094829538e-15,2.2737367544323206e-13,ok
sample_002702,"(224, 2)","(224, 2)",0.0,0.0,0.0,0.0,0.0,3.157351483722337,13.361152644887962,23.60069914218633,3.806478941571965e-16,0.0,2.842170943040401e-14,1.9032394707859825e-16,2.842170943040401e-14,ok
sample_002703,"(224, 2)","(224, 2)",0.0,0.0,0.0,0.0,0.0,3.0875989802339796,14.119012005094525,24.680431519728344,0.0,0.0,0.0,0.0,0.0,ok
sample_002704,"(224, 2)","(224, 2)",0.0,0.0,0.0,0.0,0.0,8.66610361876123,11.366745356521323,25.7927993827735,1.1723955140041653e-13,3.410605131648481e-13,5.684341886080801e-13,5.861977570020827e-14,5.684341886080801e-13,ok
sample_002705,"(224, 2)","(224, 2)",0.0,0.0,0.0,0.0,0.0,10.615858737641853,13.741590155436915,30.042053857884,2.842170943040401e-14,1.1368683772161603e-13,1.7053025658242404e-13,1.4210854715202004e-14,1.7053025658242404e-13,ok
sample_002706,"(224, 2)","(224, 2)",0.0,0.0,0.0,0.0,0.0,8.109579574220627,9.417398791598481,23.918632904077256,0.0,0.0,0.0,0.0,0.0,ok
sample_002707,"(224, 2)","(224, 2)",0.0,0.0,0.0,0.0,0.0,2.6780794343578416,5.962792969741573,23.408528360407274,2.3600169437746186e-14,2.2737367544323206e-13,2.2737367544323206e-13,1.1800084718873093e-14,2.2737367544323206e-13,ok
sample_002708,"(224, 2)","(224, 2)",0.0,0.0,0.0,0.0,0.0,7.981641404387854,13.486100251740783,23.628952579409813,0.0,0.0,0.0,0.0,0.0,ok
sample_002709,"(224, 2)","(224, 2)",0.0,0.0,0.0,0.0,0.0,12.147366931150598,1.6611140839808167,31.42244102548369,3.2481953634747435e-14,0.0,2.2737367544323206e-13,1.6240976817373718e-14,2.2737367544323206e-13,ok
sample_002710,"(224, 2)","(224, 2)",0.0,0.0,0.0,0.0,0.0,8.981811638630374,20.98211857749358,27.331571487933143,1.6494742080145184e-14,2.842170943040401e-14,2.2737367544323206e-13,8.247371040072592e-15,2.2737367544323206e-13,ok
sample_002711,"(224, 2)","(224, 2)",0.0,0.0,0.0,0.0,0.0,2.842611414659007,0.0,22.65989629279014,0.0,0.0,0.0,0.0,0.0,ok
sample_002712,"(224, 2)","(224, 2)",0.0,0.0,0.0,0.0,0.0,9.583260475400873,17.66775877127587,25.524225747316947,2.740664837931815e-14,0.0,2.2737367544323206e-13,1.3703324189659075e-14,2.2737367544323206e-13,ok
sample_002713,"(224, 2)","(224, 2)",0.0,0.0,0.0,0.0,0.0,3.220580134056177,4.480903926664669,21.306149347078062,0.0,0.0,0.0,0.0,0.0,ok
sample_002714,"(224, 2)","(224, 2)",0.0,0.0,0.0,0.0,0.0,9.731833894674569,25.74720178970915,26.113906257011774,0.0,0.0,0.0,0.0,0.0,ok
sample_002715,"(224, 2)","(224, 2)",0.0,0.0,0.0,0.0,0.0,3.4103030672699037,6.1502845462629026,20.296149881196552,2.0301221021717147e-15,5.684341886080802e-14,5.684341886080802e-14,1.0150610510858574e-15,5.684341886080802e-14,ok
sample_002716,"(224, 2)","(224, 2)",0.0,0.0,0.0,0.0,0.0,11.386713719638205,5.497281146166602,24.66216738245048,6.090366306515144e-14,0.0,2.2737367544323206e-13,3.045183153257572e-14,2.2737367544323206e-13,ok
sample_002717,"(224, 2)","(224, 2)",0.0,0.0,0.0,0.0,0.0,3.5740625785975526,1.535740863557451,20.011801518104164,0.0,0.0,0.0,0.0,0.0,ok
sample_002718,"(224, 2)","(224, 2)",0.0,0.0,0.0,0.0,0.0,6.334509191067192,0.0,29.79802174641801,6.97854472621527e-14,0.0,1.1368683772161603e-13,3.489272363107635e-14,1.1368683772161603e-13,ok
sample_002719,"(224, 2)","(224, 2)",0.0,0.0,0.0,0.0,0.0,9.807592651465955,23.530750094291566,24.381714459815818,1.8169592814436849e-13,5.684341886080801e-13,9.094947017729282e-13,9.084796407218424e-14,9.094947017729282e-13,ok
sample_002720,"(224, 2)","(224, 2)",0.0,0.0,0.0,0.0,0.0,9.795723544569556,18.656594008553625,29.628973995061003,5.988860201406559e-14,0.0,3.410605131648481e-13,2.9944301007032794e-14,3.410605131648481e-13,ok
sample_002721,"(224, 2)","(224, 2)",0.0,0.0,0.0,0.0,0.0,9.016424935290992,0.0,26.984804983545907,5.176811360537873e-14,2.2737367544323206e-13,2.2737367544323206e-13,2.5884056802689363e-14,2.2737367544323206e-13,ok
sample_002722,"(224, 2)","(224, 2)",0.0,0.0,0.0,0.0,0.0,9.697779637081249,16.13792117963156,23.532275708056776,7.38021143047747e-14,2.5421149729252077e-13,5.796914039811764e-13,4.669280834994944e-14,5.684341886080801e-13,ok
sample_002723,"(224, 2)","(224, 2)",0.0,0.0,0.0,0.0,0.0,11.198173854971172,0.0,30.854965564719084,7.938094626069869e-14,5.009326287108706e-13,5.755396159656812e-13,3.9690473130349346e-14,5.755396159656812e-13,ok
sample_002724,"(224, 2)","(224, 2)",0.0,0.0,0.0,0.0,0.0,9.216674427718855,9.27906245264036,28.908305035058703,3.425831047414769e-15,2.842170943040401e-14,1.1368683772161603e-13,1.7129155237073844e-15,1.1368683772161603e-13,ok
sample_002725,"(224, 2)","(224, 2)",0.0,0.0,0.0,0.0,0.0,8.91178596582874,6.062111843244015,24.958463494374037,0.0,0.0,0.0,0.0,0.0,ok
sample_002726,"(224, 2)","(224, 2)",0.0,0.0,0.0,0.0,0.0,8.451563499016254,11.68494758225294,24.479517969110454,2.4590282632793836e-14,1.6077746776921858e-13,2.5421149729252077e-13,1.3322676295501878e-14,2.2737367544323206e-13,ok
sample_002727,"(224, 2)","(224, 2)",0.0,0.0,0.0,0.0,0.0,10.10208006354436,6.020033222499807,26.40311534648897,2.842170943040401e-14,2.2737367544323206e-13,2.2737367544323206e-13,1.4210854715202004e-14,2.2737367544323206e-13,ok
sample_002728,"(224, 2)","(224, 2)",0.0,0.0,0.0,0.0,0.0,9.493472443994799,11.60097409703165,24.936697856773144,2.5376526277146434e-16,0.0,5.684341886080802e-14,1.2688263138573217e-16,5.684341886080802e-14,ok
sample_002729,"(224, 2)","(224, 2)",0.0,0.0,0.0,0.0,0.0,11.50264127056325,26.28532670521722,28.260113234026452,5.075305255429287e-15,0.0,2.2737367544323206e-13,2.5376526277146436e-15,2.2737367544323206e-13,ok
sample_002730,"(224, 2)","(224, 2)",0.0,0.0,0.0,0.0,0.0,3.4841098653189704,0.0,20.560899785758494,0.0,0.0,0.0,0.0,0.0,ok
sample_002731,"(224, 2)","(224, 2)",0.0,0.0,0.0,0.0,0.0,9.706386630396784,8.00892627010637,28.02648033556842,1.0150610510858574e-15,0.0,2.2737367544323206e-13,5.075305255429287e-16,2.2737367544323206e-13,ok
sample_002732,"(224, 2)","(224, 2)",0.0,0.0,0.0,0.0,0.0,3.539842012877219,0.009999999999990905,18.582090840376424,0.0,0.0,0.0,0.0,0.0,ok
sample_002733,"(224, 2)","(224, 2)",0.0,0.0,0.0,0.0,0.0,7.159596110538248,0.0,21.39252205795303,6.090366306515144e-15,0.0,1.1368683772161603e-13,3.045183153257572e-15,1.1368683772161603e-13,ok
sample_002734,"(224, 2)","(224, 2)",0.0,0.0,0.0,0.0,0.0,9.300366531071308,10.61640711352045,26.953663943887197,7.562204830589637e-14,7.958078640513122e-13,9.094947017729282e-13,3.7811024152948187e-14,9.094947017729282e-13,ok
sample_002735,"(224, 2)","(224, 2)",0.0,0.0,0.0,0.0,0.0,8.414507532987644,22.261349914144983,31.15522749074377,0.0,0.0,0.0,0.0,0.0,ok
sample_002736,"(224, 2)","(224, 2)",0.0,0.0,0.0,0.0,0.0,10.805266774749137,14.171979395977125,26.196520761352936,3.831855467849112e-14,1.4210854715202004e-13,2.2737367544323206e-13,1.915927733924556e-14,2.2737367544323206e-13,ok
sample_002737,"(224, 2)","(224, 2)",0.0,0.0,0.0,0.0,0.0,9.882441438279832,0.0,27.481784876531886,7.003921252492416e-14,1.1368683772161603e-13,5.684341886080801e-13,3.501960626246208e-14,5.684341886080801e-13,ok
sample_002738,"(224, 2)","(224, 2)",0.0,0.0,0.0,0.0,0.0,10.912782587944049,7.586197993725166,26.4389561064728,9.54157388020706e-14,1.5916157281026244e-12,1.5916157281026244e-12,4.77078694010353e-14,1.5916157281026244e-12,ok
sample_002739,"(224, 2)","(224, 2)",0.0,0.0,0.0,0.0,0.0,9.369395970091647,4.0578319334343576,25.543249597496402,2.943677048148987e-14,2.2737367544323206e-13,3.410605131648481e-13,1.4718385240744934e-14,3.410605131648481e-13,ok
sample_002740,"(224, 2)","(224, 2)",0.0,0.0,0.0,0.0,0.0,10.40708517102507,12.325343808592102,27.283947661583014,4.900207224116976e-13,9.094947017729282e-13,1.2505552149377763e-12,2.450103612058488e-13,1.2505552149377763e-12,ok
sample_002741,"(224, 2)","(224, 2)",0.0,0.0,0.0,0.0,0.0,9.761558875586278,12.437270600899618,25.750240775573342,7.663710935698224e-14,2.2737367544323206e-13,2.2737367544323206e-13,3.831855467849112e-14,2.2737367544323206e-13,ok
sample_002742,"(224, 2)","(224, 2)",0.0,0.0,0.0,0.0,0.0,8.295379064247387,21.43696340436307,28.455721744492735,2.3433635984052413e-14,0.0,1.1368683772161603e-13,1.1716817992026206e-14,1.1368683772161603e-13,ok
sample_002743,"(224, 2)","(224, 2)",0.0,0.0,0.0,0.0,0.0,6.752244912955166,17.885888292170403,24.449181990406153,0.0,0.0,0.0,0.0,0.0,ok
sample_002744,"(224, 2)","(224, 2)",0.0,0.0,0.0,0.0,0.0,5.068160401167758,25.60873483794151,26.018777834479483,0.0,0.0,0.0,0.0,0.0,ok
sample_002745,"(224, 2)","(224, 2)",0.0,0.0,0.0,0.0,0.0,9.394779019710374,19.388380540932122,27.54438236737209,9.6177034590385e-14,4.831690603168681e-13,4.831690603168681e-13,4.80885172951925e-14,4.831690603168681e-13,ok
sample_002746,"(224, 2)","(224, 2)",0.0,0.0,0.0,0.0,0.0,10.975820753645925,15.346569649273388,28.730055690861494,2.6689761511988763e-13,4.263256414560601e-13,9.094947017729282e-13,1.3344880755994382e-13,9.094947017729282e-13,ok
sample_002747,"(224, 2)","(224, 2)",0.0,0.0,0.0,0.0,0.0,2.4791914821906054,0.2785677655436617,19.694070173531887,0.0,0.0,0.0,0.0,0.0,ok
sample_002748,"(224, 2)","(224, 2)",0.0,0.0,0.0,0.0,0.0,9.476553341104287,0.0,25.807977448843197,3.806478941571965e-16,0.0,2.842170943040401e-14,1.9032394707859825e-16,2.842170943040401e-14,ok
sample_002749,"(224, 2)","(224, 2)",0.0,0.0,0.0,0.0,0.0,8.805311239025086,0.0,32.732302088304124,0.0,0.0,0.0,0.0,0.0,ok
sample_002750,"(224, 2)","(224, 2)",0.0,0.0,0.0,0.0,0.0,8.573906659974723,9.951341618093513,24.675285206051864,3.045183153257572e-14,0.0,5.684341886080802e-14,1.522591576628786e-14,5.684341886080802e-14,ok
sample_002751,"(224, 2)","(224, 2)",0.0,0.0,0.0,0.0,0.0,6.141587064124843,0.0,25.445260855412634,3.1847540477818773e-14,0.0,1.1368683772161603e-13,1.5923770238909387e-14,1.1368683772161603e-13,ok
sample_002752,"(224, 2)","(224, 2)",0.0,0.0,0.0,0.0,0.0,15.710187789284905,5.839537652931021,28.52549210793741,1.8280572368867123e-13,7.673861546209082e-13,7.731540852509763e-13,1.1362339640592317e-13,7.673861546209082e-13,ok
sample_002753,"(224, 2)","(224, 2)",0.0,0.0,0.0,0.0,0.0,10.9192350900142,1.5357408635573768,22.163970763381002,8.729525039338374e-14,6.821210263296962e-13,6.821210263296962e-13,4.364762519669187e-14,6.821210263296962e-13,ok
sample_002754,"(224, 2)","(224, 2)",0.0,0.0,0.0,0.0,0.0,7.256855572589175,14.904663699661299,25.14842539802435,0.0,0.0,0.0,0.0,0.0,ok
sample_002755,"(224, 2)","(224, 2)",0.0,0.0,0.0,0.0,0.0,6.825305428565497,0.0,22.718435245412454,1.0455128826184331e-13,2.2737367544323206e-13,2.2737367544323206e-13,5.2275644130921654e-14,2.2737367544323206e-13,ok
sample_002756,"(224, 2)","(224, 2)",0.0,0.0,0.0,0.0,0.0,7.763524971020707,9.313565375300564,26.28753506892577,7.816763109807263e-14,2.2737367544323206e-13,2.2737367544323206e-13,3.9083815549036313e-14,2.2737367544323206e-13,ok
sample_002757,"(224, 2)","(224, 2)",0.0,0.0,0.0,0.0,0.0,9.294865549741585,5.181679264485522,27.39772983296244,7.691466511313853e-14,2.2737367544323206e-13,2.2737367544323206e-13,3.8457332556569264e-14,2.2737367544323206e-13,ok
sample_002758,"(224, 2)","(224, 2)",0.0,0.0,0.0,0.0,0.0,11.82817607352516,20.572275032188454,29.05128052255164,5.075305255429287e-15,0.0,2.2737367544323206e-13,2.5376526277146436e-15,2.2737367544323206e-13,ok
sample_002759,"(224, 2)","(224, 2)",0.0,0.0,0.0,0.0,0.0,8.706528275736975,2.869233347080692,27.699046915011376,1.522591576628786e-15,0.0,1.1368683772161603e-13,7.61295788314393e-16,1.1368683772161603e-13,ok
sample_002760,"(224, 2)","(224, 2)",0.0,0.0,0.0,0.0,0.0,5.660438671952464,0.0,25.615411376747407,5.925418885713692e-14,1.1368683772161603e-13,1.1368683772161603e-13,2.962709442856846e-14,1.1368683772161603e-13,ok
sample_002761,"(224, 2)","(224, 2)",0.0,0.0,0.0,0.0,0.0,7.911390615374856,26.204339335308507,26.585368156186906,1.6494742080145184e-14,5.684341886080802e-14,2.8421709430404007e-13,8.247371040072592e-15,2.8421709430404007e-13,ok
sample_002762,"(224, 2)","(224, 2)",0.0,0.0,0.0,0.0,0.0,8.095347037035204,12.238055401083903,30.366089639596275,0.0,0.0,0.0,0.0,0.0,ok
sample_002763,"(224, 2)","(224, 2)",0.0,0.0,0.0,0.0,0.0,6.269594893218825,0.0,22.176295903509192,0.0,0.0,0.0,0.0,0.0,ok
sample_002764,"(224, 2)","(224, 2)",0.0,0.0,0.0,0.0,0.0,7.520206531291032,0.0,26.32772113191717,7.61295788314393e-15,0.0,1.1368683772161603e-13,3.806478941571965e-15,1.1368683772161603e-13,ok
sample_002765,"(224, 2)","(224, 2)",0.0,0.0,0.0,0.0,0.0,9.084299260470782,4.263918385710365,27.522038441946936,0.0,0.0,0.0,0.0,0.0,ok
sample_002766,"(224, 2)","(224, 2)",0.0,0.0,0.0,0.0,0.0,0.5869884379910086,6.482692341920882,13.156842326333502,0.0,0.0,0.0,0.0,0.0,ok
sample_002767,"(224, 2)","(224, 2)",0.0,0.0,0.0,0.0,0.0,8.283027469696565,7.335011929097384,27.434430921745065,1.7256037868459575e-14,0.0,1.1368683772161603e-13,8.628018934229787e-15,1.1368683772161603e-13,ok
sample_002768,"(224, 2)","(224, 2)",0.0,0.0,0.0,0.0,0.0,8.778018099791844,0.0,28.915125799484226,5.075305255429287e-15,0.0,2.2737367544323206e-13,2.5376526277146436e-15,2.2737367544323206e-13,ok
sample_002769,"(224, 2)","(224, 2)",0.0,0.0,0.0,0.0,0.0,5.815409955044984,17.73508669276813,22.73599788881074,0.0,0.0,0.0,0.0,0.0,ok
sample_002770,"(224, 2)","(224, 2)",0.0,0.0,0.0,0.0,0.0,10.629818949876286,12.710472060470487,29.708197521896192,2.529753130759278e-14,0.0,1.1368683772161603e-13,1.3243374650885797e-14,1.1368683772161603e-13,ok
sample_002771,"(224, 2)","(224, 2)",0.0,0.0,0.0,0.0,0.0,9.737826141723044,22.020535869955523,26.264439837925252,1.1584384245517347e-13,2.2737367544323206e-13,2.2737367544323206e-13,5.792192122758673e-14,2.2737367544323206e-13,ok
sample_002772,"(224, 2)","(224, 2)",0.0,0.0,0.0,0.0,0.0,7.497250412947669,0.009999999999990905,26.750379436561353,7.61295788314393e-16,5.684341886080802e-14,5.684341886080802e-14,3.806478941571965e-16,5.684341886080802e-14,ok
sample_002773,"(224, 2)","(224, 2)",0.0,0.0,0.0,0.0,0.0,4.134549948362406,21.13159009634621,23.173178461316045,0.0,0.0,0.0,0.0,0.0,ok
sample_002774,"(224, 2)","(224, 2)",0.0,0.0,0.0,0.0,0.0,10.750369297862909,8.421995013059755,23.312764743805147,9.871468721809963e-14,5.684341886080801e-13,5.684341886080801e-13,4.9357343609049815e-14,5.684341886080801e-13,ok
sample_002775,"(224, 2)","(224, 2)",0.0,0.0,0.0,0.0,0.0,8.888314751744861,15.3824087840623,28.215541816523857,0.0,0.0,0.0,0.0,0.0,ok
sample_002776,"(224, 2)","(224, 2)",0.0,0.0,0.0,0.0,0.0,8.231818502345048,11.594800558871361,27.59666102991448,9.105414834818605e-14,0.0,1.1368683772161603e-13,4.5527074174093025e-14,1.1368683772161603e-13,ok
sample_002777,"(224, 2)","(224, 2)",0.0,0.0,0.0,0.0,0.0,8.590928798028205,16.607194224190934,25.733608375041324,6.15964717616544e-14,1.1368683772161603e-13,2.5421149729252077e-13,3.197442310920451e-14,2.2737367544323206e-13,ok
sample_002778,"(224, 2)","(224, 2)",0.0,0.0,0.0,0.0,0.0,10.022482892909276,22.019003156364604,27.11145329929769,1.273901619112751e-13,9.663381206337363e-13,9.663381206337363e-13,6.369508095563755e-14,9.663381206337363e-13,ok
sample_002779,"(224, 2)","(224, 2)",0.0,0.0,0.0,0.0,0.0,7.830994547766047,29.304996161064473,29.304996161064473,2.0554986284488612e-14,0.0,1.1368683772161603e-13,1.0277493142244306e-14,1.1368683772161603e-13,ok
sample_002780,"(224, 2)","(224, 2)",0.0,0.0,0.0,0.0,0.0,8.102011880478988,0.0,26.268012867364167,0.0,0.0,0.0,0.0,0.0,ok
sample_002781,"(224, 2)","(224, 2)",0.0,0.0,0.0,0.0,0.0,8.779225837619087,0.060827625302926874,24.69848780796101,2.0301221021717147e-15,0.0,2.2737367544323206e-13,1.0150610510858574e-15,2.2737367544323206e-13,ok
sample_002782,"(224, 2)","(224, 2)",0.0,0.0,0.0,0.0,0.0,8.929936919981106,0.0,27.242997265352482,0.0,0.0,0.0,0.0,0.0,ok
sample_002783,"(224, 2)","(224, 2)",0.0,0.0,0.0,0.0,0.0,3.6025381304435116,6.352715954613498,18.948820543770164,2.5757174171303632e-14,5.684341886080802e-14,1.1368683772161603e-13,1.2878587085651816e-14,1.1368683772161603e-13,ok
sample_002784,"(224, 2)","(224, 2)",0.0,0.0,0.0,0.0,0.0,8.166678012893536,5.308116426756347,26.181527839299285,1.1165671561944431e-14,1.1368683772161603e-13,1.1368683772161603e-13,5.582835780972216e-15,1.1368683772161603e-13,ok
sample_002785,"(224, 2)","(224, 2)",0.0,0.0,0.0,0.0,0.0,7.679237550943516,4.67629126552225,25.347972305492203,4.8215399926578226e-14,4.547473508864641e-13,5.684341886080801e-13,2.4107699963289113e-14,5.684341886080801e-13,ok
sample_002786,"(224, 2)","(224, 2)",0.0,0.0,0.0,0.0,0.0,8.285656782294609,26.051312826803922,28.60751125141786,6.674026410889512e-14,2.2737367544323206e-13,2.2737367544323206e-13,3.337013205444756e-14,2.2737367544323206e-13,ok
sample_002787,"(224, 2)","(224, 2)",0.0,0.0,0.0,0.0,0.0,9.25218973704942,11.692467660849037,22.92991059729629,3.146689258366158e-14,0.0,2.2737367544323206e-13,1.573344629183079e-14,2.2737367544323206e-13,ok
sample_002788,"(224, 2)","(224, 2)",0.0,0.0,0.0,0.0,0.0,3.367480385029908,7.026841395676971,17.250397096878526,0.0,0.0,0.0,0.0,0.0,ok
sample_002789,"(224, 2)","(224, 2)",0.0,0.0,0.0,0.0,0.0,7.084166329575842,0.6649060083950593,29.200967449726882,2.750181035285745e-14,2.2737367544323206e-13,2.2737367544323206e-13,1.3750905176428725e-14,2.2737367544323206e-13,ok
sample_002790,"(224, 2)","(224, 2)",0.0,0.0,0.0,0.0,0.0,6.798852097415492,8.62193713732596,26.28140407208114,1.2180732613030288e-14,1.1368683772161603e-13,3.410605131648481e-13,6.090366306515144e-15,3.410605131648481e-13,ok
sample_002791,"(224, 2)","(224, 2)",0.0,0.0,0.0,0.0,0.0,6.645851567531845,12.504355241274938,25.269447955980496,0.0,0.0,0.0,0.0,0.0,ok
sample_002792,"(224, 2)","(224, 2)",0.0,0.0,0.0,0.0,0.0,8.070445281303352,12.0921875605698,29.493918017109905,2.4004607825288207e-14,3.126388037344441e-13,3.907985046680551e-13,1.2002303912644103e-14,3.907985046680551e-13,ok
sample_002793,"(224, 2)","(224, 2)",0.0,0.0,0.0,0.0,0.0,2.8780123122591,6.253742879268227,18.837040638062057,0.0,0.0,0.0,0.0,0.0,ok
sample_002794,"(224, 2)","(224, 2)",0.0,0.0,0.0,0.0,0.0,7.203990361134515,8.65296480982099,26.940165181379264,5.075305255429287e-16,0.0,1.1368683772161603e-13,2.5376526277146434e-16,1.1368683772161603e-13,ok
sample_002795,"(224, 2)","(224, 2)",0.0,0.0,0.0,0.0,0.0,11.027088770776317,8.850723134298189,31.08309025820952,2.907053067040068e-14,3.2155493553843715e-13,4.0990372275064023e-13,1.8017333656773968e-14,3.410605131648481e-13,ok
sample_002796,"(224, 2)","(224, 2)",0.0,0.0,0.0,0.0,0.0,11.648785634967712,7.80356969597886,29.972595816845836,6.97854472621527e-16,5.684341886080802e-14,5.684341886080802e-14,3.489272363107635e-16,5.684341886080802e-14,ok
sample_002797,"(224, 2)","(224, 2)",0.0,0.0,0.0,0.0,0.0,9.794826370731345,16.25239982279545,26.549661014785052,8.48527597392084e-15,0.0,5.684341886080802e-14,4.24263798696042e-15,5.684341886080802e-14,ok
sample_002798,"(224, 2)","(224, 2)",0.0,0.0,0.0,0.0,0.0,7.995693147117772,9.058399417115597,24.326086820530836,1.2688263138573218e-15,1.1368683772161603e-13,1.1368683772161603e-13,6.344131569286609e-16,1.1368683772161603e-13,ok
sample_002799,"(224, 2)","(224, 2)",0.0,0.0,0.0,0.0,0.0,9.282703111302336,21.01274375230406,30.28098413195976,4.491645151054919e-14,1.1368683772161603e-13,6.821210263296962e-13,2.2458225755274594e-14,6.821210263296962e-13,ok
sample_002800,"(224, 2)","(224, 2)",0.0,0.0,0.0,0.0,0.0,9.548445940148822,25.862718341272537,31.486246203699903,0.0,0.0,0.0,0.0,0.0,ok
sample_002801,"(224, 2)","(224, 2)",0.0,0.0,0.0,0.0,0.0,10.152958606218956,18.705902811679458,26.18956280658393,6.597896832058073e-15,0.0,2.2737367544323206e-13,3.2989484160290367e-15,2.2737367544323206e-13,ok
sample_002802,"(224, 2)","(224, 2)",0.0,0.0,0.0,0.0,0.0,11.7324661277199,0.0,28.536520460630893,1.822034586699114e-13,1.3642420526593924e-12,1.3642420526593924e-12,9.11017293349557e-14,1.3642420526593924e-12,ok
sample_002803,"(224, 2)","(224, 2)",0.0,0.0,0.0,0.0,0.0,8.179808999063656,13.83224132236009,30.261189665973003,0.0,0.0,0.0,0.0,0.0,ok
sample_002804,"(224, 2)","(224, 2)",0.0,0.0,0.0,0.0,0.0,2.4219509443080693,3.9379436258026344,15.803252829718337,0.0,0.0,0.0,0.0,0.0,ok
sample_002805,"(224, 2)","(224, 2)",0.0,0.0,0.0,0.0,0.0,12.882777661727527,15.050013289030675,31.75613326587472,1.277708098054323e-13,7.460698725481052e-13,8.242295734817162e-13,6.388540490271615e-14,8.242295734817162e-13,ok
sample_002806,"(224, 2)","(224, 2)",0.0,0.0,0.0,0.0,0.0,4.349045399325582,3.061780527732218,16.958163226010168,3.6795963101862334e-15,0.0,5.684341886080802e-14,1.8397981550931167e-15,5.684341886080802e-14,ok
sample_002807,"(224, 2)","(224, 2)",0.0,0.0,0.0,0.0,0.0,8.236923334970017,26.22772006866005,27.24953210607483,7.866723145915395e-15,0.0,5.684341886080802e-14,3.933361572957698e-15,5.684341886080802e-14,ok
sample_002808,"(224, 2)","(224, 2)",0.0,0.0,0.0,0.0,0.0,8.199818629369824,0.5412947441091499,29.10104465478862,1.167320208748736e-14,0.0,1.1368683772161603e-13,5.83660104374368e-15,1.1368683772161603e-13,ok
sample_002809,"(224, 2)","(224, 2)",0.0,0.0,0.0,0.0,0.0,8.690881257167291,4.28939389657793,23.984171863960633,1.8826210431858013e-14,6.750155989720952e-14,1.4921397450962104e-13,9.413105215929006e-15,1.4921397450962104e-13,ok
sample_002810,"(224, 2)","(224, 2)",0.0,0.0,0.0,0.0,0.0,7.375475584261312,0.0,28.779411043313424,6.293378516732316e-14,6.821210263296962e-13,6.821210263296962e-13,3.146689258366158e-14,6.821210263296962e-13,ok
sample_002811,"(224, 2)","(224, 2)",0.0,0.0,0.0,0.0,0.0,6.610327566046337,26.10384071358074,26.90369677200518,3.907985046680551e-14,5.684341886080802e-14,5.684341886080802e-14,1.9539925233402755e-14,5.684341886080802e-14,ok
sample_002812,"(224, 2)","(224, 2)",0.0,0.0,0.0,0.0,0.0,12.439664701636932,24.822773817605594,25.42192950977546,2.5376526277146434e-16,0.0,5.684341886080802e-14,1.2688263138573217e-16,5.684341886080802e-14,ok
sample_002813,"(224, 2)","(224, 2)",0.0,0.0,0.0,0.0,0.0,7.821218680861118,6.261030266657397,30.13446034028133,1.3931712926153393e-13,3.979039320256561e-13,6.821210263296962e-13,6.965856463076697e-14,6.821210263296962e-13,ok
sample_002814,"(224, 2)","(224, 2)",0.0,0.0,0.0,0.0,0.0,4.405540520279393,0.0,25.926638810304727,7.61295788314393e-15,1.1368683772161603e-13,1.1368683772161603e-13,3.806478941571965e-15,1.1368683772161603e-13,ok
sample_002815,"(224, 2)","(224, 2)",0.0,0.0,0.0,0.0,0.0,7.903218930016793,9.569205818666585,26.154387777197183,1.9032394707859825e-16,0.0,7.105427357601002e-15,9.516197353929913e-17,7.105427357601002e-15,ok
sample_002816,"(224, 2)","(224, 2)",0.0,0.0,0.0,0.0,0.0,7.946646591024156,10.751269692459303,24.16138448019896,0.0,0.0,0.0,0.0,0.0,ok
sample_002817,"(224, 2)","(224, 2)",0.0,0.0,0.0,0.0,0.0,6.490324650513823,12.431995012869018,25.013616291931818,0.0,0.0,0.0,0.0,0.0,ok
sample_002818,"(224, 2)","(224, 2)",0.0,0.0,0.0,0.0,0.0,7.311321889685205,10.341726161526447,24.630300444777326,1.167320208748736e-14,0.0,5.684341886080802e-14,5.83660104374368e-15,5.684341886080802e-14,ok
sample_002819,"(224, 2)","(224, 2)",0.0,0.0,0.0,0.0,0.0,9.373555158711513,2.8234907472842874,26.724761925974235,4.379988435435475e-13,1.0231815394945443e-12,1.3642420526593924e-12,2.1899942177177375e-13,1.3642420526593924e-12,ok
sample_002820,"(224, 2)","(224, 2)",0.0,0.0,0.0,0.0,0.0,9.141848446012187,11.57062228231486,24.34586207140769,0.0,0.0,0.0,0.0,0.0,ok
sample_002821,"(224, 2)","(224, 2)",0.0,0.0,0.0,0.0,0.0,6.948620672313745,24.312515295624962,24.89828307333665,4.567774729886359e-15,2.2737367544323206e-13,2.2737367544323206e-13,2.2838873649431793e-15,2.2737367544323206e-13,ok
sample_002822,"(224, 2)","(224, 2)",0.0,0.0,0.0,0.0,0.0,2.7658306374765345,4.546834063389647,14.993135095769695,0.0,0.0,0.0,0.0,0.0,ok
sample_002823,"(224, 2)","(224, 2)",0.0,0.0,0.0,0.0,0.0,8.046649717641886,9.420047770579583,27.222889266203943,3.907985046680551e-14,1.1368683772161603e-13,1.1368683772161603e-13,1.9539925233402755e-14,1.1368683772161603e-13,ok
sample_002824,"(224, 2)","(224, 2)",0.0,0.0,0.0,0.0,0.0,7.017139850158502,6.863526790215085,28.634463501172966,1.0150610510858574e-15,1.1368683772161603e-13,1.1368683772161603e-13,5.075305255429287e-16,1.1368683772161603e-13,ok
sample_002825,"(224, 2)","(224, 2)",0.0,0.0,0.0,0.0,0.0,9.099751242328884,10.170801345026875,24.666667792792676,6.090366306515144e-15,0.0,1.1368683772161603e-13,3.045183153257572e-15,1.1368683772161603e-13,ok
sample_002826,"(224, 2)","(224, 2)",0.0,0.0,0.0,0.0,0.0,5.460126314872023,13.139809739870643,26.488535255842248,0.0,0.0,0.0,0.0,0.0,ok
sample_002827,"(224, 2)","(224, 2)",0.0,0.0,0.0,0.0,0.0,5.2263775429293435,5.832820929876099,25.731661431007495,0.0,0.0,0.0,0.0,0.0,ok
sample_002828,"(224, 2)","(224, 2)",0.0,0.0,0.0,0.0,0.0,4.839420903678799,16.34634209846359,27.84661200218092,0.0,0.0,0.0,0.0,0.0,ok
sample_002829,"(224, 2)","(224, 2)",0.0,0.0,0.0,0.0,0.0,4.916605093756979,18.562728786468874,27.07198736701846,1.4337737346587735e-14,0.0,5.684341886080802e-14,7.168868673293868e-15,5.684341886080802e-14,ok
sample_002830,"(224, 2)","(224, 2)",0.0,0.0,0.0,0.0,0.0,8.381282492508053,26.578987941605302,27.256243321485105,9.643079985315645e-14,4.547473508864641e-13,4.547473508864641e-13,4.8215399926578226e-14,4.547473508864641e-13,ok
sample_002831,"(224, 2)","(224, 2)",0.0,0.0,0.0,0.0,0.0,5.098347233494074,11.050592744283039,26.045548564006022,8.450383250289763e-14,1.1368683772161603e-13,1.7053025658242404e-13,4.225191625144881e-14,1.7053025658242404e-13,ok
sample_002832,"(224, 2)","(224, 2)",0.0,0.0,0.0,0.0,0.0,8.168277134280624,15.743506597959708,26.48985466173804,0.0,0.0,0.0,0.0,0.0,ok
sample_002833,"(224, 2)","(224, 2)",0.0,0.0,0.0,0.0,0.0,7.541886426278237,0.0,29.169554333242694,0.0,0.0,0.0,0.0,0.0,ok
sample_002834,"(224, 2)","(224, 2)",0.0,0.0,0.0,0.0,0.0,10.081999406835958,5.251637839759993,29.390154814155164,3.907985046680551e-14,2.2737367544323206e-13,2.2737367544323206e-13,1.9539925233402755e-14,2.2737367544323206e-13,ok
sample_002835,"(224, 2)","(224, 2)",0.0,0.0,0.0,0.0,0.0,9.10949972132211,9.236471187634427,29.71214229906682,1.1013412404281553e-13,5.684341886080801e-13,6.821210263296962e-13,5.5067062021407764e-14,6.821210263296962e-13,ok
sample_002836,"(224, 2)","(224, 2)",0.0,0.0,0.0,0.0,0.0,7.881454308987729,15.148022973312527,28.58028866194322,1.0582011457570063e-13,2.2737367544323206e-13,2.2737367544323206e-13,5.2910057287850316e-14,2.2737367544323206e-13,ok
sample_002837,"(224, 2)","(224, 2)",0.0,0.0,0.0,0.0,0.0,11.923003304976216,11.112645949547803,29.316522645088646,6.704759986597456e-14,4.0990372275064023e-13,4.0990372275064023e-13,3.3877662579990494e-14,3.979039320256561e-13,ok
sample_002838,"(224, 2)","(224, 2)",0.0,0.0,0.0,0.0,0.0,4.9826266056695685,26.395387854699152,26.395387854699152,0.0,0.0,0.0,0.0,0.0,ok
sample_002839,"(224, 2)","(224, 2)",0.0,0.0,0.0,0.0,0.0,5.190483958599272,12.12336999352903,26.444918226381372,0.0,0.0,0.0,0.0,0.0,ok
sample_002840,"(224, 2)","(224, 2)",0.0,0.0,0.0,0.0,0.0,5.284715969521931,15.040029920182969,26.40367398677695,0.0,0.0,0.0,0.0,0.0,ok
sample_002841,"(224, 2)","(224, 2)",0.0,0.0,0.0,0.0,0.0,10.072296082891567,11.954020244252582,29.301631353902472,3.552713678800501e-14,0.0,1.1368683772161603e-13,1.7763568394002505e-14,1.1368683772161603e-13,ok
sample_002842,"(224, 2)","(224, 2)",0.0,0.0,0.0,0.0,0.0,4.89634603116273,0.02236067977497756,26.070797839728773,4.7580986769649564e-14,5.684341886080802e-14,1.7053025658242404e-13,2.3790493384824782e-14,1.7053025658242404e-13,ok
sample_002843,"(224, 2)","(224, 2)",0.0,0.0,0.0,0.0,0.0,4.880069495644902,3.0857738089497504,25.33143896425935,0.0,0.0,0.0,0.0,0.0,ok
sample_002844,"(224, 2)","(224, 2)",0.0,0.0,0.0,0.0,0.0,4.8266254626634,0.009999999999990905,25.346465236793936,5.950795411990839e-14,1.1368683772161603e-13,1.1368683772161603e-13,2.9753977059954195e-14,1.1368683772161603e-13,ok
sample_002845,"(224, 2)","(224, 2)",0.0,0.0,0.0,0.0,0.0,8.775065513442438,0.8920201791440512,26.14447551587159,5.176811360537873e-14,2.2737367544323206e-13,2.2737367544323206e-13,2.5884056802689363e-14,2.2737367544323206e-13,ok
sample_002846,"(224, 2)","(224, 2)",0.0,0.0,0.0,0.0,0.0,8.373316644890387,17.62562055645108,30.28168588437563,0.0,0.0,0.0,0.0,0.0,ok
sample_002847,"(224, 2)","(224, 2)",0.0,0.0,0.0,0.0,0.0,7.843197994177638,9.218768898285825,27.254328096652873,6.19187241162373e-14,4.547473508864641e-13,6.821210263296962e-13,3.095936205811865e-14,6.821210263296962e-13,ok
sample_002848,"(224, 2)","(224, 2)",0.0,0.0,0.0,0.0,0.0,4.315752094662453,0.0,25.69327733085062,0.0,0.0,0.0,0.0,0.0,ok
sample_002849,"(224, 2)","(224, 2)",0.0,0.0,0.0,0.0,0.0,7.388476570365337,12.520351432767356,28.275050839918798,0.0,0.0,0.0,0.0,0.0,ok
sample_002850,"(224, 2)","(224, 2)",0.0,0.0,0.0,0.0,0.0,10.563127895513531,6.3837998088912435,29.745004622625352,1.025211661596716e-13,2.2737367544323206e-13,4.547473508864641e-13,5.12605830798358e-14,4.547473508864641e-13,ok
sample_002851,"(224, 2)","(224, 2)",0.0,0.0,0.0,0.0,0.0,8.176960282757353,8.305546339645446,26.876298108184482,1.522591576628786e-14,1.1368683772161603e-13,1.1368683772161603e-13,7.61295788314393e-15,1.1368683772161603e-13,ok
sample_002852,"(224, 2)","(224, 2)",0.0,0.0,0.0,0.0,0.0,7.071906787675366,19.25031947786844,29.900919718296233,1.6240976817373718e-14,0.0,2.2737367544323206e-13,8.120488408686859e-15,2.2737367544323206e-13,ok
sample_002853,"(224, 2)","(224, 2)",0.0,0.0,0.0,0.0,0.0,7.354462381576066,8.435146708860445,29.620102970786593,0.0,0.0,0.0,0.0,0.0,ok
sample_002854,"(224, 2)","(224, 2)",0.0,0.0,0.0,0.0,0.0,4.329342013799598,0.0,26.97984432868357,6.661338147750939e-14,1.1368683772161603e-13,1.1368683772161603e-13,3.3306690738754696e-14,1.1368683772161603e-13,ok
sample_002855,"(224, 2)","(224, 2)",0.0,0.0,0.0,0.0,0.0,6.947667536184326,7.957700672933152,25.9062309107288,7.61295788314393e-15,2.2737367544323206e-13,2.2737367544323206e-13,3.806478941571965e-15,2.2737367544323206e-13,ok
sample_002856,"(224, 2)","(224, 2)",0.0,0.0,0.0,0.0,0.0,8.593533022157269,1.5592947123620213,25.936385638712313,2.5376526277146437e-14,0.0,1.1368683772161603e-13,1.2688263138573218e-14,1.1368683772161603e-13,ok
sample_002857,"(224, 2)","(224, 2)",0.0,0.0,0.0,0.0,0.0,10.191007677431438,12.469663187111392,28.487416520281236,0.0,0.0,0.0,0.0,0.0,ok
sample_002858,"(224, 2)","(224, 2)",0.0,0.0,0.0,0.0,0.0,5.8897902358545045,15.467391506003885,24.44295399496546,1.7256037868459575e-14,5.684341886080801e-13,5.684341886080801e-13,8.628018934229787e-15,5.684341886080801e-13,ok
sample_002859,"(224, 2)","(224, 2)",0.0,0.0,0.0,0.0,0.0,3.5856363004766365,4.826437609666067,26.77293596152647,0.0,0.0,0.0,0.0,0.0,ok
sample_002860,"(224, 2)","(224, 2)",0.0,0.0,0.0,0.0,0.0,7.693193013609459,0.14866068747308808,26.825146784314228,0.0,0.0,0.0,0.0,0.0,ok
sample_002861,"(224, 2)","(224, 2)",0.0,0.0,0.0,0.0,0.0,9.795975555400238,10.107051993533847,28.958815583514426,2.3790493384824782e-17,0.0,3.552713678800501e-15,1.1895246692412391e-17,3.552713678800501e-15,ok
sample_002862,"(224, 2)","(224, 2)",0.0,0.0,0.0,0.0,0.0,8.314677059515033,0.0,25.22049959854103,0.0,0.0,0.0,0.0,0.0,ok
sample_002863,"(224, 2)","(224, 2)",0.0,0.0,0.0,0.0,0.0,8.090940511033299,14.496734114965376,29.761016447695543,1.2942028401344683e-13,2.2737367544323206e-13,2.2737367544323206e-13,6.471014200672341e-14,2.2737367544323206e-13,ok
sample_002864,"(224, 2)","(224, 2)",0.0,0.0,0.0,0.0,0.0,8.893790445410305,10.406497970018533,27.983137779741668,3.2989484160290367e-15,0.0,5.684341886080802e-14,1.6494742080145183e-15,5.684341886080802e-14,ok
sample_002865,"(224, 2)","(224, 2)",0.0,0.0,0.0,0.0,0.0,7.382224508185568,16.008560210087616,25.255797354271024,8.374253671458324e-15,5.684341886080802e-14,5.684341886080802e-14,4.187126835729162e-15,5.684341886080802e-14,ok
sample_002866,"(224, 2)","(224, 2)",0.0,0.0,0.0,0.0,0.0,4.798329254564952,25.67200031162352,27.750045045008413,0.0,0.0,0.0,0.0,0.0,ok
sample_002867,"(224, 2)","(224, 2)",0.0,0.0,0.0,0.0,0.0,3.5255010403625113,11.04703127541513,24.91930376234453,1.9032394707859825e-16,0.0,1.4210854715202004e-14,9.516197353929913e-17,1.4210854715202004e-14,ok
sample_002868,"(224, 2)","(224, 2)",0.0,0.0,0.0,0.0,0.0,5.029388339946221,6.610756386375167,26.593452201622974,3.260883626613317e-14,5.684341886080802e-14,5.684341886080802e-14,1.6304418133066585e-14,5.684341886080802e-14,ok
sample_002869,"(224, 2)","(224, 2)",0.0,0.0,0.0,0.0,0.0,8.324115219989135,5.783165223301227,25.24799397972045,6.344131569286608e-17,0.0,1.4210854715202004e-14,3.172065784643304e-17,1.4210854715202004e-14,ok
sample_002870,"(224, 2)","(224, 2)",0.0,0.0,0.0,0.0,0.0,4.110524094885243,10.160811975427993,27.568344165001914,0.0,0.0,0.0,0.0,0.0,ok
sample_002871,"(224, 2)","(224, 2)",0.0,0.0,0.0,0.0,0.0,12.320783684654815,6.1964021819116795,31.3864461193044,1.537817492395074e-13,6.821210263296962e-13,9.094947017729282e-13,7.68908746197537e-14,9.094947017729282e-13,ok
sample_002872,"(224, 2)","(224, 2)",0.0,0.0,0.0,0.0,0.0,8.285375564739432,25.95465468851395,30.27291363579006,0.0,0.0,0.0,0.0,0.0,ok
sample_002873,"(224, 2)","(224, 2)",0.0,0.0,0.0,0.0,0.0,7.228040650699329,3.9971990193133586,28.558011135231254,4.0348676780662834e-14,2.2737367544323206e-13,4.547473508864641e-13,2.0174338390331417e-14,4.547473508864641e-13,ok
sample_002874,"(224, 2)","(224, 2)",0.0,0.0,0.0,0.0,0.0,11.578317703008805,0.0,23.103949878754527,6.257609873698222e-14,6.12222357532858e-13,6.12222357532858e-13,3.806478941571965e-14,5.684341886080801e-13,ok
sample_002875,"(224, 2)","(224, 2)",0.0,0.0,0.0,0.0,0.0,8.22707865687524,0.6139218191267674,25.86875335225882,9.095898637464676e-15,0.0,5.684341886080802e-14,4.547949318732338e-15,5.684341886080802e-14,ok
sample_002876,"(224, 2)","(224, 2)",0.0,0.0,0.0,0.0,0.0,8.072977596480282,5.351121377804833,22.0117786650693,6.629339800975336e-14,1.6077746776921858e-13,2.6812987050722663e-13,3.98411462551199e-14,2.2737367544323206e-13,ok
sample_002877,"(224, 2)","(224, 2)",0.0,0.0,0.0,0.0,0.0,11.13901040863152,0.0,33.26914486427337,2.3600169437746185e-13,9.094947017729282e-13,9.094947017729282e-13,1.1800084718873093e-13,9.094947017729282e-13,ok
sample_002878,"(224, 2)","(224, 2)",0.0,0.0,0.0,0.0,0.0,6.192777444299296,0.0,27.354350659447206,0.0,0.0,0.0,0.0,0.0,ok
sample_002879,"(224, 2)","(224, 2)",0.0,0.0,0.0,0.0,0.0,7.363129298490999,0.0,25.79623615956394,0.0,0.0,0.0,0.0,0.0,ok
sample_002880,"(224, 2)","(224, 2)",0.0,0.0,0.0,0.0,0.0,7.67479867685343,0.0,27.635875234918803,7.308439567818174e-14,2.2737367544323206e-13,4.547473508864641e-13,3.654219783909087e-14,4.547473508864641e-13,ok
sample_002881,"(224, 2)","(224, 2)",0.0,0.0,0.0,0.0,0.0,7.560645367742301,14.724700336509363,26.819224448145384,5.075305255429287e-16,0.0,5.684341886080802e-14,2.5376526277146434e-16,5.684341886080802e-14,ok
sample_002882,"(224, 2)","(224, 2)",0.0,0.0,0.0,0.0,0.0,7.833440278089439,0.0,24.500165305564703,0.0,0.0,0.0,0.0,0.0,ok
sample_002883,"(224, 2)","(224, 2)",0.0,0.0,0.0,0.0,0.0,7.519747103799166,5.380009293672236,28.717703598999737,0.0,0.0,0.0,0.0,0.0,ok
sample_002884,"(224, 2)","(224, 2)",0.0,0.0,0.0,0.0,0.0,7.5723910540086115,0.02236067977497756,25.934311249771028,0.0,0.0,0.0,0.0,0.0,ok
sample_002885,"(224, 2)","(224, 2)",0.0,0.0,0.0,0.0,0.0,7.940319146182631,0.0,26.863782310017303,0.0,0.0,0.0,0.0,0.0,ok
sample_002886,"(224, 2)","(224, 2)",0.0,0.0,0.0,0.0,0.0,9.896855496611883,23.40743685241943,31.148189353476063,1.0150610510858574e-14,2.2737367544323206e-13,2.2737367544323206e-13,5.075305255429287e-15,2.2737367544323206e-13,ok
sample_002887,"(224, 2)","(224, 2)",0.0,0.0,0.0,0.0,0.0,8.728404835742719,0.9276313923105933,26.052633264221058,1.522591576628786e-15,0.0,1.1368683772161603e-13,7.61295788314393e-16,1.1368683772161603e-13,ok
sample_002888,"(224, 2)","(224, 2)",0.0,0.0,0.0,0.0,0.0,7.791472883367019,11.675632745166297,26.448810937356072,0.0,0.0,0.0,0.0,0.0,ok
sample_002889,"(224, 2)","(224, 2)",0.0,0.0,0.0,0.0,0.0,6.362202099757858,3.9005640617736237,26.64815565850664,1.167320208748736e-14,0.0,3.410605131648481e-13,5.83660104374368e-15,3.410605131648481e-13,ok
sample_002890,"(224, 2)","(224, 2)",0.0,0.0,0.0,0.0,0.0,10.569677479665486,10.360482614241494,26.57207933150887,1.1013412404281553e-13,5.684341886080801e-13,6.821210263296962e-13,5.5067062021407764e-14,6.821210263296962e-13,ok
sample_002891,"(224, 2)","(224, 2)",0.0,0.0,0.0,0.0,0.0,8.221382740917505,23.669611319157756,32.423961818383646,1.0150610510858574e-15,0.0,1.1368683772161603e-13,5.075305255429287e-16,1.1368683772161603e-13,ok
sample_002892,"(224, 2)","(224, 2)",0.0,0.0,0.0,0.0,0.0,9.719406489681091,23.111626944029783,26.45955592975815,6.046827070741906e-15,1.1368683772161603e-13,1.6077746776921858e-13,3.1720657846433046e-15,1.1368683772161603e-13,ok
sample_002893,"(224, 2)","(224, 2)",0.0,0.0,0.0,0.0,0.0,6.055473901712117,13.57153639054912,23.833161770944336,2.6566050946387674e-16,0.0,1.4210854715202004e-14,1.3283025473193837e-16,1.4210854715202004e-14,ok
sample_002894,"(224, 2)","(224, 2)",0.0,0.0,0.0,0.0,0.0,7.076152146224762,6.7766215771576634,27.115643086602322,0.0,0.0,0.0,0.0,0.0,ok
sample_002895,"(224, 2)","(224, 2)",0.0,0.0,0.0,0.0,0.0,8.14310467226346,11.413890660068608,24.726635436306314,6.344131569286609e-16,0.0,2.842170943040401e-14,3.1720657846433045e-16,2.842170943040401e-14,ok
sample_002896,"(224, 2)","(224, 2)",0.0,0.0,0.0,0.0,0.0,8.504016582164772,7.907066459819293,23.48587873595545,0.0,0.0,0.0,0.0,0.0,ok
sample_002897,"(224, 2)","(224, 2)",0.0,0.0,0.0,0.0,0.0,8.25544965681454,8.21424372660074,28.036048223670864,0.0,0.0,0.0,0.0,0.0,ok
sample_002898,"(224, 2)","(224, 2)",0.0,0.0,0.0,0.0,0.0,7.439747426803076,0.2340939982144321,21.191897036367525,0.0,0.0,0.0,0.0,0.0,ok
sample_002899,"(224, 2)","(224, 2)",0.0,0.0,0.0,0.0,0.0,6.611243935274731,0.010000000000104592,24.633978566199996,9.389314722544181e-15,1.1368683772161603e-13,1.1368683772161603e-13,4.6946573612720904e-15,1.1368683772161603e-13,ok
sample_002900,"(224, 2)","(224, 2)",0.0,0.0,0.0,0.0,0.0,9.483794373136464,7.268149695761716,28.471327682424658,4.067458021124484e-14,0.0,1.6077746776921858e-13,2.1823812598345936e-14,1.1368683772161603e-13,ok
sample_002901,"(224, 2)","(224, 2)",0.0,0.0,0.0,0.0,0.0,7.768008062911868,26.10110342495121,26.10110342495121,1.2688263138573218e-14,1.7053025658242404e-13,2.2737367544323206e-13,6.344131569286609e-15,2.2737367544323206e-13,ok
sample_002902,"(224, 2)","(224, 2)",0.0,0.0,0.0,0.0,0.0,6.122290508861942,9.097939327122443,23.562523209537567,2.969053574426133e-14,1.1368683772161603e-13,1.1368683772161603e-13,1.4845267872130665e-14,1.1368683772161603e-13,ok
sample_002903,"(224, 2)","(224, 2)",0.0,0.0,0.0,0.0,0.0,9.593391457921614,26.478189137476726,26.861202504728077,0.0,0.0,0.0,0.0,0.0,ok
sample_002904,"(224, 2)","(224, 2)",0.0,0.0,0.0,0.0,0.0,9.168701278125114,6.874336331603152,30.36664288326912,2.2838873649431793e-14,1.1368683772161603e-13,3.410605131648481e-13,1.1419436824715896e-14,3.410605131648481e-13,ok
sample_002905,"(224, 2)","(224, 2)",0.0,0.0,0.0,0.0,0.0,8.397917292071348,27.898324322439052,28.891140510544083,4.0602442043434294e-15,0.0,2.2737367544323206e-13,2.0301221021717147e-15,2.2737367544323206e-13,ok
sample_002906,"(224, 2)","(224, 2)",0.0,0.0,0.0,0.0,0.0,11.310540650426917,9.340048179747287,22.10238901114548,1.1520942929824482e-13,5.684341886080801e-13,5.684341886080801e-13,5.760471464912241e-14,5.684341886080801e-13,ok
sample_002907,"(224, 2)","(224, 2)",0.0,0.0,0.0,0.0,0.0,15.918670229043643,12.49082863544291,32.298645482434665,3.345951915260487e-13,1.3642420526593924e-12,1.4256256922617983e-12,1.75288355259389e-13,1.4210854715202004e-12,ok
sample_002908,"(224, 2)","(224, 2)",0.0,0.0,0.0,0.0,0.0,9.896029037906093,8.045595068110213,27.225401741755952,4.4104146334593587e-14,3.2155493553843715e-13,3.2155493553843715e-13,2.3092638912203256e-14,2.2737367544323206e-13,ok
sample_002909,"(224, 2)","(224, 2)",0.0,0.0,0.0,0.0,0.0,9.376069978481544,13.4978405680316,32.245449291334026,2.5884056802689363e-14,6.821210263296962e-13,6.821210263296962e-13,1.2942028401344682e-14,6.821210263296962e-13,ok
sample_002910,"(224, 2)","(224, 2)",0.0,0.0,0.0,0.0,0.0,9.363779337922697,23.282063911947347,26.00023269126653,1.6240976817373718e-14,5.684341886080802e-14,2.2737367544323206e-13,8.120488408686859e-15,2.2737367544323206e-13,ok
sample_002911,"(224, 2)","(224, 2)",0.0,0.0,0.0,0.0,0.0,10.44412526677459,5.730034903907672,30.331079769767587,7.866723145915395e-14,4.547473508864641e-13,6.821210263296962e-13,3.9333615729576974e-14,6.821210263296962e-13,ok
sample_002912,"(224, 2)","(224, 2)",0.0,0.0,0.0,0.0,0.0,8.122598406725631,23.407026722760055,23.48005110726977,0.0,0.0,0.0,0.0,0.0,ok
sample_002913,"(224, 2)","(224, 2)",0.0,0.0,0.0,0.0,0.0,7.324402904444923,12.877274556364895,28.322332177982815,2.0301221021717147e-15,0.0,2.2737367544323206e-13,1.0150610510858574e-15,2.2737367544323206e-13,ok
sample_002914,"(224, 2)","(224, 2)",0.0,0.0,0.0,0.0,0.0,8.22681575835709,5.168142799884553,24.16228466018894,2.5376526277146436e-15,0.0,1.1368683772161603e-13,1.2688263138573218e-15,1.1368683772161603e-13,ok
sample_002915,"(224, 2)","(224, 2)",0.0,0.0,0.0,0.0,0.0,7.990282787814055,11.432068929113257,28.062063359631882,1.7763568394002505e-15,0.0,5.684341886080802e-14,8.881784197001252e-16,5.684341886080802e-14,ok
sample_002916,"(224, 2)","(224, 2)",0.0,0.0,0.0,0.0,0.0,9.03178063136543,26.197595309493654,30.267513938214254,1.2180732613030288e-14,0.0,2.2737367544323206e-13,6.090366306515144e-15,2.2737367544323206e-13,ok
sample_002917,"(224, 2)","(224, 2)",0.0,0.0,0.0,0.0,0.0,5.701685615261042,1.010000000000018,18.80910949513559,1.7256037868459575e-14,0.0,1.1368683772161603e-13,8.628018934229787e-15,1.1368683772161603e-13,ok
sample_002918,"(224, 2)","(224, 2)",0.0,0.0,0.0,0.0,0.0,4.921276373249351,0.0,24.607356623579047,0.0,0.0,0.0,0.0,0.0,ok
sample_002919,"(224, 2)","(224, 2)",0.0,0.0,0.0,0.0,0.0,8.450811964791821,8.819189305145974,24.23666024847491,2.3092638912203256e-14,5.684341886080802e-14,5.684341886080802e-14,1.1546319456101628e-14,5.684341886080802e-14,ok
sample_002920,"(224, 2)","(224, 2)",0.0,0.0,0.0,0.0,0.0,9.738688110800982,10.985758963312477,27.964810029749934,4.096762545068517e-14,2.428351918216984e-13,2.428351918216984e-13,2.417114127898198e-14,2.2737367544323206e-13,ok
sample_002921,"(224, 2)","(224, 2)",0.0,0.0,0.0,0.0,0.0,7.530732425799164,10.910004582950462,27.04020155250324,1.9559171963230087e-14,1.9895196601282805e-13,2.2737367544323206e-13,1.0293353471167522e-14,2.2737367544323206e-13,ok
sample_002922,"(224, 2)","(224, 2)",0.0,0.0,0.0,0.0,0.0,12.005445412779197,13.065389393355211,27.976592001171202,2.996967753330994e-13,1.2505552149377763e-12,1.8189894035458565e-12,1.498483876665497e-13,1.8189894035458565e-12,ok
sample_002923,"(224, 2)","(224, 2)",0.0,0.0,0.0,0.0,0.0,7.450698552012548,2.3533168082517384,21.493508322281787,0.0,0.0,0.0,0.0,0.0,ok
sample_002924,"(224, 2)","(224, 2)",0.0,0.0,0.0,0.0,0.0,6.915215458296822,0.0,27.7084247116289,0.0,0.0,0.0,0.0,0.0,ok
sample_002925,"(224, 2)","(224, 2)",0.0,0.0,0.0,0.0,0.0,6.993892476386187,11.08054601542724,22.999532603946538,1.8397981550931166e-14,0.0,5.684341886080802e-14,9.198990775465583e-15,5.684341886080802e-14,ok
sample_002926,"(224, 2)","(224, 2)",0.0,0.0,0.0,0.0,0.0,7.113094763971827,0.0,28.778875933573058,1.1165671561944431e-13,2.2737367544323206e-13,2.2737367544323206e-13,5.5828357809722155e-14,2.2737367544323206e-13,ok
sample_002927,"(224, 2)","(224, 2)",0.0,0.0,0.0,0.0,0.0,8.563669391227373,11.072908380367137,26.505263628192694,3.2481953634747435e-14,0.0,2.2737367544323206e-13,1.6240976817373718e-14,2.2737367544323206e-13,ok
sample_002928,"(224, 2)","(224, 2)",0.0,0.0,0.0,0.0,0.0,8.401902103965478,22.10905922919368,25.181852592690632,5.582835780972216e-15,0.0,1.1368683772161603e-13,2.791417890486108e-15,1.1368683772161603e-13,ok
sample_002929,"(224, 2)","(224, 2)",0.0,0.0,0.0,0.0,0.0,11.122094179123637,12.779890453364583,28.322955354270505,6.592011338702806e-14,3.2155493553843715e-13,3.2155493553843715e-13,4.37745078280776e-14,2.2737367544323206e-13,ok
sample_002930,"(224, 2)","(224, 2)",0.0,0.0,0.0,0.0,0.0,8.464965187953657,13.293381812014529,27.52919359516369,1.9286159970631292e-14,0.0,2.2737367544323206e-13,9.643079985315646e-15,2.2737367544323206e-13,ok
sample_002931,"(224, 2)","(224, 2)",0.0,0.0,0.0,0.0,0.0,8.614032160787879,16.44238425533243,25.781365363378374,0.0,0.0,0.0,0.0,0.0,ok
sample_002932,"(224, 2)","(224, 2)",0.0,0.0,0.0,0.0,0.0,9.84401892845195,6.144794544978705,30.17248581075143,1.3652571137104783e-13,1.0231815394945443e-12,1.0231815394945443e-12,6.826285568552391e-14,1.0231815394945443e-12,ok
sample_002933,"(224, 2)","(224, 2)",0.0,0.0,0.0,0.0,0.0,7.804785349497891,13.83112432161613,24.570962537108706,2.856091692736225e-14,1.1013412404281553e-13,1.7053025658242404e-13,1.463115343166724e-14,1.7053025658242404e-13,ok
sample_002934,"(224, 2)","(224, 2)",0.0,0.0,0.0,0.0,0.0,8.104112842038058,15.56574765310036,26.01192995531091,6.344131569286608e-17,0.0,1.4210854715202004e-14,3.172065784643304e-17,1.4210854715202004e-14,ok
sample_002935,"(224, 2)","(224, 2)",0.0,0.0,0.0,0.0,0.0,8.541674666991094,11.5882440429946,25.984458816762015,7.182746461101682e-14,3.268496584496461e-13,7.389644451905042e-13,3.591373230550841e-14,7.389644451905042e-13,ok
sample_002936,"(224, 2)","(224, 2)",0.0,0.0,0.0,0.0,0.0,9.254378968953372,7.193886293235357,28.014353463894256,4.237879888283455e-14,0.0,1.1368683772161603e-13,2.1189399441417274e-14,1.1368683772161603e-13,ok
sample_002937,"(224, 2)","(224, 2)",0.0,0.0,0.0,0.0,0.0,11.797100391530526,9.6386306081311,25.913944122807795,2.663676785902862e-13,1.3073986337985843e-12,1.3073986337985843e-12,1.4286984294033443e-13,1.3073986337985843e-12,ok
sample_002938,"(224, 2)","(224, 2)",0.0,0.0,0.0,0.0,0.0,7.803741640828311,0.0,27.955602300791057,1.9032394707859825e-14,0.0,1.1368683772161603e-13,9.516197353929913e-15,1.1368683772161603e-13,ok
sample_002939,"(224, 2)","(224, 2)",0.0,0.0,0.0,0.0,0.0,8.140874909319981,10.558191132954594,25.312109750078033,7.359192620372467e-15,1.1368683772161603e-13,1.7053025658242404e-13,3.6795963101862334e-15,1.7053025658242404e-13,ok
sample_002940,"(224, 2)","(224, 2)",0.0,0.0,0.0,0.0,0.0,10.401770410005582,11.681990412596658,26.797397261674423,4.755791953105984e-14,4.1382633578908315e-13,4.1382633578908315e-13,2.448834785744631e-14,3.979039320256561e-13,ok
sample_002941,"(224, 2)","(224, 2)",0.0,0.0,0.0,0.0,0.0,7.200218263581923,0.0,28.047211982655295,0.0,0.0,0.0,0.0,0.0,ok
sample_002942,"(224, 2)","(224, 2)",0.0,0.0,0.0,0.0,0.0,8.650588889822078,15.75114281568145,29.315692043681977,0.0,0.0,0.0,0.0,0.0,ok
sample_002943,"(224, 2)","(224, 2)",0.0,0.0,0.0,0.0,0.0,8.851848322124876,7.438097875129123,24.195381790746698,4.691485295487447e-14,0.0,3.410605131648481e-13,2.3457426477437235e-14,3.410605131648481e-13,ok
sample_002944,"(224, 2)","(224, 2)",0.0,0.0,0.0,0.0,0.0,6.724848278780684,0.0,26.104118449011004,1.522591576628786e-15,0.0,1.1368683772161603e-13,7.61295788314393e-16,1.1368683772161603e-13,ok
sample_002945,"(224, 2)","(224, 2)",0.0,0.0,0.0,0.0,0.0,9.015370183438774,11.246261601083178,22.926135740678113,4.0602442043434294e-15,1.1368683772161603e-13,2.2737367544323206e-13,2.0301221021717147e-15,2.2737367544323206e-13,ok
sample_002946,"(224, 2)","(224, 2)",0.0,0.0,0.0,0.0,0.0,7.0081256164176216,6.352928458592951,26.84813587569903,1.6494742080145184e-14,0.0,3.410605131648481e-13,8.247371040072592e-15,3.410605131648481e-13,ok
sample_002947,"(224, 2)","(224, 2)",0.0,0.0,0.0,0.0,0.0,9.527704439243365,0.0,24.359659275121253,1.0150610510858575e-13,6.821210263296962e-13,6.821210263296962e-13,5.075305255429287e-14,6.821210263296962e-13,ok
sample_002948,"(224, 2)","(224, 2)",0.0,0.0,0.0,0.0,0.0,9.434684058107653,0.9414881836752663,28.64988656172999,0.0,0.0,0.0,0.0,0.0,ok
sample_002949,"(224, 2)","(224, 2)",0.0,0.0,0.0,0.0,0.0,8.020838781733508,0.0,25.036551280078314,6.534664040589102e-14,3.410605131648481e-13,3.595093471822542e-13,3.476584099969062e-14,3.410605131648481e-13,ok
sample_002950,"(224, 2)","(224, 2)",0.0,0.0,0.0,0.0,0.0,7.696768005466444,11.831673592522755,25.657065303732782,5.176811360537873e-14,0.0,2.2737367544323206e-13,2.5884056802689363e-14,2.2737367544323206e-13,ok
sample_002951,"(224, 2)","(224, 2)",0.0,0.0,0.0,0.0,0.0,6.510025323802429,2.5501568579207823,23.49935531030598,0.0,0.0,0.0,0.0,0.0,ok
sample_002952,"(224, 2)","(224, 2)",0.0,0.0,0.0,0.0,0.0,9.029553830775175,6.513693268799397,25.130220850601418,1.167320208748736e-14,0.0,5.684341886080802e-14,5.83660104374368e-15,5.684341886080802e-14,ok
sample_002953,"(224, 2)","(224, 2)",0.0,0.0,0.0,0.0,0.0,8.5578148224529,26.062918102161905,26.062918102161905,9.237055564881302e-14,0.0,2.2737367544323206e-13,4.618527782440651e-14,2.2737367544323206e-13,ok
sample_002954,"(224, 2)","(224, 2)",0.0,0.0,0.0,0.0,0.0,6.0693366162015066,5.715916374475786,27.534069804516548,0.0,0.0,0.0,0.0,0.0,ok
sample_002955,"(224, 2)","(224, 2)",0.0,0.0,0.0,0.0,0.0,7.080563644323078,16.809330742180137,24.376047669792634,3.9206733098191245e-14,2.842170943040401e-14,5.115907697472721e-13,1.9603366549095623e-14,5.115907697472721e-13,ok
sample_002956,"(224, 2)","(224, 2)",0.0,0.0,0.0,0.0,0.0,7.716042082497081,0.0,23.83604833020777,0.0,0.0,0.0,0.0,0.0,ok
sample_002957,"(224, 2)","(224, 2)",0.0,0.0,0.0,0.0,0.0,8.528627734581416,0.0,30.30604725133252,4.4662686247777725e-14,1.1368683772161603e-13,3.410605131648481e-13,2.2331343123888863e-14,3.410605131648481e-13,ok
sample_002958,"(224, 2)","(224, 2)",0.0,0.0,0.0,0.0,0.0,10.716610958749877,13.996242352860298,28.39372113689919,7.105427357601002e-15,0.0,1.1368683772161603e-13,3.552713678800501e-15,1.1368683772161603e-13,ok
sample_002959,"(224, 2)","(224, 2)",0.0,0.0,0.0,0.0,0.0,7.451749748069361,0.5854912467321677,24.166971262448254,5.075305255429287e-16,5.684341886080802e-14,5.684341886080802e-14,2.5376526277146434e-16,5.684341886080802e-14,ok
sample_002960,"(224, 2)","(224, 2)",0.0,0.0,0.0,0.0,0.0,7.895281922472018,0.009999999999990905,19.67212240710184,0.0,0.0,0.0,0.0,0.0,ok
sample_002961,"(224, 2)","(224, 2)",0.0,0.0,0.0,0.0,0.0,8.855995164969269,13.950645146372308,25.126400458482024,1.2688263138573217e-16,0.0,1.4210854715202004e-14,6.344131569286608e-17,1.4210854715202004e-14,ok
sample_002962,"(224, 2)","(224, 2)",0.0,0.0,0.0,0.0,0.0,8.22601684855525,0.0,21.82529266699534,0.0,0.0,0.0,0.0,0.0,ok
sample_002963,"(224, 2)","(224, 2)",0.0,0.0,0.0,0.0,0.0,9.248901351495308,0.029999999999972715,24.52818786620818,2.5376526277146436e-15,0.0,8.526512829121202e-14,1.2688263138573218e-15,8.526512829121202e-14,ok
sample_002964,"(224, 2)","(224, 2)",0.0,0.0,0.0,0.0,0.0,10.416725439268642,4.916299421312604,27.143700926734308,2.0723897838879705e-14,1.1368683772161603e-13,1.6077746776921858e-13,1.1292554193330163e-14,1.1368683772161603e-13,ok
sample_002965,"(224, 2)","(224, 2)",0.0,0.0,0.0,0.0,0.0,5.59117846945404,0.0,24.794233200484467,0.0,0.0,0.0,0.0,0.0,ok
sample_002966,"(224, 2)","(224, 2)",0.0,0.0,0.0,0.0,0.0,6.983883571596358,23.423748632531048,26.065542388371686,0.0,0.0,0.0,0.0,0.0,ok
sample_002967,"(224, 2)","(224, 2)",0.0,0.0,0.0,0.0,0.0,10.249262372198965,5.220737495795062,27.61383892181608,1.5822264133800802e-13,2.2737367544323206e-13,2.2737367544323206e-13,7.911132066900401e-14,2.2737367544323206e-13,ok
sample_002968,"(224, 2)","(224, 2)",0.0,0.0,0.0,0.0,0.0,9.821130326937764,13.729850691103927,27.34741121203257,0.0,0.0,0.0,0.0,0.0,ok
sample_002969,"(224, 2)","(224, 2)",0.0,0.0,0.0,0.0,0.0,8.728775711081605,7.768661403356485,26.57689974395039,3.933361572957698e-15,0.0,8.526512829121202e-14,1.966680786478849e-15,8.526512829121202e-14,ok
sample_002970,"(224, 2)","(224, 2)",0.0,0.0,0.0,0.0,0.0,8.702934013223976,21.94214665888465,26.303326785788858,3.438519310553342e-14,1.7053025658242404e-13,3.694822225952521e-13,1.719259655276671e-14,3.694822225952521e-13,ok
sample_002971,"(224, 2)","(224, 2)",0.0,0.0,0.0,0.0,0.0,8.689574758367247,8.239399249945304,26.26055026080011,7.993605777301127e-14,1.1368683772161603e-13,1.1368683772161603e-13,3.9968028886505635e-14,1.1368683772161603e-13,ok
sample_002972,"(224, 2)","(224, 2)",0.0,0.0,0.0,0.0,0.0,12.346205729005252,0.0,24.23407724672015,4.8215399926578226e-14,1.1368683772161603e-13,2.2737367544323206e-13,2.4107699963289113e-14,2.2737367544323206e-13,ok
sample_002973,"(224, 2)","(224, 2)",0.0,0.0,0.0,0.0,0.0,8.351160497195435,13.810217232179935,26.934980972705283,1.6240976817373718e-14,0.0,2.2737367544323206e-13,8.120488408686859e-15,2.2737367544323206e-13,ok
sample_002974,"(224, 2)","(224, 2)",0.0,0.0,0.0,0.0,0.0,9.3290633641467,10.710485516539412,26.799899253541888,1.2206109139307434e-13,2.2737367544323206e-13,2.2737367544323206e-13,6.103054569653717e-14,2.2737367544323206e-13,ok
sample_002975,"(224, 2)","(224, 2)",0.0,0.0,0.0,0.0,0.0,6.976265554249999,16.990953475305634,22.241755776017413,5.5067062021407764e-14,1.7053025658242404e-13,6.821210263296962e-13,2.7533531010703882e-14,6.821210263296962e-13,ok
sample_002976,"(224, 2)","(224, 2)",0.0,0.0,0.0,0.0,0.0,8.05558815199632,8.985683056952306,30.79362271640024,0.0,0.0,0.0,0.0,0.0,ok
sample_002977,"(224, 2)","(224, 2)",0.0,0.0,0.0,0.0,0.0,9.781335424338664,26.622631350037636,27.410503461264724,1.384289508418338e-13,7.958078640513122e-13,9.663381206337363e-13,6.92144754209169e-14,9.663381206337363e-13,ok
sample_002978,"(224, 2)","(224, 2)",0.0,0.0,0.0,0.0,0.0,10.041445795234628,6.3197230951996275,29.37403785658353,2.4361465226060576e-14,0.0,2.2737367544323206e-13,1.2180732613030288e-14,2.2737367544323206e-13,ok
sample_002979,"(224, 2)","(224, 2)",0.0,0.0,0.0,0.0,0.0,7.751469750251682,0.0,24.613857885345812,0.0,0.0,0.0,0.0,0.0,ok
sample_002980,"(224, 2)","(224, 2)",0.0,0.0,0.0,0.0,0.0,8.602284088122369,0.0,25.854061576471913,0.0,0.0,0.0,0.0,0.0,ok
sample_002981,"(224, 2)","(224, 2)",0.0,0.0,0.0,0.0,0.0,6.899022458418808,23.30913125794263,23.30913125794263,0.0,0.0,0.0,0.0,0.0,ok
sample_002982,"(224, 2)","(224, 2)",0.0,0.0,0.0,0.0,0.0,9.05441141559808,10.202627112660672,24.592978672783953,9.135549459772717e-14,5.684341886080801e-13,5.684341886080801e-13,4.5677747298863585e-14,5.684341886080801e-13,ok
sample_002983,"(224, 2)","(224, 2)",0.0,0.0,0.0,0.0,0.0,10.550491240500426,8.28473294681244,24.06149829083792,2.2179083966225985e-13,2.2737367544323206e-13,9.094947017729282e-13,1.1089541983112993e-13,9.094947017729282e-13,ok
sample_002984,"(224, 2)","(224, 2)",0.0,0.0,0.0,0.0,0.0,10.870437113313272,12.569996022274525,28.562886758869492,1.1062342916448033e-13,2.3437142008433856e-13,4.0990372275064023e-13,6.382196358702329e-14,3.410605131648481e-13,ok
sample_002985,"(224, 2)","(224, 2)",0.0,0.0,0.0,0.0,0.0,5.5403074545957764,7.997712172865455,23.63828462473533,0.0,0.0,0.0,0.0,0.0,ok
sample_002986,"(224, 2)","(224, 2)",0.0,0.0,0.0,0.0,0.0,10.70168411923765,8.975076601344336,30.0053611876278,8.198608038521485e-14,4.547473508864641e-13,4.547473508864641e-13,4.199815098867735e-14,4.547473508864641e-13,ok
sample_002987,"(224, 2)","(224, 2)",0.0,0.0,0.0,0.0,0.0,10.008666209693061,4.733550464503323,23.81291246361937,2.2331343123888863e-14,0.0,2.2737367544323206e-13,1.1165671561944431e-14,2.2737367544323206e-13,ok
sample_002988,"(224, 2)","(224, 2)",0.0,0.0,0.0,0.0,0.0,9.937231373400351,23.92235147304705,29.641005381059482,2.007283228522283e-13,3.979039320256561e-13,5.684341886080801e-13,1.0036416142611415e-13,5.684341886080801e-13,ok
sample_002989,"(224, 2)","(224, 2)",0.0,0.0,0.0,0.0,0.0,9.904295464494282,23.37359621453229,28.591790779872433,2.941139395521272e-13,5.115907697472721e-13,9.094947017729282e-13,1.470569697760636e-13,9.094947017729282e-13,ok
sample_002990,"(224, 2)","(224, 2)",0.0,0.0,0.0,0.0,0.0,11.453221525773515,7.251992829560715,29.87629327744659,1.5073656608624983e-13,3.410605131648481e-13,9.094947017729282e-13,7.536828304312492e-14,9.094947017729282e-13,ok
sample_002991,"(224, 2)","(224, 2)",0.0,0.0,0.0,0.0,0.0,8.957416936710116,5.698780571315237,25.079334121941848,1.1144663951308406e-13,6.355287432313019e-13,6.629024818318272e-13,6.306066779870889e-14,5.684341886080801e-13,ok
sample_002992,"(224, 2)","(224, 2)",0.0,0.0,0.0,0.0,0.0,9.31466078051192,5.743561612797334,27.702420471864944,3.806478941571965e-16,0.0,2.842170943040401e-14,1.9032394707859825e-16,2.842170943040401e-14,ok
sample_002993,"(224, 2)","(224, 2)",0.0,0.0,0.0,0.0,0.0,5.147132385007742,9.111092140901658,25.078855635774204,0.0,0.0,0.0,0.0,0.0,ok
sample_002994,"(224, 2)","(224, 2)",0.0,0.0,0.0,0.0,0.0,9.517177979541746,9.277898468942098,25.724869290241305,3.876264388834118e-14,0.0,1.1368683772161603e-13,1.938132194417059e-14,1.1368683772161603e-13,ok
sample_002995,"(224, 2)","(224, 2)",0.0,0.0,0.0,0.0,0.0,9.633975792316884,0.0,31.264166389014687,0.0,0.0,0.0,0.0,0.0,ok
sample_002996,"(224, 2)","(224, 2)",0.0,0.0,0.0,0.0,0.0,10.091379364412928,25.156973188363057,27.488179277645933,1.522591576628786e-14,0.0,2.2737367544323206e-13,7.61295788314393e-15,2.2737367544323206e-13,ok
sample_002997,"(224, 2)","(224, 2)",0.0,0.0,0.0,0.0,0.0,6.090158291967965,11.37332405236045,23.661428528303183,0.0,0.0,0.0,0.0,0.0,ok
sample_002998,"(224, 2)","(224, 2)",0.0,0.0,0.0,0.0,0.0,6.004044972949027,10.729944081867306,24.54969042574682,1.2688263138573218e-15,5.684341886080802e-14,5.684341886080802e-14,6.344131569286609e-16,5.684341886080802e-14,ok
sample_002999,"(224, 2)","(224, 2)",0.0,0.0,0.0,0.0,0.0,7.1335915945065835,17.738717541017543,24.21464226454744,0.0,0.0,0.0,0.0,0.0,ok
sample_003000,"(224, 2)","(224, 2)",0.0,0.0,0.0,0.0,0.0,8.460661816777401,9.55169618444809,22.773216724916047,2.688642959063665e-13,1.1368683772161603e-12,1.1937117960769683e-12,1.3443214795318324e-13,1.1937117960769683e-12,ok
sample_003001,"(224, 2)","(224, 2)",0.0,0.0,0.0,0.0,0.0,12.232559892654182,4.0018495723852565,28.97279068367425,4.294977072407034e-14,3.481659405224491e-13,4.547473508864641e-13,2.147488536203517e-14,4.547473508864641e-13,ok
sample_003002,"(224, 2)","(224, 2)",0.0,0.0,0.0,0.0,0.0,7.474436628274115,15.900691808849151,23.701495733391997,0.0,0.0,0.0,0.0,0.0,ok
sample_003003,"(224, 2)","(224, 2)",0.0,0.0,0.0,0.0,0.0,10.017775806291509,8.82057254377519,29.46077052624375,0.0,0.0,0.0,0.0,0.0,ok
sample_003004,"(224, 2)","(224, 2)",0.0,0.0,0.0,0.0,0.0,9.000002765131882,8.31358526750048,29.98741402655447,3.514648889384781e-14,0.0,2.2737367544323206e-13,1.7573244446923905e-14,2.2737367544323206e-13,ok
sample_003005,"(224, 2)","(224, 2)",0.0,0.0,0.0,0.0,0.0,7.1544247299235915,12.52489121709245,25.54894322667773,6.851662094829538e-15,0.0,5.684341886080802e-14,3.425831047414769e-15,5.684341886080802e-14,ok
sample_003006,"(224, 2)","(224, 2)",0.0,0.0,0.0,0.0,0.0,11.471417764983332,17.250788387781014,32.39482674749152,9.512726933149868e-14,7.46036036412459e-13,7.46036036412459e-13,5.2973498603543186e-14,7.105427357601002e-13,ok
sample_003007,"(224, 2)","(224, 2)",0.0,0.0,0.0,0.0,0.0,14.226928845635513,14.439009661330605,28.972036517994372,2.585625328951666e-13,1.2962293852742026e-12,1.3258049636636544e-12,1.4915053319392816e-13,1.1368683772161603e-12,ok
sample_003008,"(224, 2)","(224, 2)",0.0,0.0,0.0,0.0,0.0,7.909333489320685,0.0,26.32969616231827,0.0,0.0,0.0,0.0,0.0,ok
sample_003009,"(224, 2)","(224, 2)",0.0,0.0,0.0,0.0,0.0,8.902802892848147,16.2865128250341,19.031200697801587,0.0,0.0,0.0,0.0,0.0,ok
sample_003010,"(224, 2)","(224, 2)",0.0,0.0,0.0,0.0,0.0,12.656234081968197,20.232113087861116,27.7845802559621,2.6873741327498073e-13,8.526512829121202e-13,1.2505552149377763e-12,1.3436870663749037e-13,1.2505552149377763e-12,ok
sample_003011,"(224, 2)","(224, 2)",0.0,0.0,0.0,0.0,0.0,8.593823221117633,15.93376917116608,27.16680511212183,0.0,0.0,0.0,0.0,0.0,ok
sample_003012,"(224, 2)","(224, 2)",0.0,0.0,0.0,0.0,0.0,8.46336213380289,9.825970689962567,29.14914235445014,3.045183153257572e-15,0.0,2.2737367544323206e-13,1.522591576628786e-15,2.2737367544323206e-13,ok
sample_003013,"(224, 2)","(224, 2)",0.0,0.0,0.0,0.0,0.0,10.022928658838767,6.279530237207228,28.126956820815348,2.2838873649431793e-14,2.8421709430404007e-13,2.8421709430404007e-13,1.1419436824715896e-14,2.8421709430404007e-13,ok
sample_003014,"(224, 2)","(224, 2)",0.0,0.0,0.0,0.0,0.0,9.559525584245861,13.542126863975309,27.8217540784185,6.090366306515144e-15,2.2737367544323206e-13,2.2737367544323206e-13,3.045183153257572e-15,2.2737367544323206e-13,ok
sample_003015,"(224, 2)","(224, 2)",0.0,0.0,0.0,0.0,0.0,9.450846550134255,11.997007960321012,24.00910244053281,0.0,0.0,0.0,0.0,0.0,ok
sample_003016,"(224, 2)","(224, 2)",0.0,0.0,0.0,0.0,0.0,7.568379989167594,0.0,26.704666258914383,5.988860201406559e-14,1.1368683772161603e-13,1.1368683772161603e-13,2.9944301007032794e-14,1.1368683772161603e-13,ok
sample_003017,"(224, 2)","(224, 2)",0.0,0.0,0.0,0.0,0.0,9.777948278075817,1.0903669107231153,29.816118124263184,5.83660104374368e-14,2.2737367544323206e-13,3.410605131648481e-13,2.91830052187184e-14,3.410605131648481e-13,ok
sample_003018,"(224, 2)","(224, 2)",0.0,0.0,0.0,0.0,0.0,7.109152071323355,13.045796257798905,28.834264339497242,8.120488408686859e-15,2.2737367544323206e-13,2.2737367544323206e-13,4.0602442043434294e-15,2.2737367544323206e-13,ok
sample_003019,"(224, 2)","(224, 2)",0.0,0.0,0.0,0.0,0.0,7.491431717393054,0.0,23.8251295904137,1.0150610510858574e-14,2.2737367544323206e-13,2.2737367544323206e-13,5.075305255429287e-15,2.2737367544323206e-13,ok
sample_003020,"(224, 2)","(224, 2)",0.0,0.0,0.0,0.0,0.0,7.043477230400811,0.0,27.66482423584149,0.0,0.0,0.0,0.0,0.0,ok
sample_003021,"(224, 2)","(224, 2)",0.0,0.0,0.0,0.0,0.0,6.91919060846301,13.056419876826862,24.231273181572625,0.0,0.0,0.0,0.0,0.0,ok
sample_003022,"(224, 2)","(224, 2)",0.0,0.0,0.0,0.0,0.0,8.777739312542872,4.9344705896379075,29.732557912160917,4.593151256163505e-14,0.0,2.2737367544323206e-13,2.2965756280817524e-14,2.2737367544323206e-13,ok
sample_003023,"(224, 2)","(224, 2)",0.0,0.0,0.0,0.0,0.0,7.218295127106788,14.036370613516857,26.97640635814932,5.075305255429287e-15,0.0,2.2737367544323206e-13,2.5376526277146436e-15,2.2737367544323206e-13,ok
sample_003024,"(224, 2)","(224, 2)",0.0,0.0,0.0,0.0,0.0,7.866508087200899,21.58992357559414,27.657436612961757,3.552713678800501e-15,0.0,1.1368683772161603e-13,1.7763568394002505e-15,1.1368683772161603e-13,ok
sample_003025,"(224, 2)","(224, 2)",0.0,0.0,0.0,0.0,0.0,8.842029023982565,0.014142135623878865,28.434095730302293,4.0602442043434294e-15,2.2737367544323206e-13,2.2737367544323206e-13,2.0301221021717147e-15,2.2737367544323206e-13,ok
sample_003026,"(224, 2)","(224, 2)",0.0,0.0,0.0,0.0,0.0,8.063446106756654,0.0,27.52577882640199,4.161750309452015e-14,1.1368683772161603e-13,1.1368683772161603e-13,2.0808751547260076e-14,1.1368683772161603e-13,ok
sample_003027,"(224, 2)","(224, 2)",0.0,0.0,0.0,0.0,0.0,6.532596911731629,0.0,23.067292862405658,0.0,0.0,0.0,0.0,0.0,ok
sample_003028,"(224, 2)","(224, 2)",0.0,0.0,0.0,0.0,0.0,9.500959801723662,6.203104061677567,27.65296367480382,5.532082728417923e-14,1.1368683772161603e-13,3.410605131648481e-13,2.7660413642089614e-14,3.410605131648481e-13,ok
sample_003029,"(224, 2)","(224, 2)",0.0,0.0,0.0,0.0,0.0,8.302934056440108,8.191361303226738,30.637597817061373,1.6240976817373718e-14,0.0,2.2737367544323206e-13,8.120488408686859e-15,2.2737367544323206e-13,ok
sample_003030,"(224, 2)","(224, 2)",0.0,0.0,0.0,0.0,0.0,7.093523258848756,18.435883488458053,24.834753874359222,4.0602442043434294e-15,0.0,2.2737367544323206e-13,2.0301221021717147e-15,2.2737367544323206e-13,ok
sample_003031,"(224, 2)","(224, 2)",0.0,0.0,0.0,0.0,0.0,8.642938043160184,6.3601336463943365,28.569077688997858,7.61295788314393e-16,0.0,2.842170943040401e-14,3.806478941571965e-16,2.842170943040401e-14,ok
sample_003032,"(224, 2)","(224, 2)",0.0,0.0,0.0,0.0,0.0,6.05934179210612,3.5990137537942073,27.577086503109815,0.0,0.0,0.0,0.0,0.0,ok
sample_003033,"(224, 2)","(224, 2)",0.0,0.0,0.0,0.0,0.0,9.486143786649937,0.0,26.521689237301658,0.0,0.0,0.0,0.0,0.0,ok
sample_003034,"(224, 2)","(224, 2)",0.0,0.0,0.0,0.0,0.0,8.542249421673901,13.371731376302744,26.704744896740696,6.597896832058073e-15,0.0,1.1368683772161603e-13,3.2989484160290367e-15,1.1368683772161603e-13,ok
sample_003035,"(224, 2)","(224, 2)",0.0,0.0,0.0,0.0,0.0,8.37692855655232,3.4121107836645717,21.352142749616522,2.1030796152185107e-14,4.618527782440651e-14,1.5631940186722204e-13,1.0515398076092553e-14,1.5631940186722204e-13,ok
sample_003036,"(224, 2)","(224, 2)",0.0,0.0,0.0,0.0,0.0,7.8196064913470105,17.526311648490108,27.357677167478972,7.61295788314393e-14,2.2737367544323206e-13,4.547473508864641e-13,3.806478941571965e-14,4.547473508864641e-13,ok
sample_003037,"(224, 2)","(224, 2)",0.0,0.0,0.0,0.0,0.0,9.563779531040154,0.009999999999990905,24.854685674938615,5.582835780972216e-15,0.0,1.1368683772161603e-13,2.791417890486108e-15,1.1368683772161603e-13,ok
sample_003038,"(224, 2)","(224, 2)",0.0,0.0,0.0,0.0,0.0,8.979327907837675,5.660388679233964,34.407908974536525,1.6494742080145184e-14,7.105427357601002e-14,1.1368683772161603e-13,8.247371040072592e-15,1.1368683772161603e-13,ok
sample_003039,"(224, 2)","(224, 2)",0.0,0.0,0.0,0.0,0.0,8.18155617463379,5.177586310241456,25.894874010120436,9.135549459772717e-15,0.0,1.1368683772161603e-13,4.567774729886359e-15,1.1368683772161603e-13,ok
sample_003040,"(224, 2)","(224, 2)",0.0,0.0,0.0,0.0,0.0,10.969301111851467,14.74394791092261,26.999898147956053,0.0,0.0,0.0,0.0,0.0,ok
sample_003041,"(224, 2)","(224, 2)",0.0,0.0,0.0,0.0,0.0,7.975442139498753,0.07071067811859044,24.93224618842015,0.0,0.0,0.0,0.0,0.0,ok
sample_003042,"(224, 2)","(224, 2)",0.0,0.0,0.0,0.0,0.0,11.365450629365728,9.835207166094714,26.36370611276031,2.2250019118821533e-13,1.4890914482554917e-12,1.4890914482554917e-12,1.1965032139674545e-13,1.4495071809506044e-12,ok
sample_003043,"(224, 2)","(224, 2)",0.0,0.0,0.0,0.0,0.0,10.138198862895921,15.501886981913195,27.632229370790924,3.045183153257572e-15,0.0,1.1368683772161603e-13,1.522591576628786e-15,1.1368683772161603e-13,ok
sample_003044,"(224, 2)","(224, 2)",0.0,0.0,0.0,0.0,0.0,8.640239001527132,0.24515301344262488,28.83138567603015,0.0,0.0,0.0,0.0,0.0,ok
sample_003045,"(224, 2)","(224, 2)",0.0,0.0,0.0,0.0,0.0,11.554057445616072,0.0,26.926752496355817,3.298948416029037e-14,2.2737367544323206e-13,2.2737367544323206e-13,1.6494742080145184e-14,2.2737367544323206e-13,ok
sample_003046,"(224, 2)","(224, 2)",0.0,0.0,0.0,0.0,0.0,7.5401187233832285,6.797837891565066,25.635438361767793,5.747783201773667e-14,2.2737367544323206e-13,2.2737367544323206e-13,2.8738916008868335e-14,2.2737367544323206e-13,ok
sample_003047,"(224, 2)","(224, 2)",0.0,0.0,0.0,0.0,0.0,10.337054438080264,0.0,29.882812785947728,3.552713678800501e-15,0.0,5.684341886080802e-14,1.7763568394002505e-15,5.684341886080802e-14,ok
sample_003048,"(224, 2)","(224, 2)",0.0,0.0,0.0,0.0,0.0,10.279308746041977,13.09706837425832,27.77203089440886,9.389314722544181e-15,0.0,1.7053025658242404e-13,4.6946573612720904e-15,1.7053025658242404e-13,ok
sample_003049,"(224, 2)","(224, 2)",0.0,0.0,0.0,0.0,0.0,9.987967559203396,26.2609215375241,26.360297798014322,6.750155989720952e-14,0.0,2.2737367544323206e-13,3.375077994860476e-14,2.2737367544323206e-13,ok
sample_003050,"(224, 2)","(224, 2)",0.0,0.0,0.0,0.0,0.0,8.544038929797823,12.53450437791621,24.73074604616679,0.0,0.0,0.0,0.0,0.0,ok
sample_003051,"(224, 2)","(224, 2)",0.0,0.0,0.0,0.0,0.0,11.28830101474368,12.503459521268516,27.519026145559764,1.1886932053433255e-13,9.663381206337363e-13,1.0785280415467626e-12,7.206933462709587e-14,1.0231815394945443e-12,ok
sample_003052,"(224, 2)","(224, 2)",0.0,0.0,0.0,0.0,0.0,8.282623121629934,15.596554106596752,28.30307580458346,4.742124298530295e-13,1.0294781007061621e-12,1.1368683772161603e-12,2.385393470051765e-13,1.1368683772161603e-12,ok
sample_003053,"(224, 2)","(224, 2)",0.0,0.0,0.0,0.0,0.0,13.611844449925256,0.0,32.115242487018676,1.2759026764916656e-13,3.595093471822542e-13,5.796914039811764e-13,7.638334409421077e-14,5.684341886080801e-13,ok
sample_003054,"(224, 2)","(224, 2)",0.0,0.0,0.0,0.0,0.0,11.673225605838155,25.85188581129048,30.330283546317244,7.562204830589637e-14,4.547473508864641e-13,5.684341886080801e-13,3.7811024152948187e-14,5.684341886080801e-13,ok
sample_003055,"(224, 2)","(224, 2)",0.0,0.0,0.0,0.0,0.0,9.597610699603289,0.0,31.51228490604902,0.0,0.0,0.0,0.0,0.0,ok
sample_003056,"(224, 2)","(224, 2)",0.0,0.0,0.0,0.0,0.0,9.127929293521136,1.772286658529015,29.065993876005496,5.08799351856786e-14,0.0,1.1368683772161603e-13,2.54399675928393e-14,1.1368683772161603e-13,ok
sample_003057,"(224, 2)","(224, 2)",0.0,0.0,0.0,0.0,0.0,9.722630577066099,5.24703725925401,25.0848360568691,1.5040349917886229e-13,6.359357485052897e-13,7.673861546209082e-13,7.520174958943114e-14,7.673861546209082e-13,ok
sample_003058,"(224, 2)","(224, 2)",0.0,0.0,0.0,0.0,0.0,9.059676599204112,0.009999999999990905,23.295102489579104,0.0,0.0,0.0,0.0,0.0,ok
sample_003059,"(224, 2)","(224, 2)",0.0,0.0,0.0,0.0,0.0,6.194761853546085,1.4263590010933156,24.469419690707845,0.0,0.0,0.0,0.0,0.0,ok
sample_003060,"(224, 2)","(224, 2)",0.0,0.0,0.0,0.0,0.0,7.672189694384159,15.182703975247481,22.541184529655958,4.0602442043434294e-15,0.0,1.1368683772161603e-13,2.0301221021717147e-15,1.1368683772161603e-13,ok
sample_003061,"(224, 2)","(224, 2)",0.0,0.0,0.0,0.0,0.0,11.235398973564978,11.140017953306753,28.6879556608694,2.0808751547260076e-13,1.5347723092418164e-12,1.7053025658242404e-12,1.0404375773630038e-13,1.7053025658242404e-12,ok
sample_003062,"(224, 2)","(224, 2)",0.0,0.0,0.0,0.0,0.0,8.483369429061746,13.60503215725713,27.13600007370292,0.0,0.0,0.0,0.0,0.0,ok
sample_003063,"(224, 2)","(224, 2)",0.0,0.0,0.0,0.0,0.0,11.113299815796712,1.406875971789872,30.36284900993322,1.22695504550003e-13,1.7053025658242404e-13,7.958078640513122e-13,6.13477522750015e-14,7.958078640513122e-13,ok
sample_003064,"(224, 2)","(224, 2)",0.0,0.0,0.0,0.0,0.0,11.323572276625956,0.0,28.629634995926878,5.360791176047184e-15,0.0,5.684341886080802e-14,2.680395588023592e-15,5.684341886080802e-14,ok
sample_003065,"(224, 2)","(224, 2)",0.0,0.0,0.0,0.0,0.0,7.712961295641745,18.96287161797997,26.121265283289706,0.0,0.0,0.0,0.0,0.0,ok
sample_003066,"(224, 2)","(224, 2)",0.0,0.0,0.0,0.0,0.0,9.871868659421272,1.612079402510847,28.88320099988919,4.009491151789137e-14,0.0,1.1368683772161603e-13,2.0047455758945685e-14,1.1368683772161603e-13,ok
sample_003067,"(224, 2)","(224, 2)",0.0,0.0,0.0,0.0,0.0,7.011838960077996,0.0,28.999712067535963,0.0,0.0,0.0,0.0,0.0,ok
sample_003068,"(224, 2)","(224, 2)",0.0,0.0,0.0,0.0,0.0,9.643031564865705,10.86485158665328,27.984990619973516,8.628018934229787e-15,0.0,1.1368683772161603e-13,4.314009467114894e-15,1.1368683772161603e-13,ok
sample_003069,"(224, 2)","(224, 2)",0.0,0.0,0.0,0.0,0.0,10.699059389177245,0.6942621983082511,27.29073285934236,8.221994513795445e-14,0.0,2.2737367544323206e-13,4.1109972568977224e-14,2.2737367544323206e-13,ok
sample_003070,"(224, 2)","(224, 2)",0.0,0.0,0.0,0.0,0.0,8.820921559217755,15.29419824639394,26.7844208449613,0.0,0.0,0.0,0.0,0.0,ok
sample_003071,"(224, 2)","(224, 2)",0.0,0.0,0.0,0.0,0.0,9.678184717850261,19.430597005753448,24.33783063463132,0.0,0.0,0.0,0.0,0.0,ok
sample_003072,"(224, 2)","(224, 2)",0.0,0.0,0.0,0.0,0.0,8.66859420919459,0.0,21.856170753359212,0.0,0.0,0.0,0.0,0.0,ok
sample_003073,"(224, 2)","(224, 2)",0.0,0.0,0.0,0.0,0.0,6.631254958502903,0.009999999999990905,29.572561607003163,1.4393908122995913e-14,1.1368683772161603e-13,1.6077746776921858e-13,7.739840514529662e-15,1.1368683772161603e-13,ok
sample_003074,"(224, 2)","(224, 2)",0.0,0.0,0.0,0.0,0.0,9.394445109961438,0.0,25.807093985956605,1.4464619977973467e-14,1.1368683772161603e-13,1.7053025658242404e-13,7.232309988986734e-15,1.7053025658242404e-13,ok
sample_003075,"(224, 2)","(224, 2)",0.0,0.0,0.0,0.0,0.0,12.270786017024193,8.314709856633666,26.46365432059606,3.93209274664384e-13,1.5347723092418164e-12,1.6484591469634324e-12,1.96604637332192e-13,1.6484591469634324e-12,ok
sample_003076,"(224, 2)","(224, 2)",0.0,0.0,0.0,0.0,0.0,7.726247947236694,28.613166549684834,28.82133931655498,2.057102147646735e-14,4.547473508864641e-13,5.684341886080801e-13,1.1165671561944431e-14,5.684341886080801e-13,ok
sample_003077,"(224, 2)","(224, 2)",0.0,0.0,0.0,0.0,0.0,10.647611512557432,0.0,27.119787978522268,1.5987211554602254e-14,1.1368683772161603e-13,1.1368683772161603e-13,7.993605777301127e-15,1.1368683772161603e-13,ok
sample_003078,"(224, 2)","(224, 2)",0.0,0.0,0.0,0.0,0.0,6.45391844544839,13.773470877015605,19.56147744931344,0.0,0.0,0.0,0.0,0.0,ok
sample_003079,"(224, 2)","(224, 2)",0.0,0.0,0.0,0.0,0.0,8.100473243000295,4.496187273679601,26.698451265944136,0.0,0.0,0.0,0.0,0.0,ok
sample_003080,"(224, 2)","(224, 2)",0.0,0.0,0.0,0.0,0.0,7.9720598329988706,7.095590179822793,25.332352831902615,0.0,0.0,0.0,0.0,0.0,ok
sample_003081,"(224, 2)","(224, 2)",0.0,0.0,0.0,0.0,0.0,10.15304918811045,0.0,25.950192677512163,7.61295788314393e-16,0.0,2.842170943040401e-14,3.806478941571965e-16,2.842170943040401e-14,ok
sample_003082,"(224, 2)","(224, 2)",0.0,0.0,0.0,0.0,0.0,10.302391956917416,0.060827625302926874,26.112851242252354,2.5072007961820677e-13,7.958078640513122e-13,1.0231815394945443e-12,1.2536003980910339e-13,1.0231815394945443e-12,ok
sample_003083,"(224, 2)","(224, 2)",0.0,0.0,0.0,0.0,0.0,8.789774203650676,21.262948995847154,22.009781916229866,8.856407670724105e-14,1.1368683772161603e-13,1.1368683772161603e-13,4.4282038353620527e-14,1.1368683772161603e-13,ok
sample_003084,"(224, 2)","(224, 2)",0.0,0.0,0.0,0.0,0.0,7.507735607541414,17.098216281238145,27.817135007041955,0.0,0.0,0.0,0.0,0.0,ok
sample_003085,"(224, 2)","(224, 2)",0.0,0.0,0.0,0.0,0.0,7.618442809399129,2.3122499864850456,31.646764447570305,1.2688263138573217e-16,0.0,2.842170943040401e-14,6.344131569286608e-17,2.842170943040401e-14,ok
sample_003086,"(224, 2)","(224, 2)",0.0,0.0,0.0,0.0,0.0,7.588271286017273,1.5708914666519307,29.153675583020355,0.0,0.0,0.0,0.0,0.0,ok
sample_003087,"(224, 2)","(224, 2)",0.0,0.0,0.0,0.0,0.0,6.538731698713155,24.909387788542702,24.909387788542702,1.6240976817373718e-14,0.0,1.1368683772161603e-13,8.120488408686859e-15,1.1368683772161603e-13,ok
sample_003088,"(224, 2)","(224, 2)",0.0,0.0,0.0,0.0,0.0,8.028578890130396,12.124965979333568,27.68594047526634,1.522591576628786e-15,0.0,5.684341886080802e-14,7.61295788314393e-16,5.684341886080802e-14,ok
sample_003089,"(224, 2)","(224, 2)",0.0,0.0,0.0,0.0,0.0,10.749281468765615,15.464801970927487,24.105619676747455,0.0,0.0,0.0,0.0,0.0,ok
sample_003090,"(224, 2)","(224, 2)",0.0,0.0,0.0,0.0,0.0,8.9725069221955,10.529012299356488,27.97042008980202,0.0,0.0,0.0,0.0,0.0,ok
sample_003091,"(224, 2)","(224, 2)",0.0,0.0,0.0,0.0,0.0,7.547087588442109,0.0,27.946727894334867,1.1165671561944431e-14,0.0,2.2737367544323206e-13,5.582835780972216e-15,2.2737367544323206e-13,ok
sample_003092,"(224, 2)","(224, 2)",0.0,0.0,0.0,0.0,0.0,14.130843935697397,24.128095656309185,24.735824223178753,1.4635623094496452e-13,4.547473508864641e-13,4.687428401686771e-13,7.384569146649612e-14,4.547473508864641e-13,ok
sample_003093,"(224, 2)","(224, 2)",0.0,0.0,0.0,0.0,0.0,9.384015456998606,0.9451454914456862,26.522775118754073,1.502290355607069e-13,4.547473508864641e-13,4.547473508864641e-13,7.511451778035345e-14,4.547473508864641e-13,ok
sample_003094,"(224, 2)","(224, 2)",0.0,0.0,0.0,0.0,0.0,12.171263601718351,7.174398929527051,30.954886528624165,2.689911785377522e-14,0.0,1.1368683772161603e-13,1.344955892688761e-14,1.1368683772161603e-13,ok
sample_003095,"(224, 2)","(224, 2)",0.0,0.0,0.0,0.0,0.0,10.121725664196203,5.550441423886967,28.812637852164816,5.075305255429287e-16,0.0,2.842170943040401e-14,2.5376526277146434e-16,2.842170943040401e-14,ok
sample_003096,"(224, 2)","(224, 2)",0.0,0.0,0.0,0.0,0.0,8.645242311111643,5.629209535982829,27.35822362654411,1.1800084718873093e-13,5.684341886080801e-13,9.094947017729282e-13,5.900042359436546e-14,9.094947017729282e-13,ok
sample_003097,"(224, 2)","(224, 2)",0.0,0.0,0.0,0.0,0.0,9.541089548118203,9.990620601344029,29.072282332145836,5.329070518200751e-15,1.7053025658242404e-13,2.2737367544323206e-13,2.6645352591003757e-15,2.2737367544323206e-13,ok
sample_003098,"(224, 2)","(224, 2)",0.0,0.0,0.0,0.0,0.0,9.648732516640317,17.032736127821607,30.892827646558835,3.045183153257572e-15,0.0,2.2737367544323206e-13,1.522591576628786e-15,2.2737367544323206e-13,ok
sample_003099,"(224, 2)","(224, 2)",0.0,0.0,0.0,0.0,0.0,8.400697535771794,16.048105807228428,25.68499172668732,3.476584099969062e-14,3.979039320256561e-13,4.547473508864641e-13,1.738292049984531e-14,4.547473508864641e-13,ok
sample_003100,"(224, 2)","(224, 2)",0.0,0.0,0.0,0.0,0.0,10.662672053092722,9.112436556706568,28.958525514949706,1.1102230246251565e-13,1.1368683772161603e-13,8.526512829121202e-13,5.551115123125783e-14,8.526512829121202e-13,ok
sample_003101,"(224, 2)","(224, 2)",0.0,0.0,0.0,0.0,0.0,7.840082552639258,12.909570093539024,24.264030992396908,1.4210854715202004e-14,0.0,5.684341886080802e-14,7.105427357601002e-15,5.684341886080802e-14,ok
sample_003102,"(224, 2)","(224, 2)",0.0,0.0,0.0,0.0,0.0,10.0712052735958,27.759682995308115,27.759682995308115,1.0099848100777626e-13,4.0990372275064023e-13,4.547473508864641e-13,5.379823570755044e-14,4.547473508864641e-13,ok
sample_003103,"(224, 2)","(224, 2)",0.0,0.0,0.0,0.0,0.0,7.788374421013446,7.77208466243122,25.712154713286797,0.0,0.0,0.0,0.0,0.0,ok
sample_003104,"(224, 2)","(224, 2)",0.0,0.0,0.0,0.0,0.0,9.536201889119988,4.496943406359536,27.249532106074877,4.567774729886359e-15,0.0,1.1368683772161603e-13,2.2838873649431793e-15,1.1368683772161603e-13,ok
sample_003105,"(224, 2)","(224, 2)",0.0,0.0,0.0,0.0,0.0,5.969938797919402,4.1000121951038375,21.113682767343096,0.0,0.0,0.0,0.0,0.0,ok
sample_003106,"(224, 2)","(224, 2)",0.0,0.0,0.0,0.0,0.0,9.146877228541952,5.668174309246329,27.452143814281555,5.684341886080802e-14,2.8421709430404007e-13,3.979039320256561e-13,2.842170943040401e-14,3.979039320256561e-13,ok
sample_003107,"(224, 2)","(224, 2)",0.0,0.0,0.0,0.0,0.0,7.276366172848113,2.934655005277375,20.549055939385653,1.2688263138573217e-16,0.0,1.4210854715202004e-14,6.344131569286608e-17,1.4210854715202004e-14,ok
sample_003108,"(224, 2)","(224, 2)",0.0,0.0,0.0,0.0,0.0,13.993867421394368,12.228380923082227,28.61601824153735,3.7049728364633796e-14,7.958078640513122e-13,7.958078640513122e-13,1.8524864182316898e-14,7.958078640513122e-13,ok
sample_003109,"(224, 2)","(224, 2)",0.0,0.0,0.0,0.0,0.0,9.67030995757843,10.997181457082467,28.290919037740537,1.2180732613030288e-14,0.0,2.2737367544323206e-13,6.090366306515144e-15,2.2737367544323206e-13,ok
sample_003110,"(224, 2)","(224, 2)",0.0,0.0,0.0,0.0,0.0,8.896254597988873,12.467337325989103,27.7671352501478,5.977757606889987e-14,2.3437142008433856e-13,2.3437142008433856e-13,3.356045600152616e-14,2.2737367544323206e-13,ok
sample_003111,"(224, 2)","(224, 2)",0.0,0.0,0.0,0.0,0.0,12.341430093679515,8.590646075819816,27.958329706904735,1.38231358943434e-14,3.410605131648481e-13,3.410605131648481e-13,7.105427357601002e-15,3.410605131648481e-13,ok
sample_003112,"(224, 2)","(224, 2)",0.0,0.0,0.0,0.0,0.0,10.000505762085538,14.708164399407607,26.297528400973377,7.866723145915395e-15,0.0,1.7053025658242404e-13,3.933361572957698e-15,1.7053025658242404e-13,ok
sample_003113,"(224, 2)","(224, 2)",0.0,0.0,0.0,0.0,0.0,10.895261499417995,0.0,26.212977701894573,1.0455128826184331e-13,9.094947017729282e-13,9.094947017729282e-13,5.2275644130921654e-14,9.094947017729282e-13,ok
sample_003114,"(224, 2)","(224, 2)",0.0,0.0,0.0,0.0,0.0,7.696654680861317,11.827696309932906,27.642584900837473,3.552713678800501e-15,0.0,1.1368683772161603e-13,1.7763568394002505e-15,1.1368683772161603e-13,ok
sample_003115,"(224, 2)","(224, 2)",0.0,0.0,0.0,0.0,0.0,7.466688011631589,23.582249680638974,24.12261387163518,9.389314722544181e-15,2.842170943040401e-14,1.7053025658242404e-13,4.6946573612720904e-15,1.7053025658242404e-13,ok
sample_003116,"(224, 2)","(224, 2)",0.0,0.0,0.0,0.0,0.0,13.72830189636692,7.162248250374747,27.954092723606678,1.6748507342916648e-14,0.0,2.2737367544323206e-13,8.374253671458324e-15,2.2737367544323206e-13,ok
sample_003117,"(224, 2)","(224, 2)",0.0,0.0,0.0,0.0,0.0,8.210041799735233,14.51375209930224,29.079520284901555,4.567774729886359e-15,0.0,1.1368683772161603e-13,2.2838873649431793e-15,1.1368683772161603e-13,ok
sample_003118,"(224, 2)","(224, 2)",0.0,0.0,0.0,0.0,0.0,9.636002595745847,7.644108842762538,27.3101171729453,4.4662686247777725e-14,6.821210263296962e-13,6.821210263296962e-13,2.2331343123888863e-14,6.821210263296962e-13,ok
sample_003119,"(224, 2)","(224, 2)",0.0,0.0,0.0,0.0,0.0,11.13625608854289,4.695189027078626,28.122368321320298,2.5287708435176423e-13,1.3642420526593924e-12,1.3642420526593924e-12,1.2643854217588212e-13,1.3642420526593924e-12,ok
sample_003120,"(224, 2)","(224, 2)",0.0,0.0,0.0,0.0,0.0,6.375305818502383,16.258031861206277,26.912632721456312,0.0,0.0,0.0,0.0,0.0,ok
sample_003121,"(224, 2)","(224, 2)",0.0,0.0,0.0,0.0,0.0,10.056908325605775,0.3492849839315846,28.05760502965287,8.881784197001252e-16,0.0,5.684341886080802e-14,4.440892098500626e-16,5.684341886080802e-14,ok
sample_003122,"(224, 2)","(224, 2)",0.0,0.0,0.0,0.0,0.0,9.010073868332093,0.009999999999990905,26.053130330154215,3.146689258366158e-14,0.0,2.2737367544323206e-13,1.573344629183079e-14,2.2737367544323206e-13,ok
sample_003123,"(224, 2)","(224, 2)",0.0,0.0,0.0,0.0,0.0,9.309374082853898,0.030000000000086402,26.854872928390467,1.5834952396939375e-13,1.0231815394945443e-12,1.2505552149377763e-12,7.917476198469687e-14,1.2505552149377763e-12,ok
sample_003124,"(224, 2)","(224, 2)",0.0,0.0,0.0,0.0,0.0,9.468823857378327,6.32823040035667,27.612707219684246,1.6240976817373718e-14,0.0,2.2737367544323206e-13,8.120488408686859e-15,2.2737367544323206e-13,ok
sample_003125,"(224, 2)","(224, 2)",0.0,0.0,0.0,0.0,0.0,10.23960542207096,7.84015943715435,26.164137669718922,2.09285632519444e-14,3.410605131648481e-13,3.410605131648481e-13,1.0658141036401503e-14,3.410605131648481e-13,ok
sample_003126,"(224, 2)","(224, 2)",0.0,0.0,0.0,0.0,0.0,9.788194159033305,25.329084073452005,26.291871367401875,2.2639780703416857e-14,1.1368683772161603e-13,3.410605131648481e-13,1.281514576995895e-14,3.410605131648481e-13,ok
sample_003127,"(224, 2)","(224, 2)",0.0,0.0,0.0,0.0,0.0,13.595778580544813,0.0,30.5470555045816,2.021205596614075e-13,7.279509460923746e-13,8.87922587470104e-13,1.3068911032730414e-13,6.821210263296962e-13,ok
sample_003128,"(224, 2)","(224, 2)",0.0,0.0,0.0,0.0,0.0,8.15132103870524,6.165784621603325,24.154529595916404,3.552713678800501e-15,2.2737367544323206e-13,2.2737367544323206e-13,1.7763568394002505e-15,2.2737367544323206e-13,ok
sample_003129,"(224, 2)","(224, 2)",0.0,0.0,0.0,0.0,0.0,7.626538065632938,13.254621835420277,27.240234947591816,3.552713678800501e-15,0.0,2.2737367544323206e-13,1.7763568394002505e-15,2.2737367544323206e-13,ok
sample_003130,"(224, 2)","(224, 2)",0.0,0.0,0.0,0.0,0.0,8.184428406665988,0.0,26.989516483257,2.1976071756008812e-13,4.547473508864641e-13,6.821210263296962e-13,1.0988035878004406e-13,6.821210263296962e-13,ok
sample_003131,"(224, 2)","(224, 2)",0.0,0.0,0.0,0.0,0.0,7.738767619166253,8.086167200843617,27.524883287672452,1.0658141036401503e-14,0.0,5.684341886080802e-14,5.329070518200751e-15,5.684341886080802e-14,ok
sample_003132,"(224, 2)","(224, 2)",0.0,0.0,0.0,0.0,0.0,9.452659703245489,9.515571448946169,21.11348384326941,0.0,0.0,0.0,0.0,0.0,ok
sample_003133,"(224, 2)","(224, 2)",0.0,0.0,0.0,0.0,0.0,5.184783050886251,13.074498078320307,22.810219201051154,0.0,0.0,0.0,0.0,0.0,ok
sample_003134,"(224, 2)","(224, 2)",0.0,0.0,0.0,0.0,0.0,8.663845217839778,10.797207972434322,26.4519054134101,1.9286159970631292e-14,0.0,2.2737367544323206e-13,9.643079985315646e-15,2.2737367544323206e-13,ok
sample_003135,"(224, 2)","(224, 2)",0.0,0.0,0.0,0.0,0.0,9.619925103109859,10.048348122950518,27.7250518484638,5.0337050026628635e-14,1.1368683772161603e-13,2.5421149729252077e-13,2.6137822065460827e-14,2.2737367544323206e-13,ok
sample_003136,"(224, 2)","(224, 2)",0.0,0.0,0.0,0.0,0.0,8.30825297872941,0.0,21.01627940430956,1.1165671561944431e-14,0.0,2.2737367544323206e-13,5.582835780972216e-15,2.2737367544323206e-13,ok
sample_003137,"(224, 2)","(224, 2)",0.0,0.0,0.0,0.0,0.0,13.482753369014157,0.07071067811859044,28.057264656412922,1.8581733148715401e-13,8.038873388460929e-13,9.165725883006586e-13,1.1191048088221578e-13,9.094947017729282e-13,ok
sample_003138,"(224, 2)","(224, 2)",0.0,0.0,0.0,0.0,0.0,10.111998836421423,16.950660754082637,25.163117851331414,2.5376526277146436e-15,0.0,1.1368683772161603e-13,1.2688263138573218e-15,1.1368683772161603e-13,ok
sample_003139,"(224, 2)","(224, 2)",0.0,0.0,0.0,0.0,0.0,9.293953178378203,12.758452100470567,27.443696908397893,4.973799150320701e-14,2.2737367544323206e-13,2.2737367544323206e-13,2.4868995751603507e-14,2.2737367544323206e-13,ok
sample_003140,"(224, 2)","(224, 2)",0.0,0.0,0.0,0.0,0.0,10.78281653250784,18.503969844333522,28.266177668726254,9.122861196634143e-14,2.2737367544323206e-13,2.2737367544323206e-13,4.5614305983170715e-14,2.2737367544323206e-13,ok
sample_003141,"(224, 2)","(224, 2)",0.0,0.0,0.0,0.0,0.0,10.64808453971135,6.246615083387104,32.56438698947057,1.6748507342916648e-14,0.0,1.1368683772161603e-13,8.374253671458324e-15,1.1368683772161603e-13,ok
sample_003142,"(224, 2)","(224, 2)",0.0,0.0,0.0,0.0,0.0,10.978938069169487,16.951120906889802,23.447456152000772,6.17185293477738e-14,4.0990372275064023e-13,6.821210263296962e-13,3.121312732089012e-14,6.821210263296962e-13,ok
sample_003143,"(224, 2)","(224, 2)",0.0,0.0,0.0,0.0,0.0,10.005602790737115,6.383306353293704,27.554701958105046,0.0,0.0,0.0,0.0,0.0,ok
sample_003144,"(224, 2)","(224, 2)",0.0,0.0,0.0,0.0,0.0,11.136715641851017,29.849546060199984,29.849546060199984,6.344131569286609e-16,0.0,2.842170943040401e-14,3.1720657846433045e-16,2.842170943040401e-14,ok
sample_003145,"(224, 2)","(224, 2)",0.0,0.0,0.0,0.0,0.0,10.956536189643625,26.43366981710999,26.785048067905432,1.685352091779855e-13,1.0800249583553523e-12,1.0800249583553523e-12,8.843719407585532e-14,1.0800249583553523e-12,ok
sample_003146,"(224, 2)","(224, 2)",0.0,0.0,0.0,0.0,0.0,7.0195588694482804,11.828947544054849,19.871638080440185,8.628018934229787e-15,0.0,5.684341886080802e-14,4.314009467114894e-15,5.684341886080802e-14,ok
sample_003147,"(224, 2)","(224, 2)",0.0,0.0,0.0,0.0,0.0,8.30644180024742,1.69446156639812,26.065473331593115,0.0,0.0,0.0,0.0,0.0,ok
sample_003148,"(224, 2)","(224, 2)",0.0,0.0,0.0,0.0,0.0,9.009333369594783,18.33735258972793,23.65258971021974,3.045183153257572e-15,0.0,5.684341886080802e-14,1.522591576628786e-15,5.684341886080802e-14,ok
sample_003149,"(224, 2)","(224, 2)",0.0,0.0,0.0,0.0,0.0,9.903731473504466,10.628687595371359,27.14038319552632,3.806478941571965e-14,2.2737367544323206e-13,4.547473508864641e-13,1.9032394707859825e-14,4.547473508864641e-13,ok
sample_003150,"(224, 2)","(224, 2)",0.0,0.0,0.0,0.0,0.0,12.94595682041537,5.530732320407506,27.196948358225846,4.682113653145672e-13,1.2151735021707253e-12,1.6484591469634324e-12,2.4101355831719825e-13,1.6484591469634324e-12,ok
sample_003151,"(224, 2)","(224, 2)",0.0,0.0,0.0,0.0,0.0,6.715335159596803,9.597926859483849,22.344003669888796,0.0,0.0,0.0,0.0,0.0,ok
sample_003152,"(224, 2)","(224, 2)",0.0,0.0,0.0,0.0,0.0,8.624251720029392,20.19774492362952,25.803001763360957,9.643079985315646e-15,0.0,1.1368683772161603e-13,4.821539992657823e-15,1.1368683772161603e-13,ok
sample_003153,"(224, 2)","(224, 2)",0.0,0.0,0.0,0.0,0.0,10.564586929020816,15.493179144384841,28.919425997069887,8.881784197001252e-16,0.0,5.684341886080802e-14,4.440892098500626e-16,5.684341886080802e-14,ok
sample_003154,"(224, 2)","(224, 2)",0.0,0.0,0.0,0.0,0.0,7.580929934584942,18.74539143362982,28.916647454364405,0.0,0.0,0.0,0.0,0.0,ok
sample_003155,"(224, 2)","(224, 2)",0.0,0.0,0.0,0.0,0.0,6.996259732965933,0.009999999999990905,28.226400762406854,8.628018934229787e-15,0.0,5.684341886080802e-14,4.314009467114894e-15,5.684341886080802e-14,ok
sample_003156,"(224, 2)","(224, 2)",0.0,0.0,0.0,0.0,0.0,6.63676449383392,0.0,22.281458659612067,0.0,0.0,0.0,0.0,0.0,ok
sample_003157,"(224, 2)","(224, 2)",0.0,0.0,0.0,0.0,0.0,5.934466951631562,0.0,26.960728847714876,0.0,0.0,0.0,0.0,0.0,ok
sample_003158,"(224, 2)","(224, 2)",0.0,0.0,0.0,0.0,0.0,8.174539202171445,11.264262070814873,27.670679427870766,8.120488408686859e-15,0.0,1.1368683772161603e-13,4.0602442043434294e-15,1.1368683772161603e-13,ok
