sample_id,delta_consistency_mse,delta_consistency_max_error,delta_consistency_error,absolute_shape,delta_shape,status
sample_000000,0.0,0.0,0.0,"(224, 2)","(224, 2)",ok
sample_000001,0.0,0.0,0.0,"(224, 2)","(224, 2)",ok
sample_000002,0.0,0.0,0.0,"(224, 2)","(224, 2)",ok
sample_000003,0.0,0.0,0.0,"(224, 2)","(224, 2)",ok
sample_000004,0.0,0.0,0.0,"(224, 2)","(224, 2)",ok
sample_000005,0.0,0.0,0.0,"(224, 2)","(224, 2)",ok
sample_000006,0.0,0.0,0.0,"(224, 2)","(224, 2)",ok
sample_000007,0.0,0.0,0.0,"(224, 2)","(224, 2)",ok
sample_000008,0.0,0.0,0.0,"(224, 2)","(224, 2)",ok
sample_000009,0.0,0.0,0.0,"(224, 2)","(224, 2)",ok
sample_000010,0.0,0.0,0.0,"(224, 2)","(224, 2)",ok
sample_000011,0.0,0.0,0.0,"(224, 2)","(224, 2)",ok
sample_000012,0.0,0.0,0.0,"(224, 2)","(224, 2)",ok
sample_000013,0.0,0.0,0.0,"(224, 2)","(224, 2)",ok
sample_000014,0.0,0.0,0.0,"(224, 2)","(224, 2)",ok
sample_000015,0.0,0.0,0.0,"(224, 2)","(224, 2)",ok
sample_000016,0.0,0.0,0.0,"(224, 2)","(224, 2)",ok
sample_000017,0.0,0.0,0.0,"(224, 2)","(224, 2)",ok
sample_000018,0.0,0.0,0.0,"(224, 2)","(224, 2)",ok
sample_000019,0.0,0.0,0.0,"(224, 2)","(224, 2)",ok
sample_000020,0.0,0.0,0.0,"(224, 2)","(224, 2)",ok
sample_000021,0.0,0.0,0.0,"(224, 2)","(224, 2)",ok
sample_000022,0.0,0.0,0.0,"(224, 2)","(224, 2)",ok
sample_000023,0.0,0.0,0.0,"(224, 2)","(224, 2)",ok
sample_000024,0.0,0.0,0.0,"(224, 2)","(224, 2)",ok
sample_000025,0.0,0.0,0.0,"(224, 2)","(224, 2)",ok
sample_000026,0.0,0.0,0.0,"(224, 2)","(224, 2)",ok
sample_000027,0.0,0.0,0.0,"(224, 2)","(224, 2)",ok
sample_000028,0.0,0.0,0.0,"(224, 2)","(224, 2)",ok
sample_000029,0.0,0.0,0.0,"(224, 2)","(224, 2)",ok
sample_000030,0.0,0.0,0.0,"(224, 2)","(224, 2)",ok
sample_000031,0.0,0.0,0.0,"(224, 2)","(224, 2)",ok
sample_000032,0.0,0.0,0.0,"(224, 2)","(224, 2)",ok
sample_000033,0.0,0.0,0.0,"(224, 2)","(224, 2)",ok
sample_000034,0.0,0.0,0.0,"(224, 2)","(224, 2)",ok
sample_000035,0.0,0.0,0.0,"(224, 2)","(224, 2)",ok
sample_000036,0.0,0.0,0.0,"(224, 2)","(224, 2)",ok
sample_000037,0.0,0.0,0.0,"(224, 2)","(224, 2)",ok
sample_000038,0.0,0.0,0.0,"(224, 2)","(224, 2)",ok
sample_000039,0.0,0.0,0.0,"(224, 2)","(224, 2)",ok
sample_000040,0.0,0.0,0.0,"(224, 2)","(224, 2)",ok
sample_000041,0.0,0.0,0.0,"(224, 2)","(224, 2)",ok
sample_000042,0.0,0.0,0.0,"(224, 2)","(224, 2)",ok
sample_000043,0.0,0.0,0.0,"(224, 2)","(224, 2)",ok
sample_000044,0.0,0.0,0.0,"(224, 2)","(224, 2)",ok
sample_000045,0.0,0.0,0.0,"(224, 2)","(224, 2)",ok
sample_000046,0.0,0.0,0.0,"(224, 2)","(224, 2)",ok
sample_000047,0.0,0.0,0.0,"(224, 2)","(224, 2)",ok
sample_000048,0.0,0.0,0.0,"(224, 2)","(224, 2)",ok
sample_000049,0.0,0.0,0.0,"(224, 2)","(224, 2)",ok
sample_000050,0.0,0.0,0.0,"(224, 2)","(224, 2)",ok
sample_000051,0.0,0.0,0.0,"(224, 2)","(224, 2)",ok
sample_000052,0.0,0.0,0.0,"(224, 2)","(224, 2)",ok
sample_000053,0.0,0.0,0.0,"(224, 2)","(224, 2)",ok
sample_000054,0.0,0.0,0.0,"(224, 2)","(224, 2)",ok
sample_000055,0.0,0.0,0.0,"(224, 2)","(224, 2)",ok
sample_000056,0.0,0.0,0.0,"(224, 2)","(224, 2)",ok
sample_000057,0.0,0.0,0.0,"(224, 2)","(224, 2)",ok
sample_000058,0.0,0.0,0.0,"(224, 2)","(224, 2)",ok
sample_000059,0.0,0.0,0.0,"(224, 2)","(224, 2)",ok
sample_000060,0.0,0.0,0.0,"(224, 2)","(224, 2)",ok
sample_000061,0.0,0.0,0.0,"(224, 2)","(224, 2)",ok
sample_000062,0.0,0.0,0.0,"(224, 2)","(224, 2)",ok
sample_000063,0.0,0.0,0.0,"(224, 2)","(224, 2)",ok
sample_000064,0.0,0.0,0.0,"(224, 2)","(224, 2)",ok
sample_000065,0.0,0.0,0.0,"(224, 2)","(224, 2)",ok
sample_000066,0.0,0.0,0.0,"(224, 2)","(224, 2)",ok
sample_000067,0.0,0.0,0.0,"(224, 2)","(224, 2)",ok
sample_000068,0.0,0.0,0.0,"(224, 2)","(224, 2)",ok
sample_000069,0.0,0.0,0.0,"(224, 2)","(224, 2)",ok
sample_000070,0.0,0.0,0.0,"(224, 2)","(224, 2)",ok
sample_000071,0.0,0.0,0.0,"(224, 2)","(224, 2)",ok
sample_000072,0.0,0.0,0.0,"(224, 2)","(224, 2)",ok
sample_000073,0.0,0.0,0.0,"(224, 2)","(224, 2)",ok
sample_000074,0.0,0.0,0.0,"(224, 2)","(224, 2)",ok
sample_000075,0.0,0.0,0.0,"(224, 2)","(224, 2)",ok
sample_000076,0.0,0.0,0.0,"(224, 2)","(224, 2)",ok
sample_000077,0.0,0.0,0.0,"(224, 2)","(224, 2)",ok
sample_000078,0.0,0.0,0.0,"(224, 2)","(224, 2)",ok
sample_000079,0.0,0.0,0.0,"(224, 2)","(224, 2)",ok
sample_000080,0.0,0.0,0.0,"(224, 2)","(224, 2)",ok
sample_000081,0.0,0.0,0.0,"(224, 2)","(224, 2)",ok
sample_000082,0.0,0.0,0.0,"(224, 2)","(224, 2)",ok
sample_000083,0.0,0.0,0.0,"(224, 2)","(224, 2)",ok
sample_000084,0.0,0.0,0.0,"(224, 2)","(224, 2)",ok
sample_000085,0.0,0.0,0.0,"(224, 2)","(224, 2)",ok
sample_000086,0.0,0.0,0.0,"(224, 2)","(224, 2)",ok
sample_000087,0.0,0.0,0.0,"(224, 2)","(224, 2)",ok
sample_000088,0.0,0.0,0.0,"(224, 2)","(224, 2)",ok
sample_000089,0.0,0.0,0.0,"(224, 2)","(224, 2)",ok
sample_000090,0.0,0.0,0.0,"(224, 2)","(224, 2)",ok
sample_000091,0.0,0.0,0.0,"(224, 2)","(224, 2)",ok
sample_000092,0.0,0.0,0.0,"(224, 2)","(224, 2)",ok
sample_000093,0.0,0.0,0.0,"(224, 2)","(224, 2)",ok
sample_000094,0.0,0.0,0.0,"(224, 2)","(224, 2)",ok
sample_000095,0.0,0.0,0.0,"(224, 2)","(224, 2)",ok
sample_000096,0.0,0.0,0.0,"(224, 2)","(224, 2)",ok
sample_000097,0.0,0.0,0.0,"(224, 2)","(224, 2)",ok
sample_000098,0.0,0.0,0.0,"(224, 2)","(224, 2)",ok
sample_000099,0.0,0.0,0.0,"(224, 2)","(224, 2)",ok
sample_000100,0.0,0.0,0.0,"(224, 2)","(224, 2)",ok
sample_000101,0.0,0.0,0.0,"(224, 2)","(224, 2)",ok
sample_000102,0.0,0.0,0.0,"(224, 2)","(224, 2)",ok
sample_000103,0.0,0.0,0.0,"(224, 2)","(224, 2)",ok
sample_000104,0.0,0.0,0.0,"(224, 2)","(224, 2)",ok
sample_000105,0.0,0.0,0.0,"(224, 2)","(224, 2)",ok
sample_000106,0.0,0.0,0.0,"(224, 2)","(224, 2)",ok
sample_000107,0.0,0.0,0.0,"(224, 2)","(224, 2)",ok
sample_000108,0.0,0.0,0.0,"(224, 2)","(224, 2)",ok
sample_000109,0.0,0.0,0.0,"(224, 2)","(224, 2)",ok
sample_000110,0.0,0.0,0.0,"(224, 2)","(224, 2)",ok
sample_000111,0.0,0.0,0.0,"(224, 2)","(224, 2)",ok
sample_000112,0.0,0.0,0.0,"(224, 2)","(224, 2)",ok
sample_000113,0.0,0.0,0.0,"(224, 2)","(224, 2)",ok
sample_000114,0.0,0.0,0.0,"(224, 2)","(224, 2)",ok
sample_000115,0.0,0.0,0.0,"(224, 2)","(224, 2)",ok
sample_000116,0.0,0.0,0.0,"(224, 2)","(224, 2)",ok
sample_000117,0.0,0.0,0.0,"(224, 2)","(224, 2)",ok
sample_000118,0.0,0.0,0.0,"(224, 2)","(224, 2)",ok
sample_000119,0.0,0.0,0.0,"(224, 2)","(224, 2)",ok
sample_000120,0.0,0.0,0.0,"(224, 2)","(224, 2)",ok
sample_000121,0.0,0.0,0.0,"(224, 2)","(224, 2)",ok
sample_000122,0.0,0.0,0.0,"(224, 2)","(224, 2)",ok
sample_000123,0.0,0.0,0.0,"(224, 2)","(224, 2)",ok
sample_000124,0.0,0.0,0.0,"(224, 2)","(224, 2)",ok
sample_000125,0.0,0.0,0.0,"(224, 2)","(224, 2)",ok
sample_000126,0.0,0.0,0.0,"(224, 2)","(224, 2)",ok
sample_000127,0.0,0.0,0.0,"(224, 2)","(224, 2)",ok
sample_000128,0.0,0.0,0.0,"(224, 2)","(224, 2)",ok
sample_000129,0.0,0.0,0.0,"(224, 2)","(224, 2)",ok
sample_000130,0.0,0.0,0.0,"(224, 2)","(224, 2)",ok
sample_000131,0.0,0.0,0.0,"(224, 2)","(224, 2)",ok
sample_000132,0.0,0.0,0.0,"(224, 2)","(224, 2)",ok
sample_000133,0.0,0.0,0.0,"(224, 2)","(224, 2)",ok
sample_000134,0.0,0.0,0.0,"(224, 2)","(224, 2)",ok
sample_000135,0.0,0.0,0.0,"(224, 2)","(224, 2)",ok
sample_000136,0.0,0.0,0.0,"(224, 2)","(224, 2)",ok
sample_000137,0.0,0.0,0.0,"(224, 2)","(224, 2)",ok
sample_000138,0.0,0.0,0.0,"(224, 2)","(224, 2)",ok
sample_000139,0.0,0.0,0.0,"(224, 2)","(224, 2)",ok
sample_000140,0.0,0.0,0.0,"(224, 2)","(224, 2)",ok
sample_000141,0.0,0.0,0.0,"(224, 2)","(224, 2)",ok
sample_000142,0.0,0.0,0.0,"(224, 2)","(224, 2)",ok
sample_000143,0.0,0.0,0.0,"(224, 2)","(224, 2)",ok
sample_000144,0.0,0.0,0.0,"(224, 2)","(224, 2)",ok
sample_000145,0.0,0.0,0.0,"(224, 2)","(224, 2)",ok
sample_000146,0.0,0.0,0.0,"(224, 2)","(224, 2)",ok
sample_000147,0.0,0.0,0.0,"(224, 2)","(224, 2)",ok
sample_000148,0.0,0.0,0.0,"(224, 2)","(224, 2)",ok
sample_000149,0.0,0.0,0.0,"(224, 2)","(224, 2)",ok
sample_000150,0.0,0.0,0.0,"(224, 2)","(224, 2)",ok
sample_000151,0.0,0.0,0.0,"(224, 2)","(224, 2)",ok
sample_000152,0.0,0.0,0.0,"(224, 2)","(224, 2)",ok
sample_000153,0.0,0.0,0.0,"(224, 2)","(224, 2)",ok
sample_000154,0.0,0.0,0.0,"(224, 2)","(224, 2)",ok
sample_000155,0.0,0.0,0.0,"(224, 2)","(224, 2)",ok
sample_000156,0.0,0.0,0.0,"(224, 2)","(224, 2)",ok
sample_000157,0.0,0.0,0.0,"(224, 2)","(224, 2)",ok
sample_000158,0.0,0.0,0.0,"(224, 2)","(224, 2)",ok
sample_000159,0.0,0.0,0.0,"(224, 2)","(224, 2)",ok
sample_000160,0.0,0.0,0.0,"(224, 2)","(224, 2)",ok
sample_000161,0.0,0.0,0.0,"(224, 2)","(224, 2)",ok
sample_000162,0.0,0.0,0.0,"(224, 2)","(224, 2)",ok
sample_000163,0.0,0.0,0.0,"(224, 2)","(224, 2)",ok
sample_000164,0.0,0.0,0.0,"(224, 2)","(224, 2)",ok
sample_000165,0.0,0.0,0.0,"(224, 2)","(224, 2)",ok
sample_000166,0.0,0.0,0.0,"(224, 2)","(224, 2)",ok
sample_000167,0.0,0.0,0.0,"(224, 2)","(224, 2)",ok
sample_000168,0.0,0.0,0.0,"(224, 2)","(224, 2)",ok
sample_000169,0.0,0.0,0.0,"(224, 2)","(224, 2)",ok
sample_000170,0.0,0.0,0.0,"(224, 2)","(224, 2)",ok
sample_000171,0.0,0.0,0.0,"(224, 2)","(224, 2)",ok
sample_000172,0.0,0.0,0.0,"(224, 2)","(224, 2)",ok
sample_000173,0.0,0.0,0.0,"(224, 2)","(224, 2)",ok
sample_000174,0.0,0.0,0.0,"(224, 2)","(224, 2)",ok
sample_000175,0.0,0.0,0.0,"(224, 2)","(224, 2)",ok
sample_000176,0.0,0.0,0.0,"(224, 2)","(224, 2)",ok
sample_000177,0.0,0.0,0.0,"(224, 2)","(224, 2)",ok
sample_000178,0.0,0.0,0.0,"(224, 2)","(224, 2)",ok
sample_000179,0.0,0.0,0.0,"(224, 2)","(224, 2)",ok
sample_000180,0.0,0.0,0.0,"(224, 2)","(224, 2)",ok
sample_000181,0.0,0.0,0.0,"(224, 2)","(224, 2)",ok
sample_000182,0.0,0.0,0.0,"(224, 2)","(224, 2)",ok
sample_000183,0.0,0.0,0.0,"(224, 2)","(224, 2)",ok
sample_000184,0.0,0.0,0.0,"(224, 2)","(224, 2)",ok
sample_000185,0.0,0.0,0.0,"(224, 2)","(224, 2)",ok
sample_000186,0.0,0.0,0.0,"(224, 2)","(224, 2)",ok
sample_000187,0.0,0.0,0.0,"(224, 2)","(224, 2)",ok
sample_000188,0.0,0.0,0.0,"(224, 2)","(224, 2)",ok
sample_000189,0.0,0.0,0.0,"(224, 2)","(224, 2)",ok
sample_000190,0.0,0.0,0.0,"(224, 2)","(224, 2)",ok
sample_000191,0.0,0.0,0.0,"(224, 2)","(224, 2)",ok
sample_000192,0.0,0.0,0.0,"(224, 2)","(224, 2)",ok
sample_000193,0.0,0.0,0.0,"(224, 2)","(224, 2)",ok
sample_000194,0.0,0.0,0.0,"(224, 2)","(224, 2)",ok
sample_000195,0.0,0.0,0.0,"(224, 2)","(224, 2)",ok
sample_000196,0.0,0.0,0.0,"(224, 2)","(224, 2)",ok
sample_000197,0.0,0.0,0.0,"(224, 2)","(224, 2)",ok
sample_000198,0.0,0.0,0.0,"(224, 2)","(224, 2)",ok
sample_000199,0.0,0.0,0.0,"(224, 2)","(224, 2)",ok
sample_000200,0.0,0.0,0.0,"(224, 2)","(224, 2)",ok
sample_000201,0.0,0.0,0.0,"(224, 2)","(224, 2)",ok
sample_000202,0.0,0.0,0.0,"(224, 2)","(224, 2)",ok
sample_000203,0.0,0.0,0.0,"(224, 2)","(224, 2)",ok
sample_000204,0.0,0.0,0.0,"(224, 2)","(224, 2)",ok
sample_000205,0.0,0.0,0.0,"(224, 2)","(224, 2)",ok
sample_000206,0.0,0.0,0.0,"(224, 2)","(224, 2)",ok
sample_000207,0.0,0.0,0.0,"(224, 2)","(224, 2)",ok
sample_000208,0.0,0.0,0.0,"(224, 2)","(224, 2)",ok
sample_000209,0.0,0.0,0.0,"(224, 2)","(224, 2)",ok
sample_000210,0.0,0.0,0.0,"(224, 2)","(224, 2)",ok
sample_000211,0.0,0.0,0.0,"(224, 2)","(224, 2)",ok
sample_000212,0.0,0.0,0.0,"(224, 2)","(224, 2)",ok
sample_000213,0.0,0.0,0.0,"(224, 2)","(224, 2)",ok
sample_000214,0.0,0.0,0.0,"(224, 2)","(224, 2)",ok
sample_000215,0.0,0.0,0.0,"(224, 2)","(224, 2)",ok
sample_000216,0.0,0.0,0.0,"(224, 2)","(224, 2)",ok
sample_000217,0.0,0.0,0.0,"(224, 2)","(224, 2)",ok
sample_000218,0.0,0.0,0.0,"(224, 2)","(224, 2)",ok
sample_000219,0.0,0.0,0.0,"(224, 2)","(224, 2)",ok
sample_000220,0.0,0.0,0.0,"(224, 2)","(224, 2)",ok
sample_000221,0.0,0.0,0.0,"(224, 2)","(224, 2)",ok
sample_000222,0.0,0.0,0.0,"(224, 2)","(224, 2)",ok
sample_000223,0.0,0.0,0.0,"(224, 2)","(224, 2)",ok
sample_000224,0.0,0.0,0.0,"(224, 2)","(224, 2)",ok
sample_000225,0.0,0.0,0.0,"(224, 2)","(224, 2)",ok
sample_000226,0.0,0.0,0.0,"(224, 2)","(224, 2)",ok
sample_000227,0.0,0.0,0.0,"(224, 2)","(224, 2)",ok
sample_000228,0.0,0.0,0.0,"(224, 2)","(224, 2)",ok
sample_000229,0.0,0.0,0.0,"(224, 2)","(224, 2)",ok
sample_000230,0.0,0.0,0.0,"(224, 2)","(224, 2)",ok
sample_000231,0.0,0.0,0.0,"(224, 2)","(224, 2)",ok
sample_000232,0.0,0.0,0.0,"(224, 2)","(224, 2)",ok
sample_000233,0.0,0.0,0.0,"(224, 2)","(224, 2)",ok
sample_000234,0.0,0.0,0.0,"(224, 2)","(224, 2)",ok
sample_000235,0.0,0.0,0.0,"(224, 2)","(224, 2)",ok
sample_000236,0.0,0.0,0.0,"(224, 2)","(224, 2)",ok
sample_000237,0.0,0.0,0.0,"(224, 2)","(224, 2)",ok
sample_000238,0.0,0.0,0.0,"(224, 2)","(224, 2)",ok
sample_000239,0.0,0.0,0.0,"(224, 2)","(224, 2)",ok
sample_000240,0.0,0.0,0.0,"(224, 2)","(224, 2)",ok
sample_000241,0.0,0.0,0.0,"(224, 2)","(224, 2)",ok
sample_000242,0.0,0.0,0.0,"(224, 2)","(224, 2)",ok
sample_000243,0.0,0.0,0.0,"(224, 2)","(224, 2)",ok
sample_000244,0.0,0.0,0.0,"(224, 2)","(224, 2)",ok
sample_000245,0.0,0.0,0.0,"(224, 2)","(224, 2)",ok
sample_000246,0.0,0.0,0.0,"(224, 2)","(224, 2)",ok
sample_000247,0.0,0.0,0.0,"(224, 2)","(224, 2)",ok
sample_000248,0.0,0.0,0.0,"(224, 2)","(224, 2)",ok
sample_000249,0.0,0.0,0.0,"(224, 2)","(224, 2)",ok
sample_000250,0.0,0.0,0.0,"(224, 2)","(224, 2)",ok
sample_000251,0.0,0.0,0.0,"(224, 2)","(224, 2)",ok
sample_000252,0.0,0.0,0.0,"(224, 2)","(224, 2)",ok
sample_000253,0.0,0.0,0.0,"(224, 2)","(224, 2)",ok
sample_000254,0.0,0.0,0.0,"(224, 2)","(224, 2)",ok
sample_000255,0.0,0.0,0.0,"(224, 2)","(224, 2)",ok
sample_000256,0.0,0.0,0.0,"(224, 2)","(224, 2)",ok
sample_000257,0.0,0.0,0.0,"(224, 2)","(224, 2)",ok
sample_000258,0.0,0.0,0.0,"(224, 2)","(224, 2)",ok
sample_000259,0.0,0.0,0.0,"(224, 2)","(224, 2)",ok
sample_000260,0.0,0.0,0.0,"(224, 2)","(224, 2)",ok
sample_000261,0.0,0.0,0.0,"(224, 2)","(224, 2)",ok
sample_000262,0.0,0.0,0.0,"(224, 2)","(224, 2)",ok
sample_000263,0.0,0.0,0.0,"(224, 2)","(224, 2)",ok
sample_000264,0.0,0.0,0.0,"(224, 2)","(224, 2)",ok
sample_000265,0.0,0.0,0.0,"(224, 2)","(224, 2)",ok
sample_000266,0.0,0.0,0.0,"(224, 2)","(224, 2)",ok
sample_000267,0.0,0.0,0.0,"(224, 2)","(224, 2)",ok
sample_000268,0.0,0.0,0.0,"(224, 2)","(224, 2)",ok
sample_000269,0.0,0.0,0.0,"(224, 2)","(224, 2)",ok
sample_000270,0.0,0.0,0.0,"(224, 2)","(224, 2)",ok
sample_000271,0.0,0.0,0.0,"(224, 2)","(224, 2)",ok
sample_000272,0.0,0.0,0.0,"(224, 2)","(224, 2)",ok
sample_000273,0.0,0.0,0.0,"(224, 2)","(224, 2)",ok
sample_000274,0.0,0.0,0.0,"(224, 2)","(224, 2)",ok
sample_000275,0.0,0.0,0.0,"(224, 2)","(224, 2)",ok
sample_000276,0.0,0.0,0.0,"(224, 2)","(224, 2)",ok
sample_000277,0.0,0.0,0.0,"(224, 2)","(224, 2)",ok
sample_000278,0.0,0.0,0.0,"(224, 2)","(224, 2)",ok
sample_000279,0.0,0.0,0.0,"(224, 2)","(224, 2)",ok
sample_000280,0.0,0.0,0.0,"(224, 2)","(224, 2)",ok
sample_000281,0.0,0.0,0.0,"(224, 2)","(224, 2)",ok
sample_000282,0.0,0.0,0.0,"(224, 2)","(224, 2)",ok
sample_000283,0.0,0.0,0.0,"(224, 2)","(224, 2)",ok
sample_000284,0.0,0.0,0.0,"(224, 2)","(224, 2)",ok
sample_000285,0.0,0.0,0.0,"(224, 2)","(224, 2)",ok
sample_000286,0.0,0.0,0.0,"(224, 2)","(224, 2)",ok
sample_000287,0.0,0.0,0.0,"(224, 2)","(224, 2)",ok
sample_000288,0.0,0.0,0.0,"(224, 2)","(224, 2)",ok
sample_000289,0.0,0.0,0.0,"(224, 2)","(224, 2)",ok
sample_000290,0.0,0.0,0.0,"(224, 2)","(224, 2)",ok
sample_000291,0.0,0.0,0.0,"(224, 2)","(224, 2)",ok
sample_000292,0.0,0.0,0.0,"(224, 2)","(224, 2)",ok
sample_000293,0.0,0.0,0.0,"(224, 2)","(224, 2)",ok
sample_000294,0.0,0.0,0.0,"(224, 2)","(224, 2)",ok
sample_000295,0.0,0.0,0.0,"(224, 2)","(224, 2)",ok
sample_000296,0.0,0.0,0.0,"(224, 2)","(224, 2)",ok
sample_000297,0.0,0.0,0.0,"(224, 2)","(224, 2)",ok
sample_000298,0.0,0.0,0.0,"(224, 2)","(224, 2)",ok
sample_000299,0.0,0.0,0.0,"(224, 2)","(224, 2)",ok
sample_000300,0.0,0.0,0.0,"(224, 2)","(224, 2)",ok
sample_000301,0.0,0.0,0.0,"(224, 2)","(224, 2)",ok
sample_000302,0.0,0.0,0.0,"(224, 2)","(224, 2)",ok
sample_000303,0.0,0.0,0.0,"(224, 2)","(224, 2)",ok
sample_000304,0.0,0.0,0.0,"(224, 2)","(224, 2)",ok
sample_000305,0.0,0.0,0.0,"(224, 2)","(224, 2)",ok
sample_000306,0.0,0.0,0.0,"(224, 2)","(224, 2)",ok
sample_000307,0.0,0.0,0.0,"(224, 2)","(224, 2)",ok
sample_000308,0.0,0.0,0.0,"(224, 2)","(224, 2)",ok
sample_000309,0.0,0.0,0.0,"(224, 2)","(224, 2)",ok
sample_000310,0.0,0.0,0.0,"(224, 2)","(224, 2)",ok
sample_000311,0.0,0.0,0.0,"(224, 2)","(224, 2)",ok
sample_000312,0.0,0.0,0.0,"(224, 2)","(224, 2)",ok
sample_000313,0.0,0.0,0.0,"(224, 2)","(224, 2)",ok
sample_000314,0.0,0.0,0.0,"(224, 2)","(224, 2)",ok
sample_000315,0.0,0.0,0.0,"(224, 2)","(224, 2)",ok
sample_000316,0.0,0.0,0.0,"(224, 2)","(224, 2)",ok
sample_000317,0.0,0.0,0.0,"(224, 2)","(224, 2)",ok
sample_000318,0.0,0.0,0.0,"(224, 2)","(224, 2)",ok
sample_000319,0.0,0.0,0.0,"(224, 2)","(224, 2)",ok
sample_000320,0.0,0.0,0.0,"(224, 2)","(224, 2)",ok
sample_000321,0.0,0.0,0.0,"(224, 2)","(224, 2)",ok
sample_000322,0.0,0.0,0.0,"(224, 2)","(224, 2)",ok
sample_000323,0.0,0.0,0.0,"(224, 2)","(224, 2)",ok
sample_000324,0.0,0.0,0.0,"(224, 2)","(224, 2)",ok
sample_000325,0.0,0.0,0.0,"(224, 2)","(224, 2)",ok
sample_000326,0.0,0.0,0.0,"(224, 2)","(224, 2)",ok
sample_000327,0.0,0.0,0.0,"(224, 2)","(224, 2)",ok
sample_000328,0.0,0.0,0.0,"(224, 2)","(224, 2)",ok
sample_000329,0.0,0.0,0.0,"(224, 2)","(224, 2)",ok
sample_000330,0.0,0.0,0.0,"(224, 2)","(224, 2)",ok
sample_000331,0.0,0.0,0.0,"(224, 2)","(224, 2)",ok
sample_000332,0.0,0.0,0.0,"(224, 2)","(224, 2)",ok
sample_000333,0.0,0.0,0.0,"(224, 2)","(224, 2)",ok
sample_000334,0.0,0.0,0.0,"(224, 2)","(224, 2)",ok
sample_000335,0.0,0.0,0.0,"(224, 2)","(224, 2)",ok
sample_000336,0.0,0.0,0.0,"(224, 2)","(224, 2)",ok
sample_000337,0.0,0.0,0.0,"(224, 2)","(224, 2)",ok
sample_000338,0.0,0.0,0.0,"(224, 2)","(224, 2)",ok
sample_000339,0.0,0.0,0.0,"(224, 2)","(224, 2)",ok
sample_000340,0.0,0.0,0.0,"(224, 2)","(224, 2)",ok
sample_000341,0.0,0.0,0.0,"(224, 2)","(224, 2)",ok
sample_000342,0.0,0.0,0.0,"(224, 2)","(224, 2)",ok
sample_000343,0.0,0.0,0.0,"(224, 2)","(224, 2)",ok
sample_000344,0.0,0.0,0.0,"(224, 2)","(224, 2)",ok
sample_000345,0.0,0.0,0.0,"(224, 2)","(224, 2)",ok
sample_000346,0.0,0.0,0.0,"(224, 2)","(224, 2)",ok
sample_000347,0.0,0.0,0.0,"(224, 2)","(224, 2)",ok
sample_000348,0.0,0.0,0.0,"(224, 2)","(224, 2)",ok
sample_000349,0.0,0.0,0.0,"(224, 2)","(224, 2)",ok
sample_000350,0.0,0.0,0.0,"(224, 2)","(224, 2)",ok
sample_000351,0.0,0.0,0.0,"(224, 2)","(224, 2)",ok
sample_000352,0.0,0.0,0.0,"(224, 2)","(224, 2)",ok
sample_000353,0.0,0.0,0.0,"(224, 2)","(224, 2)",ok
sample_000354,0.0,0.0,0.0,"(224, 2)","(224, 2)",ok
sample_000355,0.0,0.0,0.0,"(224, 2)","(224, 2)",ok
sample_000356,0.0,0.0,0.0,"(224, 2)","(224, 2)",ok
sample_000357,0.0,0.0,0.0,"(224, 2)","(224, 2)",ok
sample_000358,0.0,0.0,0.0,"(224, 2)","(224, 2)",ok
sample_000359,0.0,0.0,0.0,"(224, 2)","(224, 2)",ok
sample_000360,0.0,0.0,0.0,"(224, 2)","(224, 2)",ok
sample_000361,0.0,0.0,0.0,"(224, 2)","(224, 2)",ok
sample_000362,0.0,0.0,0.0,"(224, 2)","(224, 2)",ok
sample_000363,0.0,0.0,0.0,"(224, 2)","(224, 2)",ok
sample_000364,0.0,0.0,0.0,"(224, 2)","(224, 2)",ok
sample_000365,0.0,0.0,0.0,"(224, 2)","(224, 2)",ok
sample_000366,0.0,0.0,0.0,"(224, 2)","(224, 2)",ok
sample_000367,0.0,0.0,0.0,"(224, 2)","(224, 2)",ok
sample_000368,0.0,0.0,0.0,"(224, 2)","(224, 2)",ok
sample_000369,0.0,0.0,0.0,"(224, 2)","(224, 2)",ok
sample_000370,0.0,0.0,0.0,"(224, 2)","(224, 2)",ok
sample_000371,0.0,0.0,0.0,"(224, 2)","(224, 2)",ok
sample_000372,0.0,0.0,0.0,"(224, 2)","(224, 2)",ok
sample_000373,0.0,0.0,0.0,"(224, 2)","(224, 2)",ok
sample_000374,0.0,0.0,0.0,"(224, 2)","(224, 2)",ok
sample_000375,0.0,0.0,0.0,"(224, 2)","(224, 2)",ok
sample_000376,0.0,0.0,0.0,"(224, 2)","(224, 2)",ok
sample_000377,0.0,0.0,0.0,"(224, 2)","(224, 2)",ok
sample_000378,0.0,0.0,0.0,"(224, 2)","(224, 2)",ok
sample_000379,0.0,0.0,0.0,"(224, 2)","(224, 2)",ok
sample_000380,0.0,0.0,0.0,"(224, 2)","(224, 2)",ok
sample_000381,0.0,0.0,0.0,"(224, 2)","(224, 2)",ok
sample_000382,0.0,0.0,0.0,"(224, 2)","(224, 2)",ok
sample_000383,0.0,0.0,0.0,"(224, 2)","(224, 2)",ok
sample_000384,0.0,0.0,0.0,"(224, 2)","(224, 2)",ok
sample_000385,0.0,0.0,0.0,"(224, 2)","(224, 2)",ok
sample_000386,0.0,0.0,0.0,"(224, 2)","(224, 2)",ok
sample_000387,0.0,0.0,0.0,"(224, 2)","(224, 2)",ok
sample_000388,0.0,0.0,0.0,"(224, 2)","(224, 2)",ok
sample_000389,0.0,0.0,0.0,"(224, 2)","(224, 2)",ok
sample_000390,0.0,0.0,0.0,"(224, 2)","(224, 2)",ok
sample_000391,0.0,0.0,0.0,"(224, 2)","(224, 2)",ok
sample_000392,0.0,0.0,0.0,"(224, 2)","(224, 2)",ok
sample_000393,0.0,0.0,0.0,"(224, 2)","(224, 2)",ok
sample_000394,0.0,0.0,0.0,"(224, 2)","(224, 2)",ok
sample_000395,0.0,0.0,0.0,"(224, 2)","(224, 2)",ok
sample_000396,0.0,0.0,0.0,"(224, 2)","(224, 2)",ok
sample_000397,0.0,0.0,0.0,"(224, 2)","(224, 2)",ok
sample_000398,0.0,0.0,0.0,"(224, 2)","(224, 2)",ok
sample_000399,0.0,0.0,0.0,"(224, 2)","(224, 2)",ok
sample_000400,0.0,0.0,0.0,"(224, 2)","(224, 2)",ok
sample_000401,0.0,0.0,0.0,"(224, 2)","(224, 2)",ok
sample_000402,0.0,0.0,0.0,"(224, 2)","(224, 2)",ok
sample_000403,0.0,0.0,0.0,"(224, 2)","(224, 2)",ok
sample_000404,0.0,0.0,0.0,"(224, 2)","(224, 2)",ok
sample_000405,0.0,0.0,0.0,"(224, 2)","(224, 2)",ok
sample_000406,0.0,0.0,0.0,"(224, 2)","(224, 2)",ok
sample_000407,0.0,0.0,0.0,"(224, 2)","(224, 2)",ok
sample_000408,0.0,0.0,0.0,"(224, 2)","(224, 2)",ok
sample_000409,0.0,0.0,0.0,"(224, 2)","(224, 2)",ok
sample_000410,0.0,0.0,0.0,"(224, 2)","(224, 2)",ok
sample_000411,0.0,0.0,0.0,"(224, 2)","(224, 2)",ok
sample_000412,0.0,0.0,0.0,"(224, 2)","(224, 2)",ok
sample_000413,0.0,0.0,0.0,"(224, 2)","(224, 2)",ok
sample_000414,0.0,0.0,0.0,"(224, 2)","(224, 2)",ok
sample_000415,0.0,0.0,0.0,"(224, 2)","(224, 2)",ok
sample_000416,0.0,0.0,0.0,"(224, 2)","(224, 2)",ok
sample_000417,0.0,0.0,0.0,"(224, 2)","(224, 2)",ok
sample_000418,0.0,0.0,0.0,"(224, 2)","(224, 2)",ok
sample_000419,0.0,0.0,0.0,"(224, 2)","(224, 2)",ok
sample_000420,0.0,0.0,0.0,"(224, 2)","(224, 2)",ok
sample_000421,0.0,0.0,0.0,"(224, 2)","(224, 2)",ok
sample_000422,0.0,0.0,0.0,"(224, 2)","(224, 2)",ok
sample_000423,0.0,0.0,0.0,"(224, 2)","(224, 2)",ok
sample_000424,0.0,0.0,0.0,"(224, 2)","(224, 2)",ok
sample_000425,0.0,0.0,0.0,"(224, 2)","(224, 2)",ok
sample_000426,0.0,0.0,0.0,"(224, 2)","(224, 2)",ok
sample_000427,0.0,0.0,0.0,"(224, 2)","(224, 2)",ok
sample_000428,0.0,0.0,0.0,"(224, 2)","(224, 2)",ok
sample_000429,0.0,0.0,0.0,"(224, 2)","(224, 2)",ok
sample_000430,0.0,0.0,0.0,"(224, 2)","(224, 2)",ok
sample_000431,0.0,0.0,0.0,"(224, 2)","(224, 2)",ok
sample_000432,0.0,0.0,0.0,"(224, 2)","(224, 2)",ok
sample_000433,0.0,0.0,0.0,"(224, 2)","(224, 2)",ok
sample_000434,0.0,0.0,0.0,"(224, 2)","(224, 2)",ok
sample_000435,0.0,0.0,0.0,"(224, 2)","(224, 2)",ok
sample_000436,0.0,0.0,0.0,"(224, 2)","(224, 2)",ok
sample_000437,0.0,0.0,0.0,"(224, 2)","(224, 2)",ok
sample_000438,0.0,0.0,0.0,"(224, 2)","(224, 2)",ok
sample_000439,0.0,0.0,0.0,"(224, 2)","(224, 2)",ok
sample_000440,0.0,0.0,0.0,"(224, 2)","(224, 2)",ok
sample_000441,0.0,0.0,0.0,"(224, 2)","(224, 2)",ok
sample_000442,0.0,0.0,0.0,"(224, 2)","(224, 2)",ok
sample_000443,0.0,0.0,0.0,"(224, 2)","(224, 2)",ok
sample_000444,0.0,0.0,0.0,"(224, 2)","(224, 2)",ok
sample_000445,0.0,0.0,0.0,"(224, 2)","(224, 2)",ok
sample_000446,0.0,0.0,0.0,"(224, 2)","(224, 2)",ok
sample_000447,0.0,0.0,0.0,"(224, 2)","(224, 2)",ok
sample_000448,0.0,0.0,0.0,"(224, 2)","(224, 2)",ok
sample_000449,0.0,0.0,0.0,"(224, 2)","(224, 2)",ok
sample_000450,0.0,0.0,0.0,"(224, 2)","(224, 2)",ok
sample_000451,0.0,0.0,0.0,"(224, 2)","(224, 2)",ok
sample_000452,0.0,0.0,0.0,"(224, 2)","(224, 2)",ok
sample_000453,0.0,0.0,0.0,"(224, 2)","(224, 2)",ok
sample_000454,0.0,0.0,0.0,"(224, 2)","(224, 2)",ok
sample_000455,0.0,0.0,0.0,"(224, 2)","(224, 2)",ok
sample_000456,0.0,0.0,0.0,"(224, 2)","(224, 2)",ok
sample_000457,0.0,0.0,0.0,"(224, 2)","(224, 2)",ok
sample_000458,0.0,0.0,0.0,"(224, 2)","(224, 2)",ok
sample_000459,0.0,0.0,0.0,"(224, 2)","(224, 2)",ok
sample_000460,0.0,0.0,0.0,"(224, 2)","(224, 2)",ok
sample_000461,0.0,0.0,0.0,"(224, 2)","(224, 2)",ok
sample_000462,0.0,0.0,0.0,"(224, 2)","(224, 2)",ok
sample_000463,0.0,0.0,0.0,"(224, 2)","(224, 2)",ok
sample_000464,0.0,0.0,0.0,"(224, 2)","(224, 2)",ok
sample_000465,0.0,0.0,0.0,"(224, 2)","(224, 2)",ok
sample_000466,0.0,0.0,0.0,"(224, 2)","(224, 2)",ok
sample_000467,0.0,0.0,0.0,"(224, 2)","(224, 2)",ok
sample_000468,0.0,0.0,0.0,"(224, 2)","(224, 2)",ok
sample_000469,0.0,0.0,0.0,"(224, 2)","(224, 2)",ok
sample_000470,0.0,0.0,0.0,"(224, 2)","(224, 2)",ok
sample_000471,0.0,0.0,0.0,"(224, 2)","(224, 2)",ok
sample_000472,0.0,0.0,0.0,"(224, 2)","(224, 2)",ok
sample_000473,0.0,0.0,0.0,"(224, 2)","(224, 2)",ok
sample_000474,0.0,0.0,0.0,"(224, 2)","(224, 2)",ok
sample_000475,0.0,0.0,0.0,"(224, 2)","(224, 2)",ok
sample_000476,0.0,0.0,0.0,"(224, 2)","(224, 2)",ok
sample_000477,0.0,0.0,0.0,"(224, 2)","(224, 2)",ok
sample_000478,0.0,0.0,0.0,"(224, 2)","(224, 2)",ok
sample_000479,0.0,0.0,0.0,"(224, 2)","(224, 2)",ok
sample_000480,0.0,0.0,0.0,"(224, 2)","(224, 2)",ok
sample_000481,0.0,0.0,0.0,"(224, 2)","(224, 2)",ok
sample_000482,0.0,0.0,0.0,"(224, 2)","(224, 2)",ok
sample_000483,0.0,0.0,0.0,"(224, 2)","(224, 2)",ok
sample_000484,0.0,0.0,0.0,"(224, 2)","(224, 2)",ok
sample_000485,0.0,0.0,0.0,"(224, 2)","(224, 2)",ok
sample_000486,0.0,0.0,0.0,"(224, 2)","(224, 2)",ok
sample_000487,0.0,0.0,0.0,"(224, 2)","(224, 2)",ok
sample_000488,0.0,0.0,0.0,"(224, 2)","(224, 2)",ok
sample_000489,0.0,0.0,0.0,"(224, 2)","(224, 2)",ok
sample_000490,0.0,0.0,0.0,"(224, 2)","(224, 2)",ok
sample_000491,0.0,0.0,0.0,"(224, 2)","(224, 2)",ok
sample_000492,0.0,0.0,0.0,"(224, 2)","(224, 2)",ok
sample_000493,0.0,0.0,0.0,"(224, 2)","(224, 2)",ok
sample_000494,0.0,0.0,0.0,"(224, 2)","(224, 2)",ok
sample_000495,0.0,0.0,0.0,"(224, 2)","(224, 2)",ok
sample_000496,0.0,0.0,0.0,"(224, 2)","(224, 2)",ok
sample_000497,0.0,0.0,0.0,"(224, 2)","(224, 2)",ok
sample_000498,0.0,0.0,0.0,"(224, 2)","(224, 2)",ok
sample_000499,0.0,0.0,0.0,"(224, 2)","(224, 2)",ok
sample_000500,0.0,0.0,0.0,"(224, 2)","(224, 2)",ok
sample_000501,0.0,0.0,0.0,"(224, 2)","(224, 2)",ok
sample_000502,0.0,0.0,0.0,"(224, 2)","(224, 2)",ok
sample_000503,0.0,0.0,0.0,"(224, 2)","(224, 2)",ok
sample_000504,0.0,0.0,0.0,"(224, 2)","(224, 2)",ok
sample_000505,0.0,0.0,0.0,"(224, 2)","(224, 2)",ok
sample_000506,0.0,0.0,0.0,"(224, 2)","(224, 2)",ok
sample_000507,0.0,0.0,0.0,"(224, 2)","(224, 2)",ok
sample_000508,0.0,0.0,0.0,"(224, 2)","(224, 2)",ok
sample_000509,0.0,0.0,0.0,"(224, 2)","(224, 2)",ok
sample_000510,0.0,0.0,0.0,"(224, 2)","(224, 2)",ok
sample_000511,0.0,0.0,0.0,"(224, 2)","(224, 2)",ok
sample_000512,0.0,0.0,0.0,"(224, 2)","(224, 2)",ok
sample_000513,0.0,0.0,0.0,"(224, 2)","(224, 2)",ok
sample_000514,0.0,0.0,0.0,"(224, 2)","(224, 2)",ok
sample_000515,0.0,0.0,0.0,"(224, 2)","(224, 2)",ok
sample_000516,0.0,0.0,0.0,"(224, 2)","(224, 2)",ok
sample_000517,0.0,0.0,0.0,"(224, 2)","(224, 2)",ok
sample_000518,0.0,0.0,0.0,"(224, 2)","(224, 2)",ok
sample_000519,0.0,0.0,0.0,"(224, 2)","(224, 2)",ok
sample_000520,0.0,0.0,0.0,"(224, 2)","(224, 2)",ok
sample_000521,0.0,0.0,0.0,"(224, 2)","(224, 2)",ok
sample_000522,0.0,0.0,0.0,"(224, 2)","(224, 2)",ok
sample_000523,0.0,0.0,0.0,"(224, 2)","(224, 2)",ok
sample_000524,0.0,0.0,0.0,"(224, 2)","(224, 2)",ok
sample_000525,0.0,0.0,0.0,"(224, 2)","(224, 2)",ok
sample_000526,0.0,0.0,0.0,"(224, 2)","(224, 2)",ok
sample_000527,0.0,0.0,0.0,"(224, 2)","(224, 2)",ok
sample_000528,0.0,0.0,0.0,"(224, 2)","(224, 2)",ok
sample_000529,0.0,0.0,0.0,"(224, 2)","(224, 2)",ok
sample_000530,0.0,0.0,0.0,"(224, 2)","(224, 2)",ok
sample_000531,0.0,0.0,0.0,"(224, 2)","(224, 2)",ok
sample_000532,0.0,0.0,0.0,"(224, 2)","(224, 2)",ok
sample_000533,0.0,0.0,0.0,"(224, 2)","(224, 2)",ok
sample_000534,0.0,0.0,0.0,"(224, 2)","(224, 2)",ok
sample_000535,0.0,0.0,0.0,"(224, 2)","(224, 2)",ok
sample_000536,0.0,0.0,0.0,"(224, 2)","(224, 2)",ok
sample_000537,0.0,0.0,0.0,"(224, 2)","(224, 2)",ok
sample_000538,0.0,0.0,0.0,"(224, 2)","(224, 2)",ok
sample_000539,0.0,0.0,0.0,"(224, 2)","(224, 2)",ok
sample_000540,0.0,0.0,0.0,"(224, 2)","(224, 2)",ok
sample_000541,0.0,0.0,0.0,"(224, 2)","(224, 2)",ok
sample_000542,0.0,0.0,0.0,"(224, 2)","(224, 2)",ok
sample_000543,0.0,0.0,0.0,"(224, 2)","(224, 2)",ok
sample_000544,0.0,0.0,0.0,"(224, 2)","(224, 2)",ok
sample_000545,0.0,0.0,0.0,"(224, 2)","(224, 2)",ok
sample_000546,0.0,0.0,0.0,"(224, 2)","(224, 2)",ok
sample_000547,0.0,0.0,0.0,"(224, 2)","(224, 2)",ok
sample_000548,0.0,0.0,0.0,"(224, 2)","(224, 2)",ok
sample_000549,0.0,0.0,0.0,"(224, 2)","(224, 2)",ok
sample_000550,0.0,0.0,0.0,"(224, 2)","(224, 2)",ok
sample_000551,0.0,0.0,0.0,"(224, 2)","(224, 2)",ok
sample_000552,0.0,0.0,0.0,"(224, 2)","(224, 2)",ok
sample_000553,0.0,0.0,0.0,"(224, 2)","(224, 2)",ok
sample_000554,0.0,0.0,0.0,"(224, 2)","(224, 2)",ok
sample_000555,0.0,0.0,0.0,"(224, 2)","(224, 2)",ok
sample_000556,0.0,0.0,0.0,"(224, 2)","(224, 2)",ok
sample_000557,0.0,0.0,0.0,"(224, 2)","(224, 2)",ok
sample_000558,0.0,0.0,0.0,"(224, 2)","(224, 2)",ok
sample_000559,0.0,0.0,0.0,"(224, 2)","(224, 2)",ok
sample_000560,0.0,0.0,0.0,"(224, 2)","(224, 2)",ok
sample_000561,0.0,0.0,0.0,"(224, 2)","(224, 2)",ok
sample_000562,0.0,0.0,0.0,"(224, 2)","(224, 2)",ok
sample_000563,0.0,0.0,0.0,"(224, 2)","(224, 2)",ok
sample_000564,0.0,0.0,0.0,"(224, 2)","(224, 2)",ok
sample_000565,0.0,0.0,0.0,"(224, 2)","(224, 2)",ok
sample_000566,0.0,0.0,0.0,"(224, 2)","(224, 2)",ok
sample_000567,0.0,0.0,0.0,"(224, 2)","(224, 2)",ok
sample_000568,0.0,0.0,0.0,"(224, 2)","(224, 2)",ok
sample_000569,0.0,0.0,0.0,"(224, 2)","(224, 2)",ok
sample_000570,0.0,0.0,0.0,"(224, 2)","(224, 2)",ok
sample_000571,0.0,0.0,0.0,"(224, 2)","(224, 2)",ok
sample_000572,0.0,0.0,0.0,"(224, 2)","(224, 2)",ok
sample_000573,0.0,0.0,0.0,"(224, 2)","(224, 2)",ok
sample_000574,0.0,0.0,0.0,"(224, 2)","(224, 2)",ok
sample_000575,0.0,0.0,0.0,"(224, 2)","(224, 2)",ok
sample_000576,0.0,0.0,0.0,"(224, 2)","(224, 2)",ok
sample_000577,0.0,0.0,0.0,"(224, 2)","(224, 2)",ok
sample_000578,0.0,0.0,0.0,"(224, 2)","(224, 2)",ok
sample_000579,0.0,0.0,0.0,"(224, 2)","(224, 2)",ok
sample_000580,0.0,0.0,0.0,"(224, 2)","(224, 2)",ok
sample_000581,0.0,0.0,0.0,"(224, 2)","(224, 2)",ok
sample_000582,0.0,0.0,0.0,"(224, 2)","(224, 2)",ok
sample_000583,0.0,0.0,0.0,"(224, 2)","(224, 2)",ok
sample_000584,0.0,0.0,0.0,"(224, 2)","(224, 2)",ok
sample_000585,0.0,0.0,0.0,"(224, 2)","(224, 2)",ok
sample_000586,0.0,0.0,0.0,"(224, 2)","(224, 2)",ok
sample_000587,0.0,0.0,0.0,"(224, 2)","(224, 2)",ok
sample_000588,0.0,0.0,0.0,"(224, 2)","(224, 2)",ok
sample_000589,0.0,0.0,0.0,"(224, 2)","(224, 2)",ok
sample_000590,0.0,0.0,0.0,"(224, 2)","(224, 2)",ok
sample_000591,0.0,0.0,0.0,"(224, 2)","(224, 2)",ok
sample_000592,0.0,0.0,0.0,"(224, 2)","(224, 2)",ok
sample_000593,0.0,0.0,0.0,"(224, 2)","(224, 2)",ok
sample_000594,0.0,0.0,0.0,"(224, 2)","(224, 2)",ok
sample_000595,0.0,0.0,0.0,"(224, 2)","(224, 2)",ok
sample_000596,0.0,0.0,0.0,"(224, 2)","(224, 2)",ok
sample_000597,0.0,0.0,0.0,"(224, 2)","(224, 2)",ok
sample_000598,0.0,0.0,0.0,"(224, 2)","(224, 2)",ok
sample_000599,0.0,0.0,0.0,"(224, 2)","(224, 2)",ok
sample_000600,0.0,0.0,0.0,"(224, 2)","(224, 2)",ok
sample_000601,0.0,0.0,0.0,"(224, 2)","(224, 2)",ok
sample_000602,0.0,0.0,0.0,"(224, 2)","(224, 2)",ok
sample_000603,0.0,0.0,0.0,"(224, 2)","(224, 2)",ok
sample_000604,0.0,0.0,0.0,"(224, 2)","(224, 2)",ok
sample_000605,0.0,0.0,0.0,"(224, 2)","(224, 2)",ok
sample_000606,0.0,0.0,0.0,"(224, 2)","(224, 2)",ok
sample_000607,0.0,0.0,0.0,"(224, 2)","(224, 2)",ok
sample_000608,0.0,0.0,0.0,"(224, 2)","(224, 2)",ok
sample_000609,0.0,0.0,0.0,"(224, 2)","(224, 2)",ok
sample_000610,0.0,0.0,0.0,"(224, 2)","(224, 2)",ok
sample_000611,0.0,0.0,0.0,"(224, 2)","(224, 2)",ok
sample_000612,0.0,0.0,0.0,"(224, 2)","(224, 2)",ok
sample_000613,0.0,0.0,0.0,"(224, 2)","(224, 2)",ok
sample_000614,0.0,0.0,0.0,"(224, 2)","(224, 2)",ok
sample_000615,0.0,0.0,0.0,"(224, 2)","(224, 2)",ok
sample_000616,0.0,0.0,0.0,"(224, 2)","(224, 2)",ok
sample_000617,0.0,0.0,0.0,"(224, 2)","(224, 2)",ok
sample_000618,0.0,0.0,0.0,"(224, 2)","(224, 2)",ok
sample_000619,0.0,0.0,0.0,"(224, 2)","(224, 2)",ok
sample_000620,0.0,0.0,0.0,"(224, 2)","(224, 2)",ok
sample_000621,0.0,0.0,0.0,"(224, 2)","(224, 2)",ok
sample_000622,0.0,0.0,0.0,"(224, 2)","(224, 2)",ok
sample_000623,0.0,0.0,0.0,"(224, 2)","(224, 2)",ok
sample_000624,0.0,0.0,0.0,"(224, 2)","(224, 2)",ok
sample_000625,0.0,0.0,0.0,"(224, 2)","(224, 2)",ok
sample_000626,0.0,0.0,0.0,"(224, 2)","(224, 2)",ok
sample_000627,0.0,0.0,0.0,"(224, 2)","(224, 2)",ok
sample_000628,0.0,0.0,0.0,"(224, 2)","(224, 2)",ok
sample_000629,0.0,0.0,0.0,"(224, 2)","(224, 2)",ok
sample_000630,0.0,0.0,0.0,"(224, 2)","(224, 2)",ok
sample_000631,0.0,0.0,0.0,"(224, 2)","(224, 2)",ok
sample_000632,0.0,0.0,0.0,"(224, 2)","(224, 2)",ok
sample_000633,0.0,0.0,0.0,"(224, 2)","(224, 2)",ok
sample_000634,0.0,0.0,0.0,"(224, 2)","(224, 2)",ok
sample_000635,0.0,0.0,0.0,"(224, 2)","(224, 2)",ok
sample_000636,0.0,0.0,0.0,"(224, 2)","(224, 2)",ok
sample_000637,0.0,0.0,0.0,"(224, 2)","(224, 2)",ok
sample_000638,0.0,0.0,0.0,"(224, 2)","(224, 2)",ok
sample_000639,0.0,0.0,0.0,"(224, 2)","(224, 2)",ok
sample_000640,0.0,0.0,0.0,"(224, 2)","(224, 2)",ok
sample_000641,0.0,0.0,0.0,"(224, 2)","(224, 2)",ok
sample_000642,0.0,0.0,0.0,"(224, 2)","(224, 2)",ok
sample_000643,0.0,0.0,0.0,"(224, 2)","(224, 2)",ok
sample_000644,0.0,0.0,0.0,"(224, 2)","(224, 2)",ok
sample_000645,0.0,0.0,0.0,"(224, 2)","(224, 2)",ok
sample_000646,0.0,0.0,0.0,"(224, 2)","(224, 2)",ok
sample_000647,0.0,0.0,0.0,"(224, 2)","(224, 2)",ok
sample_000648,0.0,0.0,0.0,"(224, 2)","(224, 2)",ok
sample_000649,0.0,0.0,0.0,"(224, 2)","(224, 2)",ok
sample_000650,0.0,0.0,0.0,"(224, 2)","(224, 2)",ok
sample_000651,0.0,0.0,0.0,"(224, 2)","(224, 2)",ok
sample_000652,0.0,0.0,0.0,"(224, 2)","(224, 2)",ok
sample_000653,0.0,0.0,0.0,"(224, 2)","(224, 2)",ok
sample_000654,0.0,0.0,0.0,"(224, 2)","(224, 2)",ok
sample_000655,0.0,0.0,0.0,"(224, 2)","(224, 2)",ok
sample_000656,0.0,0.0,0.0,"(224, 2)","(224, 2)",ok
sample_000657,0.0,0.0,0.0,"(224, 2)","(224, 2)",ok
sample_000658,0.0,0.0,0.0,"(224, 2)","(224, 2)",ok
sample_000659,0.0,0.0,0.0,"(224, 2)","(224, 2)",ok
sample_000660,0.0,0.0,0.0,"(224, 2)","(224, 2)",ok
sample_000661,0.0,0.0,0.0,"(224, 2)","(224, 2)",ok
sample_000662,0.0,0.0,0.0,"(224, 2)","(224, 2)",ok
sample_000663,0.0,0.0,0.0,"(224, 2)","(224, 2)",ok
sample_000664,0.0,0.0,0.0,"(224, 2)","(224, 2)",ok
sample_000665,0.0,0.0,0.0,"(224, 2)","(224, 2)",ok
sample_000666,0.0,0.0,0.0,"(224, 2)","(224, 2)",ok
sample_000667,0.0,0.0,0.0,"(224, 2)","(224, 2)",ok
sample_000668,0.0,0.0,0.0,"(224, 2)","(224, 2)",ok
sample_000669,0.0,0.0,0.0,"(224, 2)","(224, 2)",ok
sample_000670,0.0,0.0,0.0,"(224, 2)","(224, 2)",ok
sample_000671,0.0,0.0,0.0,"(224, 2)","(224, 2)",ok
sample_000672,0.0,0.0,0.0,"(224, 2)","(224, 2)",ok
sample_000673,0.0,0.0,0.0,"(224, 2)","(224, 2)",ok
sample_000674,0.0,0.0,0.0,"(224, 2)","(224, 2)",ok
sample_000675,0.0,0.0,0.0,"(224, 2)","(224, 2)",ok
sample_000676,0.0,0.0,0.0,"(224, 2)","(224, 2)",ok
sample_000677,0.0,0.0,0.0,"(224, 2)","(224, 2)",ok
sample_000678,0.0,0.0,0.0,"(224, 2)","(224, 2)",ok
sample_000679,0.0,0.0,0.0,"(224, 2)","(224, 2)",ok
sample_000680,0.0,0.0,0.0,"(224, 2)","(224, 2)",ok
sample_000681,0.0,0.0,0.0,"(224, 2)","(224, 2)",ok
sample_000682,0.0,0.0,0.0,"(224, 2)","(224, 2)",ok
sample_000683,0.0,0.0,0.0,"(224, 2)","(224, 2)",ok
sample_000684,0.0,0.0,0.0,"(224, 2)","(224, 2)",ok
sample_000685,0.0,0.0,0.0,"(224, 2)","(224, 2)",ok
sample_000686,0.0,0.0,0.0,"(224, 2)","(224, 2)",ok
sample_000687,0.0,0.0,0.0,"(224, 2)","(224, 2)",ok
sample_000688,0.0,0.0,0.0,"(224, 2)","(224, 2)",ok
sample_000689,0.0,0.0,0.0,"(224, 2)","(224, 2)",ok
sample_000690,0.0,0.0,0.0,"(224, 2)","(224, 2)",ok
sample_000691,0.0,0.0,0.0,"(224, 2)","(224, 2)",ok
sample_000692,0.0,0.0,0.0,"(224, 2)","(224, 2)",ok
sample_000693,0.0,0.0,0.0,"(224, 2)","(224, 2)",ok
sample_000694,0.0,0.0,0.0,"(224, 2)","(224, 2)",ok
sample_000695,0.0,0.0,0.0,"(224, 2)","(224, 2)",ok
sample_000696,0.0,0.0,0.0,"(224, 2)","(224, 2)",ok
sample_000697,0.0,0.0,0.0,"(224, 2)","(224, 2)",ok
sample_000698,0.0,0.0,0.0,"(224, 2)","(224, 2)",ok
sample_000699,0.0,0.0,0.0,"(224, 2)","(224, 2)",ok
sample_000700,0.0,0.0,0.0,"(224, 2)","(224, 2)",ok
sample_000701,0.0,0.0,0.0,"(224, 2)","(224, 2)",ok
sample_000702,0.0,0.0,0.0,"(224, 2)","(224, 2)",ok
sample_000703,0.0,0.0,0.0,"(224, 2)","(224, 2)",ok
sample_000704,0.0,0.0,0.0,"(224, 2)","(224, 2)",ok
sample_000705,0.0,0.0,0.0,"(224, 2)","(224, 2)",ok
sample_000706,0.0,0.0,0.0,"(224, 2)","(224, 2)",ok
sample_000707,0.0,0.0,0.0,"(224, 2)","(224, 2)",ok
sample_000708,0.0,0.0,0.0,"(224, 2)","(224, 2)",ok
sample_000709,0.0,0.0,0.0,"(224, 2)","(224, 2)",ok
sample_000710,0.0,0.0,0.0,"(224, 2)","(224, 2)",ok
sample_000711,0.0,0.0,0.0,"(224, 2)","(224, 2)",ok
sample_000712,0.0,0.0,0.0,"(224, 2)","(224, 2)",ok
sample_000713,0.0,0.0,0.0,"(224, 2)","(224, 2)",ok
sample_000714,0.0,0.0,0.0,"(224, 2)","(224, 2)",ok
sample_000715,0.0,0.0,0.0,"(224, 2)","(224, 2)",ok
sample_000716,0.0,0.0,0.0,"(224, 2)","(224, 2)",ok
sample_000717,0.0,0.0,0.0,"(224, 2)","(224, 2)",ok
sample_000718,0.0,0.0,0.0,"(224, 2)","(224, 2)",ok
sample_000719,0.0,0.0,0.0,"(224, 2)","(224, 2)",ok
sample_000720,0.0,0.0,0.0,"(224, 2)","(224, 2)",ok
sample_000721,0.0,0.0,0.0,"(224, 2)","(224, 2)",ok
sample_000722,0.0,0.0,0.0,"(224, 2)","(224, 2)",ok
sample_000723,0.0,0.0,0.0,"(224, 2)","(224, 2)",ok
sample_000724,0.0,0.0,0.0,"(224, 2)","(224, 2)",ok
sample_000725,0.0,0.0,0.0,"(224, 2)","(224, 2)",ok
sample_000726,0.0,0.0,0.0,"(224, 2)","(224, 2)",ok
sample_000727,0.0,0.0,0.0,"(224, 2)","(224, 2)",ok
sample_000728,0.0,0.0,0.0,"(224, 2)","(224, 2)",ok
sample_000729,0.0,0.0,0.0,"(224, 2)","(224, 2)",ok
sample_000730,0.0,0.0,0.0,"(224, 2)","(224, 2)",ok
sample_000731,0.0,0.0,0.0,"(224, 2)","(224, 2)",ok
sample_000732,0.0,0.0,0.0,"(224, 2)","(224, 2)",ok
sample_000733,0.0,0.0,0.0,"(224, 2)","(224, 2)",ok
sample_000734,0.0,0.0,0.0,"(224, 2)","(224, 2)",ok
sample_000735,0.0,0.0,0.0,"(224, 2)","(224, 2)",ok
sample_000736,0.0,0.0,0.0,"(224, 2)","(224, 2)",ok
sample_000737,0.0,0.0,0.0,"(224, 2)","(224, 2)",ok
sample_000738,0.0,0.0,0.0,"(224, 2)","(224, 2)",ok
sample_000739,0.0,0.0,0.0,"(224, 2)","(224, 2)",ok
sample_000740,0.0,0.0,0.0,"(224, 2)","(224, 2)",ok
sample_000741,0.0,0.0,0.0,"(224, 2)","(224, 2)",ok
sample_000742,0.0,0.0,0.0,"(224, 2)","(224, 2)",ok
sample_000743,0.0,0.0,0.0,"(224, 2)","(224, 2)",ok
sample_000744,0.0,0.0,0.0,"(224, 2)","(224, 2)",ok
sample_000745,0.0,0.0,0.0,"(224, 2)","(224, 2)",ok
sample_000746,0.0,0.0,0.0,"(224, 2)","(224, 2)",ok
sample_000747,0.0,0.0,0.0,"(224, 2)","(224, 2)",ok
sample_000748,0.0,0.0,0.0,"(224, 2)","(224, 2)",ok
sample_000749,0.0,0.0,0.0,"(224, 2)","(224, 2)",ok
sample_000750,0.0,0.0,0.0,"(224, 2)","(224, 2)",ok
sample_000751,0.0,0.0,0.0,"(224, 2)","(224, 2)",ok
sample_000752,0.0,0.0,0.0,"(224, 2)","(224, 2)",ok
sample_000753,0.0,0.0,0.0,"(224, 2)","(224, 2)",ok
sample_000754,0.0,0.0,0.0,"(224, 2)","(224, 2)",ok
sample_000755,0.0,0.0,0.0,"(224, 2)","(224, 2)",ok
sample_000756,0.0,0.0,0.0,"(224, 2)","(224, 2)",ok
sample_000757,0.0,0.0,0.0,"(224, 2)","(224, 2)",ok
sample_000758,0.0,0.0,0.0,"(224, 2)","(224, 2)",ok
sample_000759,0.0,0.0,0.0,"(224, 2)","(224, 2)",ok
sample_000760,0.0,0.0,0.0,"(224, 2)","(224, 2)",ok
sample_000761,0.0,0.0,0.0,"(224, 2)","(224, 2)",ok
sample_000762,0.0,0.0,0.0,"(224, 2)","(224, 2)",ok
sample_000763,0.0,0.0,0.0,"(224, 2)","(224, 2)",ok
sample_000764,0.0,0.0,0.0,"(224, 2)","(224, 2)",ok
sample_000765,0.0,0.0,0.0,"(224, 2)","(224, 2)",ok
sample_000766,0.0,0.0,0.0,"(224, 2)","(224, 2)",ok
sample_000767,0.0,0.0,0.0,"(224, 2)","(224, 2)",ok
sample_000768,0.0,0.0,0.0,"(224, 2)","(224, 2)",ok
sample_000769,0.0,0.0,0.0,"(224, 2)","(224, 2)",ok
sample_000770,0.0,0.0,0.0,"(224, 2)","(224, 2)",ok
sample_000771,0.0,0.0,0.0,"(224, 2)","(224, 2)",ok
sample_000772,0.0,0.0,0.0,"(224, 2)","(224, 2)",ok
sample_000773,0.0,0.0,0.0,"(224, 2)","(224, 2)",ok
sample_000774,0.0,0.0,0.0,"(224, 2)","(224, 2)",ok
sample_000775,0.0,0.0,0.0,"(224, 2)","(224, 2)",ok
sample_000776,0.0,0.0,0.0,"(224, 2)","(224, 2)",ok
sample_000777,0.0,0.0,0.0,"(224, 2)","(224, 2)",ok
sample_000778,0.0,0.0,0.0,"(224, 2)","(224, 2)",ok
sample_000779,0.0,0.0,0.0,"(224, 2)","(224, 2)",ok
sample_000780,0.0,0.0,0.0,"(224, 2)","(224, 2)",ok
sample_000781,0.0,0.0,0.0,"(224, 2)","(224, 2)",ok
sample_000782,0.0,0.0,0.0,"(224, 2)","(224, 2)",ok
sample_000783,0.0,0.0,0.0,"(224, 2)","(224, 2)",ok
sample_000784,0.0,0.0,0.0,"(224, 2)","(224, 2)",ok
sample_000785,0.0,0.0,0.0,"(224, 2)","(224, 2)",ok
sample_000786,0.0,0.0,0.0,"(224, 2)","(224, 2)",ok
sample_000787,0.0,0.0,0.0,"(224, 2)","(224, 2)",ok
sample_000788,0.0,0.0,0.0,"(224, 2)","(224, 2)",ok
sample_000789,0.0,0.0,0.0,"(224, 2)","(224, 2)",ok
sample_000790,0.0,0.0,0.0,"(224, 2)","(224, 2)",ok
sample_000791,0.0,0.0,0.0,"(224, 2)","(224, 2)",ok
sample_000792,0.0,0.0,0.0,"(224, 2)","(224, 2)",ok
sample_000793,0.0,0.0,0.0,"(224, 2)","(224, 2)",ok
sample_000794,0.0,0.0,0.0,"(224, 2)","(224, 2)",ok
sample_000795,0.0,0.0,0.0,"(224, 2)","(224, 2)",ok
sample_000796,0.0,0.0,0.0,"(224, 2)","(224, 2)",ok
sample_000797,0.0,0.0,0.0,"(224, 2)","(224, 2)",ok
sample_000798,0.0,0.0,0.0,"(224, 2)","(224, 2)",ok
sample_000799,0.0,0.0,0.0,"(224, 2)","(224, 2)",ok
sample_000800,0.0,0.0,0.0,"(224, 2)","(224, 2)",ok
sample_000801,0.0,0.0,0.0,"(224, 2)","(224, 2)",ok
sample_000802,0.0,0.0,0.0,"(224, 2)","(224, 2)",ok
sample_000803,0.0,0.0,0.0,"(224, 2)","(224, 2)",ok
sample_000804,0.0,0.0,0.0,"(224, 2)","(224, 2)",ok
sample_000805,0.0,0.0,0.0,"(224, 2)","(224, 2)",ok
sample_000806,0.0,0.0,0.0,"(224, 2)","(224, 2)",ok
sample_000807,0.0,0.0,0.0,"(224, 2)","(224, 2)",ok
sample_000808,0.0,0.0,0.0,"(224, 2)","(224, 2)",ok
sample_000809,0.0,0.0,0.0,"(224, 2)","(224, 2)",ok
sample_000810,0.0,0.0,0.0,"(224, 2)","(224, 2)",ok
sample_000811,0.0,0.0,0.0,"(224, 2)","(224, 2)",ok
sample_000812,0.0,0.0,0.0,"(224, 2)","(224, 2)",ok
sample_000813,0.0,0.0,0.0,"(224, 2)","(224, 2)",ok
sample_000814,0.0,0.0,0.0,"(224, 2)","(224, 2)",ok
sample_000815,0.0,0.0,0.0,"(224, 2)","(224, 2)",ok
sample_000816,0.0,0.0,0.0,"(224, 2)","(224, 2)",ok
sample_000817,0.0,0.0,0.0,"(224, 2)","(224, 2)",ok
sample_000818,0.0,0.0,0.0,"(224, 2)","(224, 2)",ok
sample_000819,0.0,0.0,0.0,"(224, 2)","(224, 2)",ok
sample_000820,0.0,0.0,0.0,"(224, 2)","(224, 2)",ok
sample_000821,0.0,0.0,0.0,"(224, 2)","(224, 2)",ok
sample_000822,0.0,0.0,0.0,"(224, 2)","(224, 2)",ok
sample_000823,0.0,0.0,0.0,"(224, 2)","(224, 2)",ok
sample_000824,0.0,0.0,0.0,"(224, 2)","(224, 2)",ok
sample_000825,0.0,0.0,0.0,"(224, 2)","(224, 2)",ok
sample_000826,0.0,0.0,0.0,"(224, 2)","(224, 2)",ok
sample_000827,0.0,0.0,0.0,"(224, 2)","(224, 2)",ok
sample_000828,0.0,0.0,0.0,"(224, 2)","(224, 2)",ok
sample_000829,0.0,0.0,0.0,"(224, 2)","(224, 2)",ok
sample_000830,0.0,0.0,0.0,"(224, 2)","(224, 2)",ok
sample_000831,0.0,0.0,0.0,"(224, 2)","(224, 2)",ok
sample_000832,0.0,0.0,0.0,"(224, 2)","(224, 2)",ok
sample_000833,0.0,0.0,0.0,"(224, 2)","(224, 2)",ok
sample_000834,0.0,0.0,0.0,"(224, 2)","(224, 2)",ok
sample_000835,0.0,0.0,0.0,"(224, 2)","(224, 2)",ok
sample_000836,0.0,0.0,0.0,"(224, 2)","(224, 2)",ok
sample_000837,0.0,0.0,0.0,"(224, 2)","(224, 2)",ok
sample_000838,0.0,0.0,0.0,"(224, 2)","(224, 2)",ok
sample_000839,0.0,0.0,0.0,"(224, 2)","(224, 2)",ok
sample_000840,0.0,0.0,0.0,"(224, 2)","(224, 2)",ok
sample_000841,0.0,0.0,0.0,"(224, 2)","(224, 2)",ok
sample_000842,0.0,0.0,0.0,"(224, 2)","(224, 2)",ok
sample_000843,0.0,0.0,0.0,"(224, 2)","(224, 2)",ok
sample_000844,0.0,0.0,0.0,"(224, 2)","(224, 2)",ok
sample_000845,0.0,0.0,0.0,"(224, 2)","(224, 2)",ok
sample_000846,0.0,0.0,0.0,"(224, 2)","(224, 2)",ok
sample_000847,0.0,0.0,0.0,"(224, 2)","(224, 2)",ok
sample_000848,0.0,0.0,0.0,"(224, 2)","(224, 2)",ok
sample_000849,0.0,0.0,0.0,"(224, 2)","(224, 2)",ok
sample_000850,0.0,0.0,0.0,"(224, 2)","(224, 2)",ok
sample_000851,0.0,0.0,0.0,"(224, 2)","(224, 2)",ok
sample_000852,0.0,0.0,0.0,"(224, 2)","(224, 2)",ok
sample_000853,0.0,0.0,0.0,"(224, 2)","(224, 2)",ok
sample_000854,0.0,0.0,0.0,"(224, 2)","(224, 2)",ok
sample_000855,0.0,0.0,0.0,"(224, 2)","(224, 2)",ok
sample_000856,0.0,0.0,0.0,"(224, 2)","(224, 2)",ok
sample_000857,0.0,0.0,0.0,"(224, 2)","(224, 2)",ok
sample_000858,0.0,0.0,0.0,"(224, 2)","(224, 2)",ok
sample_000859,0.0,0.0,0.0,"(224, 2)","(224, 2)",ok
sample_000860,0.0,0.0,0.0,"(224, 2)","(224, 2)",ok
sample_000861,0.0,0.0,0.0,"(224, 2)","(224, 2)",ok
sample_000862,0.0,0.0,0.0,"(224, 2)","(224, 2)",ok
sample_000863,0.0,0.0,0.0,"(224, 2)","(224, 2)",ok
sample_000864,0.0,0.0,0.0,"(224, 2)","(224, 2)",ok
sample_000865,0.0,0.0,0.0,"(224, 2)","(224, 2)",ok
sample_000866,0.0,0.0,0.0,"(224, 2)","(224, 2)",ok
sample_000867,0.0,0.0,0.0,"(224, 2)","(224, 2)",ok
sample_000868,0.0,0.0,0.0,"(224, 2)","(224, 2)",ok
sample_000869,0.0,0.0,0.0,"(224, 2)","(224, 2)",ok
sample_000870,0.0,0.0,0.0,"(224, 2)","(224, 2)",ok
sample_000871,0.0,0.0,0.0,"(224, 2)","(224, 2)",ok
sample_000872,0.0,0.0,0.0,"(224, 2)","(224, 2)",ok
sample_000873,0.0,0.0,0.0,"(224, 2)","(224, 2)",ok
sample_000874,0.0,0.0,0.0,"(224, 2)","(224, 2)",ok
sample_000875,0.0,0.0,0.0,"(224, 2)","(224, 2)",ok
sample_000876,0.0,0.0,0.0,"(224, 2)","(224, 2)",ok
sample_000877,0.0,0.0,0.0,"(224, 2)","(224, 2)",ok
sample_000878,0.0,0.0,0.0,"(224, 2)","(224, 2)",ok
sample_000879,0.0,0.0,0.0,"(224, 2)","(224, 2)",ok
sample_000880,0.0,0.0,0.0,"(224, 2)","(224, 2)",ok
sample_000881,0.0,0.0,0.0,"(224, 2)","(224, 2)",ok
sample_000882,0.0,0.0,0.0,"(224, 2)","(224, 2)",ok
sample_000883,0.0,0.0,0.0,"(224, 2)","(224, 2)",ok
sample_000884,0.0,0.0,0.0,"(224, 2)","(224, 2)",ok
sample_000885,0.0,0.0,0.0,"(224, 2)","(224, 2)",ok
sample_000886,0.0,0.0,0.0,"(224, 2)","(224, 2)",ok
sample_000887,0.0,0.0,0.0,"(224, 2)","(224, 2)",ok
sample_000888,0.0,0.0,0.0,"(224, 2)","(224, 2)",ok
sample_000889,0.0,0.0,0.0,"(224, 2)","(224, 2)",ok
sample_000890,0.0,0.0,0.0,"(224, 2)","(224, 2)",ok
sample_000891,0.0,0.0,0.0,"(224, 2)","(224, 2)",ok
sample_000892,0.0,0.0,0.0,"(224, 2)","(224, 2)",ok
sample_000893,0.0,0.0,0.0,"(224, 2)","(224, 2)",ok
sample_000894,0.0,0.0,0.0,"(224, 2)","(224, 2)",ok
sample_000895,0.0,0.0,0.0,"(224, 2)","(224, 2)",ok
sample_000896,0.0,0.0,0.0,"(224, 2)","(224, 2)",ok
sample_000897,0.0,0.0,0.0,"(224, 2)","(224, 2)",ok
sample_000898,0.0,0.0,0.0,"(224, 2)","(224, 2)",ok
sample_000899,0.0,0.0,0.0,"(224, 2)","(224, 2)",ok
sample_000900,0.0,0.0,0.0,"(224, 2)","(224, 2)",ok
sample_000901,0.0,0.0,0.0,"(224, 2)","(224, 2)",ok
sample_000902,0.0,0.0,0.0,"(224, 2)","(224, 2)",ok
sample_000903,0.0,0.0,0.0,"(224, 2)","(224, 2)",ok
sample_000904,0.0,0.0,0.0,"(224, 2)","(224, 2)",ok
sample_000905,0.0,0.0,0.0,"(224, 2)","(224, 2)",ok
sample_000906,0.0,0.0,0.0,"(224, 2)","(224, 2)",ok
sample_000907,0.0,0.0,0.0,"(224, 2)","(224, 2)",ok
sample_000908,0.0,0.0,0.0,"(224, 2)","(224, 2)",ok
sample_000909,0.0,0.0,0.0,"(224, 2)","(224, 2)",ok
sample_000910,0.0,0.0,0.0,"(224, 2)","(224, 2)",ok
sample_000911,0.0,0.0,0.0,"(224, 2)","(224, 2)",ok
sample_000912,0.0,0.0,0.0,"(224, 2)","(224, 2)",ok
sample_000913,0.0,0.0,0.0,"(224, 2)","(224, 2)",ok
sample_000914,0.0,0.0,0.0,"(224, 2)","(224, 2)",ok
sample_000915,0.0,0.0,0.0,"(224, 2)","(224, 2)",ok
sample_000916,0.0,0.0,0.0,"(224, 2)","(224, 2)",ok
sample_000917,0.0,0.0,0.0,"(224, 2)","(224, 2)",ok
sample_000918,0.0,0.0,0.0,"(224, 2)","(224, 2)",ok
sample_000919,0.0,0.0,0.0,"(224, 2)","(224, 2)",ok
sample_000920,0.0,0.0,0.0,"(224, 2)","(224, 2)",ok
sample_000921,0.0,0.0,0.0,"(224, 2)","(224, 2)",ok
sample_000922,0.0,0.0,0.0,"(224, 2)","(224, 2)",ok
sample_000923,0.0,0.0,0.0,"(224, 2)","(224, 2)",ok
sample_000924,0.0,0.0,0.0,"(224, 2)","(224, 2)",ok
sample_000925,0.0,0.0,0.0,"(224, 2)","(224, 2)",ok
sample_000926,0.0,0.0,0.0,"(224, 2)","(224, 2)",ok
sample_000927,0.0,0.0,0.0,"(224, 2)","(224, 2)",ok
sample_000928,0.0,0.0,0.0,"(224, 2)","(224, 2)",ok
sample_000929,0.0,0.0,0.0,"(224, 2)","(224, 2)",ok
sample_000930,0.0,0.0,0.0,"(224, 2)","(224, 2)",ok
sample_000931,0.0,0.0,0.0,"(224, 2)","(224, 2)",ok
sample_000932,0.0,0.0,0.0,"(224, 2)","(224, 2)",ok
sample_000933,0.0,0.0,0.0,"(224, 2)","(224, 2)",ok
sample_000934,0.0,0.0,0.0,"(224, 2)","(224, 2)",ok
sample_000935,0.0,0.0,0.0,"(224, 2)","(224, 2)",ok
sample_000936,0.0,0.0,0.0,"(224, 2)","(224, 2)",ok
sample_000937,0.0,0.0,0.0,"(224, 2)","(224, 2)",ok
sample_000938,0.0,0.0,0.0,"(224, 2)","(224, 2)",ok
sample_000939,0.0,0.0,0.0,"(224, 2)","(224, 2)",ok
sample_000940,0.0,0.0,0.0,"(224, 2)","(224, 2)",ok
sample_000941,0.0,0.0,0.0,"(224, 2)","(224, 2)",ok
sample_000942,0.0,0.0,0.0,"(224, 2)","(224, 2)",ok
sample_000943,0.0,0.0,0.0,"(224, 2)","(224, 2)",ok
sample_000944,0.0,0.0,0.0,"(224, 2)","(224, 2)",ok
sample_000945,0.0,0.0,0.0,"(224, 2)","(224, 2)",ok
sample_000946,0.0,0.0,0.0,"(224, 2)","(224, 2)",ok
sample_000947,0.0,0.0,0.0,"(224, 2)","(224, 2)",ok
sample_000948,0.0,0.0,0.0,"(224, 2)","(224, 2)",ok
sample_000949,0.0,0.0,0.0,"(224, 2)","(224, 2)",ok
sample_000950,0.0,0.0,0.0,"(224, 2)","(224, 2)",ok
sample_000951,0.0,0.0,0.0,"(224, 2)","(224, 2)",ok
sample_000952,0.0,0.0,0.0,"(224, 2)","(224, 2)",ok
sample_000953,0.0,0.0,0.0,"(224, 2)","(224, 2)",ok
sample_000954,0.0,0.0,0.0,"(224, 2)","(224, 2)",ok
sample_000955,0.0,0.0,0.0,"(224, 2)","(224, 2)",ok
sample_000956,0.0,0.0,0.0,"(224, 2)","(224, 2)",ok
sample_000957,0.0,0.0,0.0,"(224, 2)","(224, 2)",ok
sample_000958,0.0,0.0,0.0,"(224, 2)","(224, 2)",ok
sample_000959,0.0,0.0,0.0,"(224, 2)","(224, 2)",ok
sample_000960,0.0,0.0,0.0,"(224, 2)","(224, 2)",ok
sample_000961,0.0,0.0,0.0,"(224, 2)","(224, 2)",ok
sample_000962,0.0,0.0,0.0,"(224, 2)","(224, 2)",ok
sample_000963,0.0,0.0,0.0,"(224, 2)","(224, 2)",ok
sample_000964,0.0,0.0,0.0,"(224, 2)","(224, 2)",ok
sample_000965,0.0,0.0,0.0,"(224, 2)","(224, 2)",ok
sample_000966,0.0,0.0,0.0,"(224, 2)","(224, 2)",ok
sample_000967,0.0,0.0,0.0,"(224, 2)","(224, 2)",ok
sample_000968,0.0,0.0,0.0,"(224, 2)","(224, 2)",ok
sample_000969,0.0,0.0,0.0,"(224, 2)","(224, 2)",ok
sample_000970,0.0,0.0,0.0,"(224, 2)","(224, 2)",ok
sample_000971,0.0,0.0,0.0,"(224, 2)","(224, 2)",ok
sample_000972,0.0,0.0,0.0,"(224, 2)","(224, 2)",ok
sample_000973,0.0,0.0,0.0,"(224, 2)","(224, 2)",ok
sample_000974,0.0,0.0,0.0,"(224, 2)","(224, 2)",ok
sample_000975,0.0,0.0,0.0,"(224, 2)","(224, 2)",ok
sample_000976,0.0,0.0,0.0,"(224, 2)","(224, 2)",ok
sample_000977,0.0,0.0,0.0,"(224, 2)","(224, 2)",ok
sample_000978,0.0,0.0,0.0,"(224, 2)","(224, 2)",ok
sample_000979,0.0,0.0,0.0,"(224, 2)","(224, 2)",ok
sample_000980,0.0,0.0,0.0,"(224, 2)","(224, 2)",ok
sample_000981,0.0,0.0,0.0,"(224, 2)","(224, 2)",ok
sample_000982,0.0,0.0,0.0,"(224, 2)","(224, 2)",ok
sample_000983,0.0,0.0,0.0,"(224, 2)","(224, 2)",ok
sample_000984,0.0,0.0,0.0,"(224, 2)","(224, 2)",ok
sample_000985,0.0,0.0,0.0,"(224, 2)","(224, 2)",ok
sample_000986,0.0,0.0,0.0,"(224, 2)","(224, 2)",ok
sample_000987,0.0,0.0,0.0,"(224, 2)","(224, 2)",ok
sample_000988,0.0,0.0,0.0,"(224, 2)","(224, 2)",ok
sample_000989,0.0,0.0,0.0,"(224, 2)","(224, 2)",ok
sample_000990,0.0,0.0,0.0,"(224, 2)","(224, 2)",ok
sample_000991,0.0,0.0,0.0,"(224, 2)","(224, 2)",ok
sample_000992,0.0,0.0,0.0,"(224, 2)","(224, 2)",ok
sample_000993,0.0,0.0,0.0,"(224, 2)","(224, 2)",ok
sample_000994,0.0,0.0,0.0,"(224, 2)","(224, 2)",ok
sample_000995,0.0,0.0,0.0,"(224, 2)","(224, 2)",ok
sample_000996,0.0,0.0,0.0,"(224, 2)","(224, 2)",ok
sample_000997,0.0,0.0,0.0,"(224, 2)","(224, 2)",ok
sample_000998,0.0,0.0,0.0,"(224, 2)","(224, 2)",ok
sample_000999,0.0,0.0,0.0,"(224, 2)","(224, 2)",ok
sample_001000,0.0,0.0,0.0,"(224, 2)","(224, 2)",ok
sample_001001,0.0,0.0,0.0,"(224, 2)","(224, 2)",ok
sample_001002,0.0,0.0,0.0,"(224, 2)","(224, 2)",ok
sample_001003,0.0,0.0,0.0,"(224, 2)","(224, 2)",ok
sample_001004,0.0,0.0,0.0,"(224, 2)","(224, 2)",ok
sample_001005,0.0,0.0,0.0,"(224, 2)","(224, 2)",ok
sample_001006,0.0,0.0,0.0,"(224, 2)","(224, 2)",ok
sample_001007,0.0,0.0,0.0,"(224, 2)","(224, 2)",ok
sample_001008,0.0,0.0,0.0,"(224, 2)","(224, 2)",ok
sample_001009,0.0,0.0,0.0,"(224, 2)","(224, 2)",ok
sample_001010,0.0,0.0,0.0,"(224, 2)","(224, 2)",ok
sample_001011,0.0,0.0,0.0,"(224, 2)","(224, 2)",ok
sample_001012,0.0,0.0,0.0,"(224, 2)","(224, 2)",ok
sample_001013,0.0,0.0,0.0,"(224, 2)","(224, 2)",ok
sample_001014,0.0,0.0,0.0,"(224, 2)","(224, 2)",ok
sample_001015,0.0,0.0,0.0,"(224, 2)","(224, 2)",ok
sample_001016,0.0,0.0,0.0,"(224, 2)","(224, 2)",ok
sample_001017,0.0,0.0,0.0,"(224, 2)","(224, 2)",ok
sample_001018,0.0,0.0,0.0,"(224, 2)","(224, 2)",ok
sample_001019,0.0,0.0,0.0,"(224, 2)","(224, 2)",ok
sample_001020,0.0,0.0,0.0,"(224, 2)","(224, 2)",ok
sample_001021,0.0,0.0,0.0,"(224, 2)","(224, 2)",ok
sample_001022,0.0,0.0,0.0,"(224, 2)","(224, 2)",ok
sample_001023,0.0,0.0,0.0,"(224, 2)","(224, 2)",ok
sample_001024,0.0,0.0,0.0,"(224, 2)","(224, 2)",ok
sample_001025,0.0,0.0,0.0,"(224, 2)","(224, 2)",ok
sample_001026,0.0,0.0,0.0,"(224, 2)","(224, 2)",ok
sample_001027,0.0,0.0,0.0,"(224, 2)","(224, 2)",ok
sample_001028,0.0,0.0,0.0,"(224, 2)","(224, 2)",ok
sample_001029,0.0,0.0,0.0,"(224, 2)","(224, 2)",ok
sample_001030,0.0,0.0,0.0,"(224, 2)","(224, 2)",ok
sample_001031,0.0,0.0,0.0,"(224, 2)","(224, 2)",ok
sample_001032,0.0,0.0,0.0,"(224, 2)","(224, 2)",ok
sample_001033,0.0,0.0,0.0,"(224, 2)","(224, 2)",ok
sample_001034,0.0,0.0,0.0,"(224, 2)","(224, 2)",ok
sample_001035,0.0,0.0,0.0,"(224, 2)","(224, 2)",ok
sample_001036,0.0,0.0,0.0,"(224, 2)","(224, 2)",ok
sample_001037,0.0,0.0,0.0,"(224, 2)","(224, 2)",ok
sample_001038,0.0,0.0,0.0,"(224, 2)","(224, 2)",ok
sample_001039,0.0,0.0,0.0,"(224, 2)","(224, 2)",ok
sample_001040,0.0,0.0,0.0,"(224, 2)","(224, 2)",ok
sample_001041,0.0,0.0,0.0,"(224, 2)","(224, 2)",ok
sample_001042,0.0,0.0,0.0,"(224, 2)","(224, 2)",ok
sample_001043,0.0,0.0,0.0,"(224, 2)","(224, 2)",ok
sample_001044,0.0,0.0,0.0,"(224, 2)","(224, 2)",ok
sample_001045,0.0,0.0,0.0,"(224, 2)","(224, 2)",ok
sample_001046,0.0,0.0,0.0,"(224, 2)","(224, 2)",ok
sample_001047,0.0,0.0,0.0,"(224, 2)","(224, 2)",ok
sample_001048,0.0,0.0,0.0,"(224, 2)","(224, 2)",ok
sample_001049,0.0,0.0,0.0,"(224, 2)","(224, 2)",ok
sample_001050,0.0,0.0,0.0,"(224, 2)","(224, 2)",ok
sample_001051,0.0,0.0,0.0,"(224, 2)","(224, 2)",ok
sample_001052,0.0,0.0,0.0,"(224, 2)","(224, 2)",ok
sample_001053,0.0,0.0,0.0,"(224, 2)","(224, 2)",ok
sample_001054,0.0,0.0,0.0,"(224, 2)","(224, 2)",ok
sample_001055,0.0,0.0,0.0,"(224, 2)","(224, 2)",ok
sample_001056,0.0,0.0,0.0,"(224, 2)","(224, 2)",ok
sample_001057,0.0,0.0,0.0,"(224, 2)","(224, 2)",ok
sample_001058,0.0,0.0,0.0,"(224, 2)","(224, 2)",ok
sample_001059,0.0,0.0,0.0,"(224, 2)","(224, 2)",ok
sample_001060,0.0,0.0,0.0,"(224, 2)","(224, 2)",ok
sample_001061,0.0,0.0,0.0,"(224, 2)","(224, 2)",ok
sample_001062,0.0,0.0,0.0,"(224, 2)","(224, 2)",ok
sample_001063,0.0,0.0,0.0,"(224, 2)","(224, 2)",ok
sample_001064,0.0,0.0,0.0,"(224, 2)","(224, 2)",ok
sample_001065,0.0,0.0,0.0,"(224, 2)","(224, 2)",ok
sample_001066,0.0,0.0,0.0,"(224, 2)","(224, 2)",ok
sample_001067,0.0,0.0,0.0,"(224, 2)","(224, 2)",ok
sample_001068,0.0,0.0,0.0,"(224, 2)","(224, 2)",ok
sample_001069,0.0,0.0,0.0,"(224, 2)","(224, 2)",ok
sample_001070,0.0,0.0,0.0,"(224, 2)","(224, 2)",ok
sample_001071,0.0,0.0,0.0,"(224, 2)","(224, 2)",ok
sample_001072,0.0,0.0,0.0,"(224, 2)","(224, 2)",ok
sample_001073,0.0,0.0,0.0,"(224, 2)","(224, 2)",ok
sample_001074,0.0,0.0,0.0,"(224, 2)","(224, 2)",ok
sample_001075,0.0,0.0,0.0,"(224, 2)","(224, 2)",ok
sample_001076,0.0,0.0,0.0,"(224, 2)","(224, 2)",ok
sample_001077,0.0,0.0,0.0,"(224, 2)","(224, 2)",ok
sample_001078,0.0,0.0,0.0,"(224, 2)","(224, 2)",ok
sample_001079,0.0,0.0,0.0,"(224, 2)","(224, 2)",ok
sample_001080,0.0,0.0,0.0,"(224, 2)","(224, 2)",ok
sample_001081,0.0,0.0,0.0,"(224, 2)","(224, 2)",ok
sample_001082,0.0,0.0,0.0,"(224, 2)","(224, 2)",ok
sample_001083,0.0,0.0,0.0,"(224, 2)","(224, 2)",ok
sample_001084,0.0,0.0,0.0,"(224, 2)","(224, 2)",ok
sample_001085,0.0,0.0,0.0,"(224, 2)","(224, 2)",ok
sample_001086,0.0,0.0,0.0,"(224, 2)","(224, 2)",ok
sample_001087,0.0,0.0,0.0,"(224, 2)","(224, 2)",ok
sample_001088,0.0,0.0,0.0,"(224, 2)","(224, 2)",ok
sample_001089,0.0,0.0,0.0,"(224, 2)","(224, 2)",ok
sample_001090,0.0,0.0,0.0,"(224, 2)","(224, 2)",ok
sample_001091,0.0,0.0,0.0,"(224, 2)","(224, 2)",ok
sample_001092,0.0,0.0,0.0,"(224, 2)","(224, 2)",ok
sample_001093,0.0,0.0,0.0,"(224, 2)","(224, 2)",ok
sample_001094,0.0,0.0,0.0,"(224, 2)","(224, 2)",ok
sample_001095,0.0,0.0,0.0,"(224, 2)","(224, 2)",ok
sample_001096,0.0,0.0,0.0,"(224, 2)","(224, 2)",ok
sample_001097,0.0,0.0,0.0,"(224, 2)","(224, 2)",ok
sample_001098,0.0,0.0,0.0,"(224, 2)","(224, 2)",ok
sample_001099,0.0,0.0,0.0,"(224, 2)","(224, 2)",ok
sample_001100,0.0,0.0,0.0,"(224, 2)","(224, 2)",ok
sample_001101,0.0,0.0,0.0,"(224, 2)","(224, 2)",ok
sample_001102,0.0,0.0,0.0,"(224, 2)","(224, 2)",ok
sample_001103,0.0,0.0,0.0,"(224, 2)","(224, 2)",ok
sample_001104,0.0,0.0,0.0,"(224, 2)","(224, 2)",ok
sample_001105,0.0,0.0,0.0,"(224, 2)","(224, 2)",ok
sample_001106,0.0,0.0,0.0,"(224, 2)","(224, 2)",ok
sample_001107,0.0,0.0,0.0,"(224, 2)","(224, 2)",ok
sample_001108,0.0,0.0,0.0,"(224, 2)","(224, 2)",ok
sample_001109,0.0,0.0,0.0,"(224, 2)","(224, 2)",ok
sample_001110,0.0,0.0,0.0,"(224, 2)","(224, 2)",ok
sample_001111,0.0,0.0,0.0,"(224, 2)","(224, 2)",ok
sample_001112,0.0,0.0,0.0,"(224, 2)","(224, 2)",ok
sample_001113,0.0,0.0,0.0,"(224, 2)","(224, 2)",ok
sample_001114,0.0,0.0,0.0,"(224, 2)","(224, 2)",ok
sample_001115,0.0,0.0,0.0,"(224, 2)","(224, 2)",ok
sample_001116,0.0,0.0,0.0,"(224, 2)","(224, 2)",ok
sample_001117,0.0,0.0,0.0,"(224, 2)","(224, 2)",ok
sample_001118,0.0,0.0,0.0,"(224, 2)","(224, 2)",ok
sample_001119,0.0,0.0,0.0,"(224, 2)","(224, 2)",ok
sample_001120,0.0,0.0,0.0,"(224, 2)","(224, 2)",ok
sample_001121,0.0,0.0,0.0,"(224, 2)","(224, 2)",ok
sample_001122,0.0,0.0,0.0,"(224, 2)","(224, 2)",ok
sample_001123,0.0,0.0,0.0,"(224, 2)","(224, 2)",ok
sample_001124,0.0,0.0,0.0,"(224, 2)","(224, 2)",ok
sample_001125,0.0,0.0,0.0,"(224, 2)","(224, 2)",ok
sample_001126,0.0,0.0,0.0,"(224, 2)","(224, 2)",ok
sample_001127,0.0,0.0,0.0,"(224, 2)","(224, 2)",ok
sample_001128,0.0,0.0,0.0,"(224, 2)","(224, 2)",ok
sample_001129,0.0,0.0,0.0,"(224, 2)","(224, 2)",ok
sample_001130,0.0,0.0,0.0,"(224, 2)","(224, 2)",ok
sample_001131,0.0,0.0,0.0,"(224, 2)","(224, 2)",ok
sample_001132,0.0,0.0,0.0,"(224, 2)","(224, 2)",ok
sample_001133,0.0,0.0,0.0,"(224, 2)","(224, 2)",ok
sample_001134,0.0,0.0,0.0,"(224, 2)","(224, 2)",ok
sample_001135,0.0,0.0,0.0,"(224, 2)","(224, 2)",ok
sample_001136,0.0,0.0,0.0,"(224, 2)","(224, 2)",ok
sample_001137,0.0,0.0,0.0,"(224, 2)","(224, 2)",ok
sample_001138,0.0,0.0,0.0,"(224, 2)","(224, 2)",ok
sample_001139,0.0,0.0,0.0,"(224, 2)","(224, 2)",ok
sample_001140,0.0,0.0,0.0,"(224, 2)","(224, 2)",ok
sample_001141,0.0,0.0,0.0,"(224, 2)","(224, 2)",ok
sample_001142,0.0,0.0,0.0,"(224, 2)","(224, 2)",ok
sample_001143,0.0,0.0,0.0,"(224, 2)","(224, 2)",ok
sample_001144,0.0,0.0,0.0,"(224, 2)","(224, 2)",ok
sample_001145,0.0,0.0,0.0,"(224, 2)","(224, 2)",ok
sample_001146,0.0,0.0,0.0,"(224, 2)","(224, 2)",ok
sample_001147,0.0,0.0,0.0,"(224, 2)","(224, 2)",ok
sample_001148,0.0,0.0,0.0,"(224, 2)","(224, 2)",ok
sample_001149,0.0,0.0,0.0,"(224, 2)","(224, 2)",ok
sample_001150,0.0,0.0,0.0,"(224, 2)","(224, 2)",ok
sample_001151,0.0,0.0,0.0,"(224, 2)","(224, 2)",ok
sample_001152,0.0,0.0,0.0,"(224, 2)","(224, 2)",ok
sample_001153,0.0,0.0,0.0,"(224, 2)","(224, 2)",ok
sample_001154,0.0,0.0,0.0,"(224, 2)","(224, 2)",ok
sample_001155,0.0,0.0,0.0,"(224, 2)","(224, 2)",ok
sample_001156,0.0,0.0,0.0,"(224, 2)","(224, 2)",ok
sample_001157,0.0,0.0,0.0,"(224, 2)","(224, 2)",ok
sample_001158,0.0,0.0,0.0,"(224, 2)","(224, 2)",ok
sample_001159,0.0,0.0,0.0,"(224, 2)","(224, 2)",ok
sample_001160,0.0,0.0,0.0,"(224, 2)","(224, 2)",ok
sample_001161,0.0,0.0,0.0,"(224, 2)","(224, 2)",ok
sample_001162,0.0,0.0,0.0,"(224, 2)","(224, 2)",ok
sample_001163,0.0,0.0,0.0,"(224, 2)","(224, 2)",ok
sample_001164,0.0,0.0,0.0,"(224, 2)","(224, 2)",ok
sample_001165,0.0,0.0,0.0,"(224, 2)","(224, 2)",ok
sample_001166,0.0,0.0,0.0,"(224, 2)","(224, 2)",ok
sample_001167,0.0,0.0,0.0,"(224, 2)","(224, 2)",ok
sample_001168,0.0,0.0,0.0,"(224, 2)","(224, 2)",ok
sample_001169,0.0,0.0,0.0,"(224, 2)","(224, 2)",ok
sample_001170,0.0,0.0,0.0,"(224, 2)","(224, 2)",ok
sample_001171,0.0,0.0,0.0,"(224, 2)","(224, 2)",ok
sample_001172,0.0,0.0,0.0,"(224, 2)","(224, 2)",ok
sample_001173,0.0,0.0,0.0,"(224, 2)","(224, 2)",ok
sample_001174,0.0,0.0,0.0,"(224, 2)","(224, 2)",ok
sample_001175,0.0,0.0,0.0,"(224, 2)","(224, 2)",ok
sample_001176,0.0,0.0,0.0,"(224, 2)","(224, 2)",ok
sample_001177,0.0,0.0,0.0,"(224, 2)","(224, 2)",ok
sample_001178,0.0,0.0,0.0,"(224, 2)","(224, 2)",ok
sample_001179,0.0,0.0,0.0,"(224, 2)","(224, 2)",ok
sample_001180,0.0,0.0,0.0,"(224, 2)","(224, 2)",ok
sample_001181,0.0,0.0,0.0,"(224, 2)","(224, 2)",ok
sample_001182,0.0,0.0,0.0,"(224, 2)","(224, 2)",ok
sample_001183,0.0,0.0,0.0,"(224, 2)","(224, 2)",ok
sample_001184,0.0,0.0,0.0,"(224, 2)","(224, 2)",ok
sample_001185,0.0,0.0,0.0,"(224, 2)","(224, 2)",ok
sample_001186,0.0,0.0,0.0,"(224, 2)","(224, 2)",ok
sample_001187,0.0,0.0,0.0,"(224, 2)","(224, 2)",ok
sample_001188,0.0,0.0,0.0,"(224, 2)","(224, 2)",ok
sample_001189,0.0,0.0,0.0,"(224, 2)","(224, 2)",ok
sample_001190,0.0,0.0,0.0,"(224, 2)","(224, 2)",ok
sample_001191,0.0,0.0,0.0,"(224, 2)","(224, 2)",ok
sample_001192,0.0,0.0,0.0,"(224, 2)","(224, 2)",ok
sample_001193,0.0,0.0,0.0,"(224, 2)","(224, 2)",ok
sample_001194,0.0,0.0,0.0,"(224, 2)","(224, 2)",ok
sample_001195,0.0,0.0,0.0,"(224, 2)","(224, 2)",ok
sample_001196,0.0,0.0,0.0,"(224, 2)","(224, 2)",ok
sample_001197,0.0,0.0,0.0,"(224, 2)","(224, 2)",ok
sample_001198,0.0,0.0,0.0,"(224, 2)","(224, 2)",ok
sample_001199,0.0,0.0,0.0,"(224, 2)","(224, 2)",ok
sample_001200,0.0,0.0,0.0,"(224, 2)","(224, 2)",ok
sample_001201,0.0,0.0,0.0,"(224, 2)","(224, 2)",ok
sample_001202,0.0,0.0,0.0,"(224, 2)","(224, 2)",ok
sample_001203,0.0,0.0,0.0,"(224, 2)","(224, 2)",ok
sample_001204,0.0,0.0,0.0,"(224, 2)","(224, 2)",ok
sample_001205,0.0,0.0,0.0,"(224, 2)","(224, 2)",ok
sample_001206,0.0,0.0,0.0,"(224, 2)","(224, 2)",ok
sample_001207,0.0,0.0,0.0,"(224, 2)","(224, 2)",ok
sample_001208,0.0,0.0,0.0,"(224, 2)","(224, 2)",ok
sample_001209,0.0,0.0,0.0,"(224, 2)","(224, 2)",ok
sample_001210,0.0,0.0,0.0,"(224, 2)","(224, 2)",ok
sample_001211,0.0,0.0,0.0,"(224, 2)","(224, 2)",ok
sample_001212,0.0,0.0,0.0,"(224, 2)","(224, 2)",ok
sample_001213,0.0,0.0,0.0,"(224, 2)","(224, 2)",ok
sample_001214,0.0,0.0,0.0,"(224, 2)","(224, 2)",ok
sample_001215,0.0,0.0,0.0,"(224, 2)","(224, 2)",ok
sample_001216,0.0,0.0,0.0,"(224, 2)","(224, 2)",ok
sample_001217,0.0,0.0,0.0,"(224, 2)","(224, 2)",ok
sample_001218,0.0,0.0,0.0,"(224, 2)","(224, 2)",ok
sample_001219,0.0,0.0,0.0,"(224, 2)","(224, 2)",ok
sample_001220,0.0,0.0,0.0,"(224, 2)","(224, 2)",ok
sample_001221,0.0,0.0,0.0,"(224, 2)","(224, 2)",ok
sample_001222,0.0,0.0,0.0,"(224, 2)","(224, 2)",ok
sample_001223,0.0,0.0,0.0,"(224, 2)","(224, 2)",ok
sample_001224,0.0,0.0,0.0,"(224, 2)","(224, 2)",ok
sample_001225,0.0,0.0,0.0,"(224, 2)","(224, 2)",ok
sample_001226,0.0,0.0,0.0,"(224, 2)","(224, 2)",ok
sample_001227,0.0,0.0,0.0,"(224, 2)","(224, 2)",ok
sample_001228,0.0,0.0,0.0,"(224, 2)","(224, 2)",ok
sample_001229,0.0,0.0,0.0,"(224, 2)","(224, 2)",ok
sample_001230,0.0,0.0,0.0,"(224, 2)","(224, 2)",ok
sample_001231,0.0,0.0,0.0,"(224, 2)","(224, 2)",ok
sample_001232,0.0,0.0,0.0,"(224, 2)","(224, 2)",ok
sample_001233,0.0,0.0,0.0,"(224, 2)","(224, 2)",ok
sample_001234,0.0,0.0,0.0,"(224, 2)","(224, 2)",ok
sample_001235,0.0,0.0,0.0,"(224, 2)","(224, 2)",ok
sample_001236,0.0,0.0,0.0,"(224, 2)","(224, 2)",ok
sample_001237,0.0,0.0,0.0,"(224, 2)","(224, 2)",ok
sample_001238,0.0,0.0,0.0,"(224, 2)","(224, 2)",ok
sample_001239,0.0,0.0,0.0,"(224, 2)","(224, 2)",ok
sample_001240,0.0,0.0,0.0,"(224, 2)","(224, 2)",ok
sample_001241,0.0,0.0,0.0,"(224, 2)","(224, 2)",ok
sample_001242,0.0,0.0,0.0,"(224, 2)","(224, 2)",ok
sample_001243,0.0,0.0,0.0,"(224, 2)","(224, 2)",ok
sample_001244,0.0,0.0,0.0,"(224, 2)","(224, 2)",ok
sample_001245,0.0,0.0,0.0,"(224, 2)","(224, 2)",ok
sample_001246,0.0,0.0,0.0,"(224, 2)","(224, 2)",ok
sample_001247,0.0,0.0,0.0,"(224, 2)","(224, 2)",ok
sample_001248,0.0,0.0,0.0,"(224, 2)","(224, 2)",ok
sample_001249,0.0,0.0,0.0,"(224, 2)","(224, 2)",ok
sample_001250,0.0,0.0,0.0,"(224, 2)","(224, 2)",ok
sample_001251,0.0,0.0,0.0,"(224, 2)","(224, 2)",ok
sample_001252,0.0,0.0,0.0,"(224, 2)","(224, 2)",ok
sample_001253,0.0,0.0,0.0,"(224, 2)","(224, 2)",ok
sample_001254,0.0,0.0,0.0,"(224, 2)","(224, 2)",ok
sample_001255,0.0,0.0,0.0,"(224, 2)","(224, 2)",ok
sample_001256,0.0,0.0,0.0,"(224, 2)","(224, 2)",ok
sample_001257,0.0,0.0,0.0,"(224, 2)","(224, 2)",ok
sample_001258,0.0,0.0,0.0,"(224, 2)","(224, 2)",ok
sample_001259,0.0,0.0,0.0,"(224, 2)","(224, 2)",ok
sample_001260,0.0,0.0,0.0,"(224, 2)","(224, 2)",ok
sample_001261,0.0,0.0,0.0,"(224, 2)","(224, 2)",ok
sample_001262,0.0,0.0,0.0,"(224, 2)","(224, 2)",ok
sample_001263,0.0,0.0,0.0,"(224, 2)","(224, 2)",ok
sample_001264,0.0,0.0,0.0,"(224, 2)","(224, 2)",ok
sample_001265,0.0,0.0,0.0,"(224, 2)","(224, 2)",ok
sample_001266,0.0,0.0,0.0,"(224, 2)","(224, 2)",ok
sample_001267,0.0,0.0,0.0,"(224, 2)","(224, 2)",ok
sample_001268,0.0,0.0,0.0,"(224, 2)","(224, 2)",ok
sample_001269,0.0,0.0,0.0,"(224, 2)","(224, 2)",ok
sample_001270,0.0,0.0,0.0,"(224, 2)","(224, 2)",ok
sample_001271,0.0,0.0,0.0,"(224, 2)","(224, 2)",ok
sample_001272,0.0,0.0,0.0,"(224, 2)","(224, 2)",ok
sample_001273,0.0,0.0,0.0,"(224, 2)","(224, 2)",ok
sample_001274,0.0,0.0,0.0,"(224, 2)","(224, 2)",ok
sample_001275,0.0,0.0,0.0,"(224, 2)","(224, 2)",ok
sample_001276,0.0,0.0,0.0,"(224, 2)","(224, 2)",ok
sample_001277,0.0,0.0,0.0,"(224, 2)","(224, 2)",ok
sample_001278,0.0,0.0,0.0,"(224, 2)","(224, 2)",ok
sample_001279,0.0,0.0,0.0,"(224, 2)","(224, 2)",ok
sample_001280,0.0,0.0,0.0,"(224, 2)","(224, 2)",ok
sample_001281,0.0,0.0,0.0,"(224, 2)","(224, 2)",ok
sample_001282,0.0,0.0,0.0,"(224, 2)","(224, 2)",ok
sample_001283,0.0,0.0,0.0,"(224, 2)","(224, 2)",ok
sample_001284,0.0,0.0,0.0,"(224, 2)","(224, 2)",ok
sample_001285,0.0,0.0,0.0,"(224, 2)","(224, 2)",ok
sample_001286,0.0,0.0,0.0,"(224, 2)","(224, 2)",ok
sample_001287,0.0,0.0,0.0,"(224, 2)","(224, 2)",ok
sample_001288,0.0,0.0,0.0,"(224, 2)","(224, 2)",ok
sample_001289,0.0,0.0,0.0,"(224, 2)","(224, 2)",ok
sample_001290,0.0,0.0,0.0,"(224, 2)","(224, 2)",ok
sample_001291,0.0,0.0,0.0,"(224, 2)","(224, 2)",ok
sample_001292,0.0,0.0,0.0,"(224, 2)","(224, 2)",ok
sample_001293,0.0,0.0,0.0,"(224, 2)","(224, 2)",ok
sample_001294,0.0,0.0,0.0,"(224, 2)","(224, 2)",ok
sample_001295,0.0,0.0,0.0,"(224, 2)","(224, 2)",ok
sample_001296,0.0,0.0,0.0,"(224, 2)","(224, 2)",ok
sample_001297,0.0,0.0,0.0,"(224, 2)","(224, 2)",ok
sample_001298,0.0,0.0,0.0,"(224, 2)","(224, 2)",ok
sample_001299,0.0,0.0,0.0,"(224, 2)","(224, 2)",ok
sample_001300,0.0,0.0,0.0,"(224, 2)","(224, 2)",ok
sample_001301,0.0,0.0,0.0,"(224, 2)","(224, 2)",ok
sample_001302,0.0,0.0,0.0,"(224, 2)","(224, 2)",ok
sample_001303,0.0,0.0,0.0,"(224, 2)","(224, 2)",ok
sample_001304,0.0,0.0,0.0,"(224, 2)","(224, 2)",ok
sample_001305,0.0,0.0,0.0,"(224, 2)","(224, 2)",ok
sample_001306,0.0,0.0,0.0,"(224, 2)","(224, 2)",ok
sample_001307,0.0,0.0,0.0,"(224, 2)","(224, 2)",ok
sample_001308,0.0,0.0,0.0,"(224, 2)","(224, 2)",ok
sample_001309,0.0,0.0,0.0,"(224, 2)","(224, 2)",ok
sample_001310,0.0,0.0,0.0,"(224, 2)","(224, 2)",ok
sample_001311,0.0,0.0,0.0,"(224, 2)","(224, 2)",ok
sample_001312,0.0,0.0,0.0,"(224, 2)","(224, 2)",ok
sample_001313,0.0,0.0,0.0,"(224, 2)","(224, 2)",ok
sample_001314,0.0,0.0,0.0,"(224, 2)","(224, 2)",ok
sample_001315,0.0,0.0,0.0,"(224, 2)","(224, 2)",ok
sample_001316,0.0,0.0,0.0,"(224, 2)","(224, 2)",ok
sample_001317,0.0,0.0,0.0,"(224, 2)","(224, 2)",ok
sample_001318,0.0,0.0,0.0,"(224, 2)","(224, 2)",ok
sample_001319,0.0,0.0,0.0,"(224, 2)","(224, 2)",ok
sample_001320,0.0,0.0,0.0,"(224, 2)","(224, 2)",ok
sample_001321,0.0,0.0,0.0,"(224, 2)","(224, 2)",ok
sample_001322,0.0,0.0,0.0,"(224, 2)","(224, 2)",ok
sample_001323,0.0,0.0,0.0,"(224, 2)","(224, 2)",ok
sample_001324,0.0,0.0,0.0,"(224, 2)","(224, 2)",ok
sample_001325,0.0,0.0,0.0,"(224, 2)","(224, 2)",ok
sample_001326,0.0,0.0,0.0,"(224, 2)","(224, 2)",ok
sample_001327,0.0,0.0,0.0,"(224, 2)","(224, 2)",ok
sample_001328,0.0,0.0,0.0,"(224, 2)","(224, 2)",ok
sample_001329,0.0,0.0,0.0,"(224, 2)","(224, 2)",ok
sample_001330,0.0,0.0,0.0,"(224, 2)","(224, 2)",ok
sample_001331,0.0,0.0,0.0,"(224, 2)","(224, 2)",ok
sample_001332,0.0,0.0,0.0,"(224, 2)","(224, 2)",ok
sample_001333,0.0,0.0,0.0,"(224, 2)","(224, 2)",ok
sample_001334,0.0,0.0,0.0,"(224, 2)","(224, 2)",ok
sample_001335,0.0,0.0,0.0,"(224, 2)","(224, 2)",ok
sample_001336,0.0,0.0,0.0,"(224, 2)","(224, 2)",ok
sample_001337,0.0,0.0,0.0,"(224, 2)","(224, 2)",ok
sample_001338,0.0,0.0,0.0,"(224, 2)","(224, 2)",ok
sample_001339,0.0,0.0,0.0,"(224, 2)","(224, 2)",ok
sample_001340,0.0,0.0,0.0,"(224, 2)","(224, 2)",ok
sample_001341,0.0,0.0,0.0,"(224, 2)","(224, 2)",ok
sample_001342,0.0,0.0,0.0,"(224, 2)","(224, 2)",ok
sample_001343,0.0,0.0,0.0,"(224, 2)","(224, 2)",ok
sample_001344,0.0,0.0,0.0,"(224, 2)","(224, 2)",ok
sample_001345,0.0,0.0,0.0,"(224, 2)","(224, 2)",ok
sample_001346,0.0,0.0,0.0,"(224, 2)","(224, 2)",ok
sample_001347,0.0,0.0,0.0,"(224, 2)","(224, 2)",ok
sample_001348,0.0,0.0,0.0,"(224, 2)","(224, 2)",ok
sample_001349,0.0,0.0,0.0,"(224, 2)","(224, 2)",ok
sample_001350,0.0,0.0,0.0,"(224, 2)","(224, 2)",ok
sample_001351,0.0,0.0,0.0,"(224, 2)","(224, 2)",ok
sample_001352,0.0,0.0,0.0,"(224, 2)","(224, 2)",ok
sample_001353,0.0,0.0,0.0,"(224, 2)","(224, 2)",ok
sample_001354,0.0,0.0,0.0,"(224, 2)","(224, 2)",ok
sample_001355,0.0,0.0,0.0,"(224, 2)","(224, 2)",ok
sample_001356,0.0,0.0,0.0,"(224, 2)","(224, 2)",ok
sample_001357,0.0,0.0,0.0,"(224, 2)","(224, 2)",ok
sample_001358,0.0,0.0,0.0,"(224, 2)","(224, 2)",ok
sample_001359,0.0,0.0,0.0,"(224, 2)","(224, 2)",ok
sample_001360,0.0,0.0,0.0,"(224, 2)","(224, 2)",ok
sample_001361,0.0,0.0,0.0,"(224, 2)","(224, 2)",ok
sample_001362,0.0,0.0,0.0,"(224, 2)","(224, 2)",ok
sample_001363,0.0,0.0,0.0,"(224, 2)","(224, 2)",ok
sample_001364,0.0,0.0,0.0,"(224, 2)","(224, 2)",ok
sample_001365,0.0,0.0,0.0,"(224, 2)","(224, 2)",ok
sample_001366,0.0,0.0,0.0,"(224, 2)","(224, 2)",ok
sample_001367,0.0,0.0,0.0,"(224, 2)","(224, 2)",ok
sample_001368,0.0,0.0,0.0,"(224, 2)","(224, 2)",ok
sample_001369,0.0,0.0,0.0,"(224, 2)","(224, 2)",ok
sample_001370,0.0,0.0,0.0,"(224, 2)","(224, 2)",ok
sample_001371,0.0,0.0,0.0,"(224, 2)","(224, 2)",ok
sample_001372,0.0,0.0,0.0,"(224, 2)","(224, 2)",ok
sample_001373,0.0,0.0,0.0,"(224, 2)","(224, 2)",ok
sample_001374,0.0,0.0,0.0,"(224, 2)","(224, 2)",ok
sample_001375,0.0,0.0,0.0,"(224, 2)","(224, 2)",ok
sample_001376,0.0,0.0,0.0,"(224, 2)","(224, 2)",ok
sample_001377,0.0,0.0,0.0,"(224, 2)","(224, 2)",ok
sample_001378,0.0,0.0,0.0,"(224, 2)","(224, 2)",ok
sample_001379,0.0,0.0,0.0,"(224, 2)","(224, 2)",ok
sample_001380,0.0,0.0,0.0,"(224, 2)","(224, 2)",ok
sample_001381,0.0,0.0,0.0,"(224, 2)","(224, 2)",ok
sample_001382,0.0,0.0,0.0,"(224, 2)","(224, 2)",ok
sample_001383,0.0,0.0,0.0,"(224, 2)","(224, 2)",ok
sample_001384,0.0,0.0,0.0,"(224, 2)","(224, 2)",ok
sample_001385,0.0,0.0,0.0,"(224, 2)","(224, 2)",ok
sample_001386,0.0,0.0,0.0,"(224, 2)","(224, 2)",ok
sample_001387,0.0,0.0,0.0,"(224, 2)","(224, 2)",ok
sample_001388,0.0,0.0,0.0,"(224, 2)","(224, 2)",ok
sample_001389,0.0,0.0,0.0,"(224, 2)","(224, 2)",ok
sample_001390,0.0,0.0,0.0,"(224, 2)","(224, 2)",ok
sample_001391,0.0,0.0,0.0,"(224, 2)","(224, 2)",ok
sample_001392,0.0,0.0,0.0,"(224, 2)","(224, 2)",ok
sample_001393,0.0,0.0,0.0,"(224, 2)","(224, 2)",ok
sample_001394,0.0,0.0,0.0,"(224, 2)","(224, 2)",ok
sample_001395,0.0,0.0,0.0,"(224, 2)","(224, 2)",ok
sample_001396,0.0,0.0,0.0,"(224, 2)","(224, 2)",ok
sample_001397,0.0,0.0,0.0,"(224, 2)","(224, 2)",ok
sample_001398,0.0,0.0,0.0,"(224, 2)","(224, 2)",ok
sample_001399,0.0,0.0,0.0,"(224, 2)","(224, 2)",ok
sample_001400,0.0,0.0,0.0,"(224, 2)","(224, 2)",ok
sample_001401,0.0,0.0,0.0,"(224, 2)","(224, 2)",ok
sample_001402,0.0,0.0,0.0,"(224, 2)","(224, 2)",ok
sample_001403,0.0,0.0,0.0,"(224, 2)","(224, 2)",ok
sample_001404,0.0,0.0,0.0,"(224, 2)","(224, 2)",ok
sample_001405,0.0,0.0,0.0,"(224, 2)","(224, 2)",ok
sample_001406,0.0,0.0,0.0,"(224, 2)","(224, 2)",ok
sample_001407,0.0,0.0,0.0,"(224, 2)","(224, 2)",ok
sample_001408,0.0,0.0,0.0,"(224, 2)","(224, 2)",ok
sample_001409,0.0,0.0,0.0,"(224, 2)","(224, 2)",ok
sample_001410,0.0,0.0,0.0,"(224, 2)","(224, 2)",ok
sample_001411,0.0,0.0,0.0,"(224, 2)","(224, 2)",ok
sample_001412,0.0,0.0,0.0,"(224, 2)","(224, 2)",ok
sample_001413,0.0,0.0,0.0,"(224, 2)","(224, 2)",ok
sample_001414,0.0,0.0,0.0,"(224, 2)","(224, 2)",ok
sample_001415,0.0,0.0,0.0,"(224, 2)","(224, 2)",ok
sample_001416,0.0,0.0,0.0,"(224, 2)","(224, 2)",ok
sample_001417,0.0,0.0,0.0,"(224, 2)","(224, 2)",ok
sample_001418,0.0,0.0,0.0,"(224, 2)","(224, 2)",ok
sample_001419,0.0,0.0,0.0,"(224, 2)","(224, 2)",ok
sample_001420,0.0,0.0,0.0,"(224, 2)","(224, 2)",ok
sample_001421,0.0,0.0,0.0,"(224, 2)","(224, 2)",ok
sample_001422,0.0,0.0,0.0,"(224, 2)","(224, 2)",ok
sample_001423,0.0,0.0,0.0,"(224, 2)","(224, 2)",ok
sample_001424,0.0,0.0,0.0,"(224, 2)","(224, 2)",ok
sample_001425,0.0,0.0,0.0,"(224, 2)","(224, 2)",ok
sample_001426,0.0,0.0,0.0,"(224, 2)","(224, 2)",ok
sample_001427,0.0,0.0,0.0,"(224, 2)","(224, 2)",ok
sample_001428,0.0,0.0,0.0,"(224, 2)","(224, 2)",ok
sample_001429,0.0,0.0,0.0,"(224, 2)","(224, 2)",ok
sample_001430,0.0,0.0,0.0,"(224, 2)","(224, 2)",ok
sample_001431,0.0,0.0,0.0,"(224, 2)","(224, 2)",ok
sample_001432,0.0,0.0,0.0,"(224, 2)","(224, 2)",ok
sample_001433,0.0,0.0,0.0,"(224, 2)","(224, 2)",ok
sample_001434,0.0,0.0,0.0,"(224, 2)","(224, 2)",ok
sample_001435,0.0,0.0,0.0,"(224, 2)","(224, 2)",ok
sample_001436,0.0,0.0,0.0,"(224, 2)","(224, 2)",ok
sample_001437,0.0,0.0,0.0,"(224, 2)","(224, 2)",ok
sample_001438,0.0,0.0,0.0,"(224, 2)","(224, 2)",ok
sample_001439,0.0,0.0,0.0,"(224, 2)","(224, 2)",ok
sample_001440,0.0,0.0,0.0,"(224, 2)","(224, 2)",ok
sample_001441,0.0,0.0,0.0,"(224, 2)","(224, 2)",ok
sample_001442,0.0,0.0,0.0,"(224, 2)","(224, 2)",ok
sample_001443,0.0,0.0,0.0,"(224, 2)","(224, 2)",ok
sample_001444,0.0,0.0,0.0,"(224, 2)","(224, 2)",ok
sample_001445,0.0,0.0,0.0,"(224, 2)","(224, 2)",ok
sample_001446,0.0,0.0,0.0,"(224, 2)","(224, 2)",ok
sample_001447,0.0,0.0,0.0,"(224, 2)","(224, 2)",ok
sample_001448,0.0,0.0,0.0,"(224, 2)","(224, 2)",ok
sample_001449,0.0,0.0,0.0,"(224, 2)","(224, 2)",ok
sample_001450,0.0,0.0,0.0,"(224, 2)","(224, 2)",ok
sample_001451,0.0,0.0,0.0,"(224, 2)","(224, 2)",ok
sample_001452,0.0,0.0,0.0,"(224, 2)","(224, 2)",ok
sample_001453,0.0,0.0,0.0,"(224, 2)","(224, 2)",ok
sample_001454,0.0,0.0,0.0,"(224, 2)","(224, 2)",ok
sample_001455,0.0,0.0,0.0,"(224, 2)","(224, 2)",ok
sample_001456,0.0,0.0,0.0,"(224, 2)","(224, 2)",ok
sample_001457,0.0,0.0,0.0,"(224, 2)","(224, 2)",ok
sample_001458,0.0,0.0,0.0,"(224, 2)","(224, 2)",ok
sample_001459,0.0,0.0,0.0,"(224, 2)","(224, 2)",ok
sample_001460,0.0,0.0,0.0,"(224, 2)","(224, 2)",ok
sample_001461,0.0,0.0,0.0,"(224, 2)","(224, 2)",ok
sample_001462,0.0,0.0,0.0,"(224, 2)","(224, 2)",ok
sample_001463,0.0,0.0,0.0,"(224, 2)","(224, 2)",ok
sample_001464,0.0,0.0,0.0,"(224, 2)","(224, 2)",ok
sample_001465,0.0,0.0,0.0,"(224, 2)","(224, 2)",ok
sample_001466,0.0,0.0,0.0,"(224, 2)","(224, 2)",ok
sample_001467,0.0,0.0,0.0,"(224, 2)","(224, 2)",ok
sample_001468,0.0,0.0,0.0,"(224, 2)","(224, 2)",ok
sample_001469,0.0,0.0,0.0,"(224, 2)","(224, 2)",ok
sample_001470,0.0,0.0,0.0,"(224, 2)","(224, 2)",ok
sample_001471,0.0,0.0,0.0,"(224, 2)","(224, 2)",ok
sample_001472,0.0,0.0,0.0,"(224, 2)","(224, 2)",ok
sample_001473,0.0,0.0,0.0,"(224, 2)","(224, 2)",ok
sample_001474,0.0,0.0,0.0,"(224, 2)","(224, 2)",ok
sample_001475,0.0,0.0,0.0,"(224, 2)","(224, 2)",ok
sample_001476,0.0,0.0,0.0,"(224, 2)","(224, 2)",ok
sample_001477,0.0,0.0,0.0,"(224, 2)","(224, 2)",ok
sample_001478,0.0,0.0,0.0,"(224, 2)","(224, 2)",ok
sample_001479,0.0,0.0,0.0,"(224, 2)","(224, 2)",ok
sample_001480,0.0,0.0,0.0,"(224, 2)","(224, 2)",ok
sample_001481,0.0,0.0,0.0,"(224, 2)","(224, 2)",ok
sample_001482,0.0,0.0,0.0,"(224, 2)","(224, 2)",ok
sample_001483,0.0,0.0,0.0,"(224, 2)","(224, 2)",ok
sample_001484,0.0,0.0,0.0,"(224, 2)","(224, 2)",ok
sample_001485,0.0,0.0,0.0,"(224, 2)","(224, 2)",ok
sample_001486,0.0,0.0,0.0,"(224, 2)","(224, 2)",ok
sample_001487,0.0,0.0,0.0,"(224, 2)","(224, 2)",ok
sample_001488,0.0,0.0,0.0,"(224, 2)","(224, 2)",ok
sample_001489,0.0,0.0,0.0,"(224, 2)","(224, 2)",ok
sample_001490,0.0,0.0,0.0,"(224, 2)","(224, 2)",ok
sample_001491,0.0,0.0,0.0,"(224, 2)","(224, 2)",ok
sample_001492,0.0,0.0,0.0,"(224, 2)","(224, 2)",ok
sample_001493,0.0,0.0,0.0,"(224, 2)","(224, 2)",ok
sample_001494,0.0,0.0,0.0,"(224, 2)","(224, 2)",ok
sample_001495,0.0,0.0,0.0,"(224, 2)","(224, 2)",ok
sample_001496,0.0,0.0,0.0,"(224, 2)","(224, 2)",ok
sample_001497,0.0,0.0,0.0,"(224, 2)","(224, 2)",ok
sample_001498,0.0,0.0,0.0,"(224, 2)","(224, 2)",ok
sample_001499,0.0,0.0,0.0,"(224, 2)","(224, 2)",ok
sample_001500,0.0,0.0,0.0,"(224, 2)","(224, 2)",ok
sample_001501,0.0,0.0,0.0,"(224, 2)","(224, 2)",ok
sample_001502,0.0,0.0,0.0,"(224, 2)","(224, 2)",ok
sample_001503,0.0,0.0,0.0,"(224, 2)","(224, 2)",ok
sample_001504,0.0,0.0,0.0,"(224, 2)","(224, 2)",ok
sample_001505,0.0,0.0,0.0,"(224, 2)","(224, 2)",ok
sample_001506,0.0,0.0,0.0,"(224, 2)","(224, 2)",ok
sample_001507,0.0,0.0,0.0,"(224, 2)","(224, 2)",ok
sample_001508,0.0,0.0,0.0,"(224, 2)","(224, 2)",ok
sample_001509,0.0,0.0,0.0,"(224, 2)","(224, 2)",ok
sample_001510,0.0,0.0,0.0,"(224, 2)","(224, 2)",ok
sample_001511,0.0,0.0,0.0,"(224, 2)","(224, 2)",ok
sample_001512,0.0,0.0,0.0,"(224, 2)","(224, 2)",ok
sample_001513,0.0,0.0,0.0,"(224, 2)","(224, 2)",ok
sample_001514,0.0,0.0,0.0,"(224, 2)","(224, 2)",ok
sample_001515,0.0,0.0,0.0,"(224, 2)","(224, 2)",ok
sample_001516,0.0,0.0,0.0,"(224, 2)","(224, 2)",ok
sample_001517,0.0,0.0,0.0,"(224, 2)","(224, 2)",ok
sample_001518,0.0,0.0,0.0,"(224, 2)","(224, 2)",ok
sample_001519,0.0,0.0,0.0,"(224, 2)","(224, 2)",ok
sample_001520,0.0,0.0,0.0,"(224, 2)","(224, 2)",ok
sample_001521,0.0,0.0,0.0,"(224, 2)","(224, 2)",ok
sample_001522,0.0,0.0,0.0,"(224, 2)","(224, 2)",ok
sample_001523,0.0,0.0,0.0,"(224, 2)","(224, 2)",ok
sample_001524,0.0,0.0,0.0,"(224, 2)","(224, 2)",ok
sample_001525,0.0,0.0,0.0,"(224, 2)","(224, 2)",ok
sample_001526,0.0,0.0,0.0,"(224, 2)","(224, 2)",ok
sample_001527,0.0,0.0,0.0,"(224, 2)","(224, 2)",ok
sample_001528,0.0,0.0,0.0,"(224, 2)","(224, 2)",ok
sample_001529,0.0,0.0,0.0,"(224, 2)","(224, 2)",ok
sample_001530,0.0,0.0,0.0,"(224, 2)","(224, 2)",ok
sample_001531,0.0,0.0,0.0,"(224, 2)","(224, 2)",ok
sample_001532,0.0,0.0,0.0,"(224, 2)","(224, 2)",ok
sample_001533,0.0,0.0,0.0,"(224, 2)","(224, 2)",ok
sample_001534,0.0,0.0,0.0,"(224, 2)","(224, 2)",ok
sample_001535,0.0,0.0,0.0,"(224, 2)","(224, 2)",ok
sample_001536,0.0,0.0,0.0,"(224, 2)","(224, 2)",ok
sample_001537,0.0,0.0,0.0,"(224, 2)","(224, 2)",ok
sample_001538,0.0,0.0,0.0,"(224, 2)","(224, 2)",ok
sample_001539,0.0,0.0,0.0,"(224, 2)","(224, 2)",ok
sample_001540,0.0,0.0,0.0,"(224, 2)","(224, 2)",ok
sample_001541,0.0,0.0,0.0,"(224, 2)","(224, 2)",ok
sample_001542,0.0,0.0,0.0,"(224, 2)","(224, 2)",ok
sample_001543,0.0,0.0,0.0,"(224, 2)","(224, 2)",ok
sample_001544,0.0,0.0,0.0,"(224, 2)","(224, 2)",ok
sample_001545,0.0,0.0,0.0,"(224, 2)","(224, 2)",ok
sample_001546,0.0,0.0,0.0,"(224, 2)","(224, 2)",ok
sample_001547,0.0,0.0,0.0,"(224, 2)","(224, 2)",ok
sample_001548,0.0,0.0,0.0,"(224, 2)","(224, 2)",ok
sample_001549,0.0,0.0,0.0,"(224, 2)","(224, 2)",ok
sample_001550,0.0,0.0,0.0,"(224, 2)","(224, 2)",ok
sample_001551,0.0,0.0,0.0,"(224, 2)","(224, 2)",ok
sample_001552,0.0,0.0,0.0,"(224, 2)","(224, 2)",ok
sample_001553,0.0,0.0,0.0,"(224, 2)","(224, 2)",ok
sample_001554,0.0,0.0,0.0,"(224, 2)","(224, 2)",ok
sample_001555,0.0,0.0,0.0,"(224, 2)","(224, 2)",ok
sample_001556,0.0,0.0,0.0,"(224, 2)","(224, 2)",ok
sample_001557,0.0,0.0,0.0,"(224, 2)","(224, 2)",ok
sample_001558,0.0,0.0,0.0,"(224, 2)","(224, 2)",ok
sample_001559,0.0,0.0,0.0,"(224, 2)","(224, 2)",ok
sample_001560,0.0,0.0,0.0,"(224, 2)","(224, 2)",ok
sample_001561,0.0,0.0,0.0,"(224, 2)","(224, 2)",ok
sample_001562,0.0,0.0,0.0,"(224, 2)","(224, 2)",ok
sample_001563,0.0,0.0,0.0,"(224, 2)","(224, 2)",ok
sample_001564,0.0,0.0,0.0,"(224, 2)","(224, 2)",ok
sample_001565,0.0,0.0,0.0,"(224, 2)","(224, 2)",ok
sample_001566,0.0,0.0,0.0,"(224, 2)","(224, 2)",ok
sample_001567,0.0,0.0,0.0,"(224, 2)","(224, 2)",ok
sample_001568,0.0,0.0,0.0,"(224, 2)","(224, 2)",ok
sample_001569,0.0,0.0,0.0,"(224, 2)","(224, 2)",ok
sample_001570,0.0,0.0,0.0,"(224, 2)","(224, 2)",ok
sample_001571,0.0,0.0,0.0,"(224, 2)","(224, 2)",ok
sample_001572,0.0,0.0,0.0,"(224, 2)","(224, 2)",ok
sample_001573,0.0,0.0,0.0,"(224, 2)","(224, 2)",ok
sample_001574,0.0,0.0,0.0,"(224, 2)","(224, 2)",ok
sample_001575,0.0,0.0,0.0,"(224, 2)","(224, 2)",ok
sample_001576,0.0,0.0,0.0,"(224, 2)","(224, 2)",ok
sample_001577,0.0,0.0,0.0,"(224, 2)","(224, 2)",ok
sample_001578,0.0,0.0,0.0,"(224, 2)","(224, 2)",ok
sample_001579,0.0,0.0,0.0,"(224, 2)","(224, 2)",ok
sample_001580,0.0,0.0,0.0,"(224, 2)","(224, 2)",ok
sample_001581,0.0,0.0,0.0,"(224, 2)","(224, 2)",ok
sample_001582,0.0,0.0,0.0,"(224, 2)","(224, 2)",ok
sample_001583,0.0,0.0,0.0,"(224, 2)","(224, 2)",ok
sample_001584,0.0,0.0,0.0,"(224, 2)","(224, 2)",ok
sample_001585,0.0,0.0,0.0,"(224, 2)","(224, 2)",ok
sample_001586,0.0,0.0,0.0,"(224, 2)","(224, 2)",ok
sample_001587,0.0,0.0,0.0,"(224, 2)","(224, 2)",ok
sample_001588,0.0,0.0,0.0,"(224, 2)","(224, 2)",ok
sample_001589,0.0,0.0,0.0,"(224, 2)","(224, 2)",ok
sample_001590,0.0,0.0,0.0,"(224, 2)","(224, 2)",ok
sample_001591,0.0,0.0,0.0,"(224, 2)","(224, 2)",ok
sample_001592,0.0,0.0,0.0,"(224, 2)","(224, 2)",ok
sample_001593,0.0,0.0,0.0,"(224, 2)","(224, 2)",ok
sample_001594,0.0,0.0,0.0,"(224, 2)","(224, 2)",ok
sample_001595,0.0,0.0,0.0,"(224, 2)","(224, 2)",ok
sample_001596,0.0,0.0,0.0,"(224, 2)","(224, 2)",ok
sample_001597,0.0,0.0,0.0,"(224, 2)","(224, 2)",ok
sample_001598,0.0,0.0,0.0,"(224, 2)","(224, 2)",ok
sample_001599,0.0,0.0,0.0,"(224, 2)","(224, 2)",ok
sample_001600,0.0,0.0,0.0,"(224, 2)","(224, 2)",ok
sample_001601,0.0,0.0,0.0,"(224, 2)","(224, 2)",ok
sample_001602,0.0,0.0,0.0,"(224, 2)","(224, 2)",ok
sample_001603,0.0,0.0,0.0,"(224, 2)","(224, 2)",ok
sample_001604,0.0,0.0,0.0,"(224, 2)","(224, 2)",ok
sample_001605,0.0,0.0,0.0,"(224, 2)","(224, 2)",ok
sample_001606,0.0,0.0,0.0,"(224, 2)","(224, 2)",ok
sample_001607,0.0,0.0,0.0,"(224, 2)","(224, 2)",ok
sample_001608,0.0,0.0,0.0,"(224, 2)","(224, 2)",ok
sample_001609,0.0,0.0,0.0,"(224, 2)","(224, 2)",ok
sample_001610,0.0,0.0,0.0,"(224, 2)","(224, 2)",ok
sample_001611,0.0,0.0,0.0,"(224, 2)","(224, 2)",ok
sample_001612,0.0,0.0,0.0,"(224, 2)","(224, 2)",ok
sample_001613,0.0,0.0,0.0,"(224, 2)","(224, 2)",ok
sample_001614,0.0,0.0,0.0,"(224, 2)","(224, 2)",ok
sample_001615,0.0,0.0,0.0,"(224, 2)","(224, 2)",ok
sample_001616,0.0,0.0,0.0,"(224, 2)","(224, 2)",ok
sample_001617,0.0,0.0,0.0,"(224, 2)","(224, 2)",ok
sample_001618,0.0,0.0,0.0,"(224, 2)","(224, 2)",ok
sample_001619,0.0,0.0,0.0,"(224, 2)","(224, 2)",ok
sample_001620,0.0,0.0,0.0,"(224, 2)","(224, 2)",ok
sample_001621,0.0,0.0,0.0,"(224, 2)","(224, 2)",ok
sample_001622,0.0,0.0,0.0,"(224, 2)","(224, 2)",ok
sample_001623,0.0,0.0,0.0,"(224, 2)","(224, 2)",ok
sample_001624,0.0,0.0,0.0,"(224, 2)","(224, 2)",ok
sample_001625,0.0,0.0,0.0,"(224, 2)","(224, 2)",ok
sample_001626,0.0,0.0,0.0,"(224, 2)","(224, 2)",ok
sample_001627,0.0,0.0,0.0,"(224, 2)","(224, 2)",ok
sample_001628,0.0,0.0,0.0,"(224, 2)","(224, 2)",ok
sample_001629,0.0,0.0,0.0,"(224, 2)","(224, 2)",ok
sample_001630,0.0,0.0,0.0,"(224, 2)","(224, 2)",ok
sample_001631,0.0,0.0,0.0,"(224, 2)","(224, 2)",ok
sample_001632,0.0,0.0,0.0,"(224, 2)","(224, 2)",ok
sample_001633,0.0,0.0,0.0,"(224, 2)","(224, 2)",ok
sample_001634,0.0,0.0,0.0,"(224, 2)","(224, 2)",ok
sample_001635,0.0,0.0,0.0,"(224, 2)","(224, 2)",ok
sample_001636,0.0,0.0,0.0,"(224, 2)","(224, 2)",ok
sample_001637,0.0,0.0,0.0,"(224, 2)","(224, 2)",ok
sample_001638,0.0,0.0,0.0,"(224, 2)","(224, 2)",ok
sample_001639,0.0,0.0,0.0,"(224, 2)","(224, 2)",ok
sample_001640,0.0,0.0,0.0,"(224, 2)","(224, 2)",ok
sample_001641,0.0,0.0,0.0,"(224, 2)","(224, 2)",ok
sample_001642,0.0,0.0,0.0,"(224, 2)","(224, 2)",ok
sample_001643,0.0,0.0,0.0,"(224, 2)","(224, 2)",ok
sample_001644,0.0,0.0,0.0,"(224, 2)","(224, 2)",ok
sample_001645,0.0,0.0,0.0,"(224, 2)","(224, 2)",ok
sample_001646,0.0,0.0,0.0,"(224, 2)","(224, 2)",ok
sample_001647,0.0,0.0,0.0,"(224, 2)","(224, 2)",ok
sample_001648,0.0,0.0,0.0,"(224, 2)","(224, 2)",ok
sample_001649,0.0,0.0,0.0,"(224, 2)","(224, 2)",ok
sample_001650,0.0,0.0,0.0,"(224, 2)","(224, 2)",ok
sample_001651,0.0,0.0,0.0,"(224, 2)","(224, 2)",ok
sample_001652,0.0,0.0,0.0,"(224, 2)","(224, 2)",ok
sample_001653,0.0,0.0,0.0,"(224, 2)","(224, 2)",ok
sample_001654,0.0,0.0,0.0,"(224, 2)","(224, 2)",ok
sample_001655,0.0,0.0,0.0,"(224, 2)","(224, 2)",ok
sample_001656,0.0,0.0,0.0,"(224, 2)","(224, 2)",ok
sample_001657,0.0,0.0,0.0,"(224, 2)","(224, 2)",ok
sample_001658,0.0,0.0,0.0,"(224, 2)","(224, 2)",ok
sample_001659,0.0,0.0,0.0,"(224, 2)","(224, 2)",ok
sample_001660,0.0,0.0,0.0,"(224, 2)","(224, 2)",ok
sample_001661,0.0,0.0,0.0,"(224, 2)","(224, 2)",ok
sample_001662,0.0,0.0,0.0,"(224, 2)","(224, 2)",ok
sample_001663,0.0,0.0,0.0,"(224, 2)","(224, 2)",ok
sample_001664,0.0,0.0,0.0,"(224, 2)","(224, 2)",ok
sample_001665,0.0,0.0,0.0,"(224, 2)","(224, 2)",ok
sample_001666,0.0,0.0,0.0,"(224, 2)","(224, 2)",ok
sample_001667,0.0,0.0,0.0,"(224, 2)","(224, 2)",ok
sample_001668,0.0,0.0,0.0,"(224, 2)","(224, 2)",ok
sample_001669,0.0,0.0,0.0,"(224, 2)","(224, 2)",ok
sample_001670,0.0,0.0,0.0,"(224, 2)","(224, 2)",ok
sample_001671,0.0,0.0,0.0,"(224, 2)","(224, 2)",ok
sample_001672,0.0,0.0,0.0,"(224, 2)","(224, 2)",ok
sample_001673,0.0,0.0,0.0,"(224, 2)","(224, 2)",ok
sample_001674,0.0,0.0,0.0,"(224, 2)","(224, 2)",ok
sample_001675,0.0,0.0,0.0,"(224, 2)","(224, 2)",ok
sample_001676,0.0,0.0,0.0,"(224, 2)","(224, 2)",ok
sample_001677,0.0,0.0,0.0,"(224, 2)","(224, 2)",ok
sample_001678,0.0,0.0,0.0,"(224, 2)","(224, 2)",ok
sample_001679,0.0,0.0,0.0,"(224, 2)","(224, 2)",ok
sample_001680,0.0,0.0,0.0,"(224, 2)","(224, 2)",ok
sample_001681,0.0,0.0,0.0,"(224, 2)","(224, 2)",ok
sample_001682,0.0,0.0,0.0,"(224, 2)","(224, 2)",ok
sample_001683,0.0,0.0,0.0,"(224, 2)","(224, 2)",ok
sample_001684,0.0,0.0,0.0,"(224, 2)","(224, 2)",ok
sample_001685,0.0,0.0,0.0,"(224, 2)","(224, 2)",ok
sample_001686,0.0,0.0,0.0,"(224, 2)","(224, 2)",ok
sample_001687,0.0,0.0,0.0,"(224, 2)","(224, 2)",ok
sample_001688,0.0,0.0,0.0,"(224, 2)","(224, 2)",ok
sample_001689,0.0,0.0,0.0,"(224, 2)","(224, 2)",ok
sample_001690,0.0,0.0,0.0,"(224, 2)","(224, 2)",ok
sample_001691,0.0,0.0,0.0,"(224, 2)","(224, 2)",ok
sample_001692,0.0,0.0,0.0,"(224, 2)","(224, 2)",ok
sample_001693,0.0,0.0,0.0,"(224, 2)","(224, 2)",ok
sample_001694,0.0,0.0,0.0,"(224, 2)","(224, 2)",ok
sample_001695,0.0,0.0,0.0,"(224, 2)","(224, 2)",ok
sample_001696,0.0,0.0,0.0,"(224, 2)","(224, 2)",ok
sample_001697,0.0,0.0,0.0,"(224, 2)","(224, 2)",ok
sample_001698,0.0,0.0,0.0,"(224, 2)","(224, 2)",ok
sample_001699,0.0,0.0,0.0,"(224, 2)","(224, 2)",ok
sample_001700,0.0,0.0,0.0,"(224, 2)","(224, 2)",ok
sample_001701,0.0,0.0,0.0,"(224, 2)","(224, 2)",ok
sample_001702,0.0,0.0,0.0,"(224, 2)","(224, 2)",ok
sample_001703,0.0,0.0,0.0,"(224, 2)","(224, 2)",ok
sample_001704,0.0,0.0,0.0,"(224, 2)","(224, 2)",ok
sample_001705,0.0,0.0,0.0,"(224, 2)","(224, 2)",ok
sample_001706,0.0,0.0,0.0,"(224, 2)","(224, 2)",ok
sample_001707,0.0,0.0,0.0,"(224, 2)","(224, 2)",ok
sample_001708,0.0,0.0,0.0,"(224, 2)","(224, 2)",ok
sample_001709,0.0,0.0,0.0,"(224, 2)","(224, 2)",ok
sample_001710,0.0,0.0,0.0,"(224, 2)","(224, 2)",ok
sample_001711,0.0,0.0,0.0,"(224, 2)","(224, 2)",ok
sample_001712,0.0,0.0,0.0,"(224, 2)","(224, 2)",ok
sample_001713,0.0,0.0,0.0,"(224, 2)","(224, 2)",ok
sample_001714,0.0,0.0,0.0,"(224, 2)","(224, 2)",ok
sample_001715,0.0,0.0,0.0,"(224, 2)","(224, 2)",ok
sample_001716,0.0,0.0,0.0,"(224, 2)","(224, 2)",ok
sample_001717,0.0,0.0,0.0,"(224, 2)","(224, 2)",ok
sample_001718,0.0,0.0,0.0,"(224, 2)","(224, 2)",ok
sample_001719,0.0,0.0,0.0,"(224, 2)","(224, 2)",ok
sample_001720,0.0,0.0,0.0,"(224, 2)","(224, 2)",ok
sample_001721,0.0,0.0,0.0,"(224, 2)","(224, 2)",ok
sample_001722,0.0,0.0,0.0,"(224, 2)","(224, 2)",ok
sample_001723,0.0,0.0,0.0,"(224, 2)","(224, 2)",ok
sample_001724,0.0,0.0,0.0,"(224, 2)","(224, 2)",ok
sample_001725,0.0,0.0,0.0,"(224, 2)","(224, 2)",ok
sample_001726,0.0,0.0,0.0,"(224, 2)","(224, 2)",ok
sample_001727,0.0,0.0,0.0,"(224, 2)","(224, 2)",ok
sample_001728,0.0,0.0,0.0,"(224, 2)","(224, 2)",ok
sample_001729,0.0,0.0,0.0,"(224, 2)","(224, 2)",ok
sample_001730,0.0,0.0,0.0,"(224, 2)","(224, 2)",ok
sample_001731,0.0,0.0,0.0,"(224, 2)","(224, 2)",ok
sample_001732,0.0,0.0,0.0,"(224, 2)","(224, 2)",ok
sample_001733,0.0,0.0,0.0,"(224, 2)","(224, 2)",ok
sample_001734,0.0,0.0,0.0,"(224, 2)","(224, 2)",ok
sample_001735,0.0,0.0,0.0,"(224, 2)","(224, 2)",ok
sample_001736,0.0,0.0,0.0,"(224, 2)","(224, 2)",ok
sample_001737,0.0,0.0,0.0,"(224, 2)","(224, 2)",ok
sample_001738,0.0,0.0,0.0,"(224, 2)","(224, 2)",ok
sample_001739,0.0,0.0,0.0,"(224, 2)","(224, 2)",ok
sample_001740,0.0,0.0,0.0,"(224, 2)","(224, 2)",ok
sample_001741,0.0,0.0,0.0,"(224, 2)","(224, 2)",ok
sample_001742,0.0,0.0,0.0,"(224, 2)","(224, 2)",ok
sample_001743,0.0,0.0,0.0,"(224, 2)","(224, 2)",ok
sample_001744,0.0,0.0,0.0,"(224, 2)","(224, 2)",ok
sample_001745,0.0,0.0,0.0,"(224, 2)","(224, 2)",ok
sample_001746,0.0,0.0,0.0,"(224, 2)","(224, 2)",ok
sample_001747,0.0,0.0,0.0,"(224, 2)","(224, 2)",ok
sample_001748,0.0,0.0,0.0,"(224, 2)","(224, 2)",ok
sample_001749,0.0,0.0,0.0,"(224, 2)","(224, 2)",ok
sample_001750,0.0,0.0,0.0,"(224, 2)","(224, 2)",ok
sample_001751,0.0,0.0,0.0,"(224, 2)","(224, 2)",ok
sample_001752,0.0,0.0,0.0,"(224, 2)","(224, 2)",ok
sample_001753,0.0,0.0,0.0,"(224, 2)","(224, 2)",ok
sample_001754,0.0,0.0,0.0,"(224, 2)","(224, 2)",ok
sample_001755,0.0,0.0,0.0,"(224, 2)","(224, 2)",ok
sample_001756,0.0,0.0,0.0,"(224, 2)","(224, 2)",ok
sample_001757,0.0,0.0,0.0,"(224, 2)","(224, 2)",ok
sample_001758,0.0,0.0,0.0,"(224, 2)","(224, 2)",ok
sample_001759,0.0,0.0,0.0,"(224, 2)","(224, 2)",ok
sample_001760,0.0,0.0,0.0,"(224, 2)","(224, 2)",ok
sample_001761,0.0,0.0,0.0,"(224, 2)","(224, 2)",ok
sample_001762,0.0,0.0,0.0,"(224, 2)","(224, 2)",ok
sample_001763,0.0,0.0,0.0,"(224, 2)","(224, 2)",ok
sample_001764,0.0,0.0,0.0,"(224, 2)","(224, 2)",ok
sample_001765,0.0,0.0,0.0,"(224, 2)","(224, 2)",ok
sample_001766,0.0,0.0,0.0,"(224, 2)","(224, 2)",ok
sample_001767,0.0,0.0,0.0,"(224, 2)","(224, 2)",ok
sample_001768,0.0,0.0,0.0,"(224, 2)","(224, 2)",ok
sample_001769,0.0,0.0,0.0,"(224, 2)","(224, 2)",ok
sample_001770,0.0,0.0,0.0,"(224, 2)","(224, 2)",ok
sample_001771,0.0,0.0,0.0,"(224, 2)","(224, 2)",ok
sample_001772,0.0,0.0,0.0,"(224, 2)","(224, 2)",ok
sample_001773,0.0,0.0,0.0,"(224, 2)","(224, 2)",ok
sample_001774,0.0,0.0,0.0,"(224, 2)","(224, 2)",ok
sample_001775,0.0,0.0,0.0,"(224, 2)","(224, 2)",ok
sample_001776,0.0,0.0,0.0,"(224, 2)","(224, 2)",ok
sample_001777,0.0,0.0,0.0,"(224, 2)","(224, 2)",ok
sample_001778,0.0,0.0,0.0,"(224, 2)","(224, 2)",ok
sample_001779,0.0,0.0,0.0,"(224, 2)","(224, 2)",ok
sample_001780,0.0,0.0,0.0,"(224, 2)","(224, 2)",ok
sample_001781,0.0,0.0,0.0,"(224, 2)","(224, 2)",ok
sample_001782,0.0,0.0,0.0,"(224, 2)","(224, 2)",ok
sample_001783,0.0,0.0,0.0,"(224, 2)","(224, 2)",ok
sample_001784,0.0,0.0,0.0,"(224, 2)","(224, 2)",ok
sample_001785,0.0,0.0,0.0,"(224, 2)","(224, 2)",ok
sample_001786,0.0,0.0,0.0,"(224, 2)","(224, 2)",ok
sample_001787,0.0,0.0,0.0,"(224, 2)","(224, 2)",ok
sample_001788,0.0,0.0,0.0,"(224, 2)","(224, 2)",ok
sample_001789,0.0,0.0,0.0,"(224, 2)","(224, 2)",ok
sample_001790,0.0,0.0,0.0,"(224, 2)","(224, 2)",ok
sample_001791,0.0,0.0,0.0,"(224, 2)","(224, 2)",ok
sample_001792,0.0,0.0,0.0,"(224, 2)","(224, 2)",ok
sample_001793,0.0,0.0,0.0,"(224, 2)","(224, 2)",ok
sample_001794,0.0,0.0,0.0,"(224, 2)","(224, 2)",ok
sample_001795,0.0,0.0,0.0,"(224, 2)","(224, 2)",ok
sample_001796,0.0,0.0,0.0,"(224, 2)","(224, 2)",ok
sample_001797,0.0,0.0,0.0,"(224, 2)","(224, 2)",ok
sample_001798,0.0,0.0,0.0,"(224, 2)","(224, 2)",ok
sample_001799,0.0,0.0,0.0,"(224, 2)","(224, 2)",ok
sample_001800,0.0,0.0,0.0,"(224, 2)","(224, 2)",ok
sample_001801,0.0,0.0,0.0,"(224, 2)","(224, 2)",ok
sample_001802,0.0,0.0,0.0,"(224, 2)","(224, 2)",ok
sample_001803,0.0,0.0,0.0,"(224, 2)","(224, 2)",ok
sample_001804,0.0,0.0,0.0,"(224, 2)","(224, 2)",ok
sample_001805,0.0,0.0,0.0,"(224, 2)","(224, 2)",ok
sample_001806,0.0,0.0,0.0,"(224, 2)","(224, 2)",ok
sample_001807,0.0,0.0,0.0,"(224, 2)","(224, 2)",ok
sample_001808,0.0,0.0,0.0,"(224, 2)","(224, 2)",ok
sample_001809,0.0,0.0,0.0,"(224, 2)","(224, 2)",ok
sample_001810,0.0,0.0,0.0,"(224, 2)","(224, 2)",ok
sample_001811,0.0,0.0,0.0,"(224, 2)","(224, 2)",ok
sample_001812,0.0,0.0,0.0,"(224, 2)","(224, 2)",ok
sample_001813,0.0,0.0,0.0,"(224, 2)","(224, 2)",ok
sample_001814,0.0,0.0,0.0,"(224, 2)","(224, 2)",ok
sample_001815,0.0,0.0,0.0,"(224, 2)","(224, 2)",ok
sample_001816,0.0,0.0,0.0,"(224, 2)","(224, 2)",ok
sample_001817,0.0,0.0,0.0,"(224, 2)","(224, 2)",ok
sample_001818,0.0,0.0,0.0,"(224, 2)","(224, 2)",ok
sample_001819,0.0,0.0,0.0,"(224, 2)","(224, 2)",ok
sample_001820,0.0,0.0,0.0,"(224, 2)","(224, 2)",ok
sample_001821,0.0,0.0,0.0,"(224, 2)","(224, 2)",ok
sample_001822,0.0,0.0,0.0,"(224, 2)","(224, 2)",ok
sample_001823,0.0,0.0,0.0,"(224, 2)","(224, 2)",ok
sample_001824,0.0,0.0,0.0,"(224, 2)","(224, 2)",ok
sample_001825,0.0,0.0,0.0,"(224, 2)","(224, 2)",ok
sample_001826,0.0,0.0,0.0,"(224, 2)","(224, 2)",ok
sample_001827,0.0,0.0,0.0,"(224, 2)","(224, 2)",ok
sample_001828,0.0,0.0,0.0,"(224, 2)","(224, 2)",ok
sample_001829,0.0,0.0,0.0,"(224, 2)","(224, 2)",ok
sample_001830,0.0,0.0,0.0,"(224, 2)","(224, 2)",ok
sample_001831,0.0,0.0,0.0,"(224, 2)","(224, 2)",ok
sample_001832,0.0,0.0,0.0,"(224, 2)","(224, 2)",ok
sample_001833,0.0,0.0,0.0,"(224, 2)","(224, 2)",ok
sample_001834,0.0,0.0,0.0,"(224, 2)","(224, 2)",ok
sample_001835,0.0,0.0,0.0,"(224, 2)","(224, 2)",ok
sample_001836,0.0,0.0,0.0,"(224, 2)","(224, 2)",ok
sample_001837,0.0,0.0,0.0,"(224, 2)","(224, 2)",ok
sample_001838,0.0,0.0,0.0,"(224, 2)","(224, 2)",ok
sample_001839,0.0,0.0,0.0,"(224, 2)","(224, 2)",ok
sample_001840,0.0,0.0,0.0,"(224, 2)","(224, 2)",ok
sample_001841,0.0,0.0,0.0,"(224, 2)","(224, 2)",ok
sample_001842,0.0,0.0,0.0,"(224, 2)","(224, 2)",ok
sample_001843,0.0,0.0,0.0,"(224, 2)","(224, 2)",ok
sample_001844,0.0,0.0,0.0,"(224, 2)","(224, 2)",ok
sample_001845,0.0,0.0,0.0,"(224, 2)","(224, 2)",ok
sample_001846,0.0,0.0,0.0,"(224, 2)","(224, 2)",ok
sample_001847,0.0,0.0,0.0,"(224, 2)","(224, 2)",ok
sample_001848,0.0,0.0,0.0,"(224, 2)","(224, 2)",ok
sample_001849,0.0,0.0,0.0,"(224, 2)","(224, 2)",ok
sample_001850,0.0,0.0,0.0,"(224, 2)","(224, 2)",ok
sample_001851,0.0,0.0,0.0,"(224, 2)","(224, 2)",ok
sample_001852,0.0,0.0,0.0,"(224, 2)","(224, 2)",ok
sample_001853,0.0,0.0,0.0,"(224, 2)","(224, 2)",ok
sample_001854,0.0,0.0,0.0,"(224, 2)","(224, 2)",ok
sample_001855,0.0,0.0,0.0,"(224, 2)","(224, 2)",ok
sample_001856,0.0,0.0,0.0,"(224, 2)","(224, 2)",ok
sample_001857,0.0,0.0,0.0,"(224, 2)","(224, 2)",ok
sample_001858,0.0,0.0,0.0,"(224, 2)","(224, 2)",ok
sample_001859,0.0,0.0,0.0,"(224, 2)","(224, 2)",ok
sample_001860,0.0,0.0,0.0,"(224, 2)","(224, 2)",ok
sample_001861,0.0,0.0,0.0,"(224, 2)","(224, 2)",ok
sample_001862,0.0,0.0,0.0,"(224, 2)","(224, 2)",ok
sample_001863,0.0,0.0,0.0,"(224, 2)","(224, 2)",ok
sample_001864,0.0,0.0,0.0,"(224, 2)","(224, 2)",ok
sample_001865,0.0,0.0,0.0,"(224, 2)","(224, 2)",ok
sample_001866,0.0,0.0,0.0,"(224, 2)","(224, 2)",ok
sample_001867,0.0,0.0,0.0,"(224, 2)","(224, 2)",ok
sample_001868,0.0,0.0,0.0,"(224, 2)","(224, 2)",ok
sample_001869,0.0,0.0,0.0,"(224, 2)","(224, 2)",ok
sample_001870,0.0,0.0,0.0,"(224, 2)","(224, 2)",ok
sample_001871,0.0,0.0,0.0,"(224, 2)","(224, 2)",ok
sample_001872,0.0,0.0,0.0,"(224, 2)","(224, 2)",ok
sample_001873,0.0,0.0,0.0,"(224, 2)","(224, 2)",ok
sample_001874,0.0,0.0,0.0,"(224, 2)","(224, 2)",ok
sample_001875,0.0,0.0,0.0,"(224, 2)","(224, 2)",ok
sample_001876,0.0,0.0,0.0,"(224, 2)","(224, 2)",ok
sample_001877,0.0,0.0,0.0,"(224, 2)","(224, 2)",ok
sample_001878,0.0,0.0,0.0,"(224, 2)","(224, 2)",ok
sample_001879,0.0,0.0,0.0,"(224, 2)","(224, 2)",ok
sample_001880,0.0,0.0,0.0,"(224, 2)","(224, 2)",ok
sample_001881,0.0,0.0,0.0,"(224, 2)","(224, 2)",ok
sample_001882,0.0,0.0,0.0,"(224, 2)","(224, 2)",ok
sample_001883,0.0,0.0,0.0,"(224, 2)","(224, 2)",ok
sample_001884,0.0,0.0,0.0,"(224, 2)","(224, 2)",ok
sample_001885,0.0,0.0,0.0,"(224, 2)","(224, 2)",ok
sample_001886,0.0,0.0,0.0,"(224, 2)","(224, 2)",ok
sample_001887,0.0,0.0,0.0,"(224, 2)","(224, 2)",ok
sample_001888,0.0,0.0,0.0,"(224, 2)","(224, 2)",ok
sample_001889,0.0,0.0,0.0,"(224, 2)","(224, 2)",ok
sample_001890,0.0,0.0,0.0,"(224, 2)","(224, 2)",ok
sample_001891,0.0,0.0,0.0,"(224, 2)","(224, 2)",ok
sample_001892,0.0,0.0,0.0,"(224, 2)","(224, 2)",ok
sample_001893,0.0,0.0,0.0,"(224, 2)","(224, 2)",ok
sample_001894,0.0,0.0,0.0,"(224, 2)","(224, 2)",ok
sample_001895,0.0,0.0,0.0,"(224, 2)","(224, 2)",ok
sample_001896,0.0,0.0,0.0,"(224, 2)","(224, 2)",ok
sample_001897,0.0,0.0,0.0,"(224, 2)","(224, 2)",ok
sample_001898,0.0,0.0,0.0,"(224, 2)","(224, 2)",ok
sample_001899,0.0,0.0,0.0,"(224, 2)","(224, 2)",ok
sample_001900,0.0,0.0,0.0,"(224, 2)","(224, 2)",ok
sample_001901,0.0,0.0,0.0,"(224, 2)","(224, 2)",ok
sample_001902,0.0,0.0,0.0,"(224, 2)","(224, 2)",ok
sample_001903,0.0,0.0,0.0,"(224, 2)","(224, 2)",ok
sample_001904,0.0,0.0,0.0,"(224, 2)","(224, 2)",ok
sample_001905,0.0,0.0,0.0,"(224, 2)","(224, 2)",ok
sample_001906,0.0,0.0,0.0,"(224, 2)","(224, 2)",ok
sample_001907,0.0,0.0,0.0,"(224, 2)","(224, 2)",ok
sample_001908,0.0,0.0,0.0,"(224, 2)","(224, 2)",ok
sample_001909,0.0,0.0,0.0,"(224, 2)","(224, 2)",ok
sample_001910,0.0,0.0,0.0,"(224, 2)","(224, 2)",ok
sample_001911,0.0,0.0,0.0,"(224, 2)","(224, 2)",ok
sample_001912,0.0,0.0,0.0,"(224, 2)","(224, 2)",ok
sample_001913,0.0,0.0,0.0,"(224, 2)","(224, 2)",ok
sample_001914,0.0,0.0,0.0,"(224, 2)","(224, 2)",ok
sample_001915,0.0,0.0,0.0,"(224, 2)","(224, 2)",ok
sample_001916,0.0,0.0,0.0,"(224, 2)","(224, 2)",ok
sample_001917,0.0,0.0,0.0,"(224, 2)","(224, 2)",ok
sample_001918,0.0,0.0,0.0,"(224, 2)","(224, 2)",ok
sample_001919,0.0,0.0,0.0,"(224, 2)","(224, 2)",ok
sample_001920,0.0,0.0,0.0,"(224, 2)","(224, 2)",ok
sample_001921,0.0,0.0,0.0,"(224, 2)","(224, 2)",ok
sample_001922,0.0,0.0,0.0,"(224, 2)","(224, 2)",ok
sample_001923,0.0,0.0,0.0,"(224, 2)","(224, 2)",ok
sample_001924,0.0,0.0,0.0,"(224, 2)","(224, 2)",ok
sample_001925,0.0,0.0,0.0,"(224, 2)","(224, 2)",ok
sample_001926,0.0,0.0,0.0,"(224, 2)","(224, 2)",ok
sample_001927,0.0,0.0,0.0,"(224, 2)","(224, 2)",ok
sample_001928,0.0,0.0,0.0,"(224, 2)","(224, 2)",ok
sample_001929,0.0,0.0,0.0,"(224, 2)","(224, 2)",ok
sample_001930,0.0,0.0,0.0,"(224, 2)","(224, 2)",ok
sample_001931,0.0,0.0,0.0,"(224, 2)","(224, 2)",ok
sample_001932,0.0,0.0,0.0,"(224, 2)","(224, 2)",ok
sample_001933,0.0,0.0,0.0,"(224, 2)","(224, 2)",ok
sample_001934,0.0,0.0,0.0,"(224, 2)","(224, 2)",ok
sample_001935,0.0,0.0,0.0,"(224, 2)","(224, 2)",ok
sample_001936,0.0,0.0,0.0,"(224, 2)","(224, 2)",ok
sample_001937,0.0,0.0,0.0,"(224, 2)","(224, 2)",ok
sample_001938,0.0,0.0,0.0,"(224, 2)","(224, 2)",ok
sample_001939,0.0,0.0,0.0,"(224, 2)","(224, 2)",ok
sample_001940,0.0,0.0,0.0,"(224, 2)","(224, 2)",ok
sample_001941,0.0,0.0,0.0,"(224, 2)","(224, 2)",ok
sample_001942,0.0,0.0,0.0,"(224, 2)","(224, 2)",ok
sample_001943,0.0,0.0,0.0,"(224, 2)","(224, 2)",ok
sample_001944,0.0,0.0,0.0,"(224, 2)","(224, 2)",ok
sample_001945,0.0,0.0,0.0,"(224, 2)","(224, 2)",ok
sample_001946,0.0,0.0,0.0,"(224, 2)","(224, 2)",ok
sample_001947,0.0,0.0,0.0,"(224, 2)","(224, 2)",ok
sample_001948,0.0,0.0,0.0,"(224, 2)","(224, 2)",ok
sample_001949,0.0,0.0,0.0,"(224, 2)","(224, 2)",ok
sample_001950,0.0,0.0,0.0,"(224, 2)","(224, 2)",ok
sample_001951,0.0,0.0,0.0,"(224, 2)","(224, 2)",ok
sample_001952,0.0,0.0,0.0,"(224, 2)","(224, 2)",ok
sample_001953,0.0,0.0,0.0,"(224, 2)","(224, 2)",ok
sample_001954,0.0,0.0,0.0,"(224, 2)","(224, 2)",ok
sample_001955,0.0,0.0,0.0,"(224, 2)","(224, 2)",ok
sample_001956,0.0,0.0,0.0,"(224, 2)","(224, 2)",ok
sample_001957,0.0,0.0,0.0,"(224, 2)","(224, 2)",ok
sample_001958,0.0,0.0,0.0,"(224, 2)","(224, 2)",ok
sample_001959,0.0,0.0,0.0,"(224, 2)","(224, 2)",ok
sample_001960,0.0,0.0,0.0,"(224, 2)","(224, 2)",ok
sample_001961,0.0,0.0,0.0,"(224, 2)","(224, 2)",ok
sample_001962,0.0,0.0,0.0,"(224, 2)","(224, 2)",ok
sample_001963,0.0,0.0,0.0,"(224, 2)","(224, 2)",ok
sample_001964,0.0,0.0,0.0,"(224, 2)","(224, 2)",ok
sample_001965,0.0,0.0,0.0,"(224, 2)","(224, 2)",ok
sample_001966,0.0,0.0,0.0,"(224, 2)","(224, 2)",ok
sample_001967,0.0,0.0,0.0,"(224, 2)","(224, 2)",ok
sample_001968,0.0,0.0,0.0,"(224, 2)","(224, 2)",ok
sample_001969,0.0,0.0,0.0,"(224, 2)","(224, 2)",ok
sample_001970,0.0,0.0,0.0,"(224, 2)","(224, 2)",ok
sample_001971,0.0,0.0,0.0,"(224, 2)","(224, 2)",ok
sample_001972,0.0,0.0,0.0,"(224, 2)","(224, 2)",ok
sample_001973,0.0,0.0,0.0,"(224, 2)","(224, 2)",ok
sample_001974,0.0,0.0,0.0,"(224, 2)","(224, 2)",ok
sample_001975,0.0,0.0,0.0,"(224, 2)","(224, 2)",ok
sample_001976,0.0,0.0,0.0,"(224, 2)","(224, 2)",ok
sample_001977,0.0,0.0,0.0,"(224, 2)","(224, 2)",ok
sample_001978,0.0,0.0,0.0,"(224, 2)","(224, 2)",ok
sample_001979,0.0,0.0,0.0,"(224, 2)","(224, 2)",ok
sample_001980,0.0,0.0,0.0,"(224, 2)","(224, 2)",ok
sample_001981,0.0,0.0,0.0,"(224, 2)","(224, 2)",ok
sample_001982,0.0,0.0,0.0,"(224, 2)","(224, 2)",ok
sample_001983,0.0,0.0,0.0,"(224, 2)","(224, 2)",ok
sample_001984,0.0,0.0,0.0,"(224, 2)","(224, 2)",ok
sample_001985,0.0,0.0,0.0,"(224, 2)","(224, 2)",ok
sample_001986,0.0,0.0,0.0,"(224, 2)","(224, 2)",ok
sample_001987,0.0,0.0,0.0,"(224, 2)","(224, 2)",ok
sample_001988,0.0,0.0,0.0,"(224, 2)","(224, 2)",ok
sample_001989,0.0,0.0,0.0,"(224, 2)","(224, 2)",ok
sample_001990,0.0,0.0,0.0,"(224, 2)","(224, 2)",ok
sample_001991,0.0,0.0,0.0,"(224, 2)","(224, 2)",ok
sample_001992,0.0,0.0,0.0,"(224, 2)","(224, 2)",ok
sample_001993,0.0,0.0,0.0,"(224, 2)","(224, 2)",ok
sample_001994,0.0,0.0,0.0,"(224, 2)","(224, 2)",ok
sample_001995,0.0,0.0,0.0,"(224, 2)","(224, 2)",ok
sample_001996,0.0,0.0,0.0,"(224, 2)","(224, 2)",ok
sample_001997,0.0,0.0,0.0,"(224, 2)","(224, 2)",ok
sample_001998,0.0,0.0,0.0,"(224, 2)","(224, 2)",ok
sample_001999,0.0,0.0,0.0,"(224, 2)","(224, 2)",ok
sample_002000,0.0,0.0,0.0,"(224, 2)","(224, 2)",ok
sample_002001,0.0,0.0,0.0,"(224, 2)","(224, 2)",ok
sample_002002,0.0,0.0,0.0,"(224, 2)","(224, 2)",ok
sample_002003,0.0,0.0,0.0,"(224, 2)","(224, 2)",ok
sample_002004,0.0,0.0,0.0,"(224, 2)","(224, 2)",ok
sample_002005,0.0,0.0,0.0,"(224, 2)","(224, 2)",ok
sample_002006,0.0,0.0,0.0,"(224, 2)","(224, 2)",ok
sample_002007,0.0,0.0,0.0,"(224, 2)","(224, 2)",ok
sample_002008,0.0,0.0,0.0,"(224, 2)","(224, 2)",ok
sample_002009,0.0,0.0,0.0,"(224, 2)","(224, 2)",ok
sample_002010,0.0,0.0,0.0,"(224, 2)","(224, 2)",ok
sample_002011,0.0,0.0,0.0,"(224, 2)","(224, 2)",ok
sample_002012,0.0,0.0,0.0,"(224, 2)","(224, 2)",ok
sample_002013,0.0,0.0,0.0,"(224, 2)","(224, 2)",ok
sample_002014,0.0,0.0,0.0,"(224, 2)","(224, 2)",ok
sample_002015,0.0,0.0,0.0,"(224, 2)","(224, 2)",ok
sample_002016,0.0,0.0,0.0,"(224, 2)","(224, 2)",ok
sample_002017,0.0,0.0,0.0,"(224, 2)","(224, 2)",ok
sample_002018,0.0,0.0,0.0,"(224, 2)","(224, 2)",ok
sample_002019,0.0,0.0,0.0,"(224, 2)","(224, 2)",ok
sample_002020,0.0,0.0,0.0,"(224, 2)","(224, 2)",ok
sample_002021,0.0,0.0,0.0,"(224, 2)","(224, 2)",ok
sample_002022,0.0,0.0,0.0,"(224, 2)","(224, 2)",ok
sample_002023,0.0,0.0,0.0,"(224, 2)","(224, 2)",ok
sample_002024,0.0,0.0,0.0,"(224, 2)","(224, 2)",ok
sample_002025,0.0,0.0,0.0,"(224, 2)","(224, 2)",ok
sample_002026,0.0,0.0,0.0,"(224, 2)","(224, 2)",ok
sample_002027,0.0,0.0,0.0,"(224, 2)","(224, 2)",ok
sample_002028,0.0,0.0,0.0,"(224, 2)","(224, 2)",ok
sample_002029,0.0,0.0,0.0,"(224, 2)","(224, 2)",ok
sample_002030,0.0,0.0,0.0,"(224, 2)","(224, 2)",ok
sample_002031,0.0,0.0,0.0,"(224, 2)","(224, 2)",ok
sample_002032,0.0,0.0,0.0,"(224, 2)","(224, 2)",ok
sample_002033,0.0,0.0,0.0,"(224, 2)","(224, 2)",ok
sample_002034,0.0,0.0,0.0,"(224, 2)","(224, 2)",ok
sample_002035,0.0,0.0,0.0,"(224, 2)","(224, 2)",ok
sample_002036,0.0,0.0,0.0,"(224, 2)","(224, 2)",ok
sample_002037,0.0,0.0,0.0,"(224, 2)","(224, 2)",ok
sample_002038,0.0,0.0,0.0,"(224, 2)","(224, 2)",ok
sample_002039,0.0,0.0,0.0,"(224, 2)","(224, 2)",ok
sample_002040,0.0,0.0,0.0,"(224, 2)","(224, 2)",ok
sample_002041,0.0,0.0,0.0,"(224, 2)","(224, 2)",ok
sample_002042,0.0,0.0,0.0,"(224, 2)","(224, 2)",ok
sample_002043,0.0,0.0,0.0,"(224, 2)","(224, 2)",ok
sample_002044,0.0,0.0,0.0,"(224, 2)","(224, 2)",ok
sample_002045,0.0,0.0,0.0,"(224, 2)","(224, 2)",ok
sample_002046,0.0,0.0,0.0,"(224, 2)","(224, 2)",ok
sample_002047,0.0,0.0,0.0,"(224, 2)","(224, 2)",ok
sample_002048,0.0,0.0,0.0,"(224, 2)","(224, 2)",ok
sample_002049,0.0,0.0,0.0,"(224, 2)","(224, 2)",ok
sample_002050,0.0,0.0,0.0,"(224, 2)","(224, 2)",ok
sample_002051,0.0,0.0,0.0,"(224, 2)","(224, 2)",ok
sample_002052,0.0,0.0,0.0,"(224, 2)","(224, 2)",ok
sample_002053,0.0,0.0,0.0,"(224, 2)","(224, 2)",ok
sample_002054,0.0,0.0,0.0,"(224, 2)","(224, 2)",ok
sample_002055,0.0,0.0,0.0,"(224, 2)","(224, 2)",ok
sample_002056,0.0,0.0,0.0,"(224, 2)","(224, 2)",ok
sample_002057,0.0,0.0,0.0,"(224, 2)","(224, 2)",ok
sample_002058,0.0,0.0,0.0,"(224, 2)","(224, 2)",ok
sample_002059,0.0,0.0,0.0,"(224, 2)","(224, 2)",ok
sample_002060,0.0,0.0,0.0,"(224, 2)","(224, 2)",ok
sample_002061,0.0,0.0,0.0,"(224, 2)","(224, 2)",ok
sample_002062,0.0,0.0,0.0,"(224, 2)","(224, 2)",ok
sample_002063,0.0,0.0,0.0,"(224, 2)","(224, 2)",ok
sample_002064,0.0,0.0,0.0,"(224, 2)","(224, 2)",ok
sample_002065,0.0,0.0,0.0,"(224, 2)","(224, 2)",ok
sample_002066,0.0,0.0,0.0,"(224, 2)","(224, 2)",ok
sample_002067,0.0,0.0,0.0,"(224, 2)","(224, 2)",ok
sample_002068,0.0,0.0,0.0,"(224, 2)","(224, 2)",ok
sample_002069,0.0,0.0,0.0,"(224, 2)","(224, 2)",ok
sample_002070,0.0,0.0,0.0,"(224, 2)","(224, 2)",ok
sample_002071,0.0,0.0,0.0,"(224, 2)","(224, 2)",ok
sample_002072,0.0,0.0,0.0,"(224, 2)","(224, 2)",ok
sample_002073,0.0,0.0,0.0,"(224, 2)","(224, 2)",ok
sample_002074,0.0,0.0,0.0,"(224, 2)","(224, 2)",ok
sample_002075,0.0,0.0,0.0,"(224, 2)","(224, 2)",ok
sample_002076,0.0,0.0,0.0,"(224, 2)","(224, 2)",ok
sample_002077,0.0,0.0,0.0,"(224, 2)","(224, 2)",ok
sample_002078,0.0,0.0,0.0,"(224, 2)","(224, 2)",ok
sample_002079,0.0,0.0,0.0,"(224, 2)","(224, 2)",ok
sample_002080,0.0,0.0,0.0,"(224, 2)","(224, 2)",ok
sample_002081,0.0,0.0,0.0,"(224, 2)","(224, 2)",ok
sample_002082,0.0,0.0,0.0,"(224, 2)","(224, 2)",ok
sample_002083,0.0,0.0,0.0,"(224, 2)","(224, 2)",ok
sample_002084,0.0,0.0,0.0,"(224, 2)","(224, 2)",ok
sample_002085,0.0,0.0,0.0,"(224, 2)","(224, 2)",ok
sample_002086,0.0,0.0,0.0,"(224, 2)","(224, 2)",ok
sample_002087,0.0,0.0,0.0,"(224, 2)","(224, 2)",ok
sample_002088,0.0,0.0,0.0,"(224, 2)","(224, 2)",ok
sample_002089,0.0,0.0,0.0,"(224, 2)","(224, 2)",ok
sample_002090,0.0,0.0,0.0,"(224, 2)","(224, 2)",ok
sample_002091,0.0,0.0,0.0,"(224, 2)","(224, 2)",ok
sample_002092,0.0,0.0,0.0,"(224, 2)","(224, 2)",ok
sample_002093,0.0,0.0,0.0,"(224, 2)","(224, 2)",ok
sample_002094,0.0,0.0,0.0,"(224, 2)","(224, 2)",ok
sample_002095,0.0,0.0,0.0,"(224, 2)","(224, 2)",ok
sample_002096,0.0,0.0,0.0,"(224, 2)","(224, 2)",ok
sample_002097,0.0,0.0,0.0,"(224, 2)","(224, 2)",ok
sample_002098,0.0,0.0,0.0,"(224, 2)","(224, 2)",ok
sample_002099,0.0,0.0,0.0,"(224, 2)","(224, 2)",ok
sample_002100,0.0,0.0,0.0,"(224, 2)","(224, 2)",ok
sample_002101,0.0,0.0,0.0,"(224, 2)","(224, 2)",ok
sample_002102,0.0,0.0,0.0,"(224, 2)","(224, 2)",ok
sample_002103,0.0,0.0,0.0,"(224, 2)","(224, 2)",ok
sample_002104,0.0,0.0,0.0,"(224, 2)","(224, 2)",ok
sample_002105,0.0,0.0,0.0,"(224, 2)","(224, 2)",ok
sample_002106,0.0,0.0,0.0,"(224, 2)","(224, 2)",ok
sample_002107,0.0,0.0,0.0,"(224, 2)","(224, 2)",ok
sample_002108,0.0,0.0,0.0,"(224, 2)","(224, 2)",ok
sample_002109,0.0,0.0,0.0,"(224, 2)","(224, 2)",ok
sample_002110,0.0,0.0,0.0,"(224, 2)","(224, 2)",ok
sample_002111,0.0,0.0,0.0,"(224, 2)","(224, 2)",ok
sample_002112,0.0,0.0,0.0,"(224, 2)","(224, 2)",ok
sample_002113,0.0,0.0,0.0,"(224, 2)","(224, 2)",ok
sample_002114,0.0,0.0,0.0,"(224, 2)","(224, 2)",ok
sample_002115,0.0,0.0,0.0,"(224, 2)","(224, 2)",ok
sample_002116,0.0,0.0,0.0,"(224, 2)","(224, 2)",ok
sample_002117,0.0,0.0,0.0,"(224, 2)","(224, 2)",ok
sample_002118,0.0,0.0,0.0,"(224, 2)","(224, 2)",ok
sample_002119,0.0,0.0,0.0,"(224, 2)","(224, 2)",ok
sample_002120,0.0,0.0,0.0,"(224, 2)","(224, 2)",ok
sample_002121,0.0,0.0,0.0,"(224, 2)","(224, 2)",ok
sample_002122,0.0,0.0,0.0,"(224, 2)","(224, 2)",ok
sample_002123,0.0,0.0,0.0,"(224, 2)","(224, 2)",ok
sample_002124,0.0,0.0,0.0,"(224, 2)","(224, 2)",ok
sample_002125,0.0,0.0,0.0,"(224, 2)","(224, 2)",ok
sample_002126,0.0,0.0,0.0,"(224, 2)","(224, 2)",ok
sample_002127,0.0,0.0,0.0,"(224, 2)","(224, 2)",ok
sample_002128,0.0,0.0,0.0,"(224, 2)","(224, 2)",ok
sample_002129,0.0,0.0,0.0,"(224, 2)","(224, 2)",ok
sample_002130,0.0,0.0,0.0,"(224, 2)","(224, 2)",ok
sample_002131,0.0,0.0,0.0,"(224, 2)","(224, 2)",ok
sample_002132,0.0,0.0,0.0,"(224, 2)","(224, 2)",ok
sample_002133,0.0,0.0,0.0,"(224, 2)","(224, 2)",ok
sample_002134,0.0,0.0,0.0,"(224, 2)","(224, 2)",ok
sample_002135,0.0,0.0,0.0,"(224, 2)","(224, 2)",ok
sample_002136,0.0,0.0,0.0,"(224, 2)","(224, 2)",ok
sample_002137,0.0,0.0,0.0,"(224, 2)","(224, 2)",ok
sample_002138,0.0,0.0,0.0,"(224, 2)","(224, 2)",ok
sample_002139,0.0,0.0,0.0,"(224, 2)","(224, 2)",ok
sample_002140,0.0,0.0,0.0,"(224, 2)","(224, 2)",ok
sample_002141,0.0,0.0,0.0,"(224, 2)","(224, 2)",ok
sample_002142,0.0,0.0,0.0,"(224, 2)","(224, 2)",ok
sample_002143,0.0,0.0,0.0,"(224, 2)","(224, 2)",ok
sample_002144,0.0,0.0,0.0,"(224, 2)","(224, 2)",ok
sample_002145,0.0,0.0,0.0,"(224, 2)","(224, 2)",ok
sample_002146,0.0,0.0,0.0,"(224, 2)","(224, 2)",ok
sample_002147,0.0,0.0,0.0,"(224, 2)","(224, 2)",ok
sample_002148,0.0,0.0,0.0,"(224, 2)","(224, 2)",ok
sample_002149,0.0,0.0,0.0,"(224, 2)","(224, 2)",ok
sample_002150,0.0,0.0,0.0,"(224, 2)","(224, 2)",ok
sample_002151,0.0,0.0,0.0,"(224, 2)","(224, 2)",ok
sample_002152,0.0,0.0,0.0,"(224, 2)","(224, 2)",ok
sample_002153,0.0,0.0,0.0,"(224, 2)","(224, 2)",ok
sample_002154,0.0,0.0,0.0,"(224, 2)","(224, 2)",ok
sample_002155,0.0,0.0,0.0,"(224, 2)","(224, 2)",ok
sample_002156,0.0,0.0,0.0,"(224, 2)","(224, 2)",ok
sample_002157,0.0,0.0,0.0,"(224, 2)","(224, 2)",ok
sample_002158,0.0,0.0,0.0,"(224, 2)","(224, 2)",ok
sample_002159,0.0,0.0,0.0,"(224, 2)","(224, 2)",ok
sample_002160,0.0,0.0,0.0,"(224, 2)","(224, 2)",ok
sample_002161,0.0,0.0,0.0,"(224, 2)","(224, 2)",ok
sample_002162,0.0,0.0,0.0,"(224, 2)","(224, 2)",ok
sample_002163,0.0,0.0,0.0,"(224, 2)","(224, 2)",ok
sample_002164,0.0,0.0,0.0,"(224, 2)","(224, 2)",ok
sample_002165,0.0,0.0,0.0,"(224, 2)","(224, 2)",ok
sample_002166,0.0,0.0,0.0,"(224, 2)","(224, 2)",ok
sample_002167,0.0,0.0,0.0,"(224, 2)","(224, 2)",ok
sample_002168,0.0,0.0,0.0,"(224, 2)","(224, 2)",ok
sample_002169,0.0,0.0,0.0,"(224, 2)","(224, 2)",ok
sample_002170,0.0,0.0,0.0,"(224, 2)","(224, 2)",ok
sample_002171,0.0,0.0,0.0,"(224, 2)","(224, 2)",ok
sample_002172,0.0,0.0,0.0,"(224, 2)","(224, 2)",ok
sample_002173,0.0,0.0,0.0,"(224, 2)","(224, 2)",ok
sample_002174,0.0,0.0,0.0,"(224, 2)","(224, 2)",ok
sample_002175,0.0,0.0,0.0,"(224, 2)","(224, 2)",ok
sample_002176,0.0,0.0,0.0,"(224, 2)","(224, 2)",ok
sample_002177,0.0,0.0,0.0,"(224, 2)","(224, 2)",ok
sample_002178,0.0,0.0,0.0,"(224, 2)","(224, 2)",ok
sample_002179,0.0,0.0,0.0,"(224, 2)","(224, 2)",ok
sample_002180,0.0,0.0,0.0,"(224, 2)","(224, 2)",ok
sample_002181,0.0,0.0,0.0,"(224, 2)","(224, 2)",ok
sample_002182,0.0,0.0,0.0,"(224, 2)","(224, 2)",ok
sample_002183,0.0,0.0,0.0,"(224, 2)","(224, 2)",ok
sample_002184,0.0,0.0,0.0,"(224, 2)","(224, 2)",ok
sample_002185,0.0,0.0,0.0,"(224, 2)","(224, 2)",ok
sample_002186,0.0,0.0,0.0,"(224, 2)","(224, 2)",ok
sample_002187,0.0,0.0,0.0,"(224, 2)","(224, 2)",ok
sample_002188,0.0,0.0,0.0,"(224, 2)","(224, 2)",ok
sample_002189,0.0,0.0,0.0,"(224, 2)","(224, 2)",ok
sample_002190,0.0,0.0,0.0,"(224, 2)","(224, 2)",ok
sample_002191,0.0,0.0,0.0,"(224, 2)","(224, 2)",ok
sample_002192,0.0,0.0,0.0,"(224, 2)","(224, 2)",ok
sample_002193,0.0,0.0,0.0,"(224, 2)","(224, 2)",ok
sample_002194,0.0,0.0,0.0,"(224, 2)","(224, 2)",ok
sample_002195,0.0,0.0,0.0,"(224, 2)","(224, 2)",ok
sample_002196,0.0,0.0,0.0,"(224, 2)","(224, 2)",ok
sample_002197,0.0,0.0,0.0,"(224, 2)","(224, 2)",ok
sample_002198,0.0,0.0,0.0,"(224, 2)","(224, 2)",ok
sample_002199,0.0,0.0,0.0,"(224, 2)","(224, 2)",ok
sample_002200,0.0,0.0,0.0,"(224, 2)","(224, 2)",ok
sample_002201,0.0,0.0,0.0,"(224, 2)","(224, 2)",ok
sample_002202,0.0,0.0,0.0,"(224, 2)","(224, 2)",ok
sample_002203,0.0,0.0,0.0,"(224, 2)","(224, 2)",ok
sample_002204,0.0,0.0,0.0,"(224, 2)","(224, 2)",ok
sample_002205,0.0,0.0,0.0,"(224, 2)","(224, 2)",ok
sample_002206,0.0,0.0,0.0,"(224, 2)","(224, 2)",ok
sample_002207,0.0,0.0,0.0,"(224, 2)","(224, 2)",ok
sample_002208,0.0,0.0,0.0,"(224, 2)","(224, 2)",ok
sample_002209,0.0,0.0,0.0,"(224, 2)","(224, 2)",ok
sample_002210,0.0,0.0,0.0,"(224, 2)","(224, 2)",ok
sample_002211,0.0,0.0,0.0,"(224, 2)","(224, 2)",ok
sample_002212,0.0,0.0,0.0,"(224, 2)","(224, 2)",ok
sample_002213,0.0,0.0,0.0,"(224, 2)","(224, 2)",ok
sample_002214,0.0,0.0,0.0,"(224, 2)","(224, 2)",ok
sample_002215,0.0,0.0,0.0,"(224, 2)","(224, 2)",ok
sample_002216,0.0,0.0,0.0,"(224, 2)","(224, 2)",ok
sample_002217,0.0,0.0,0.0,"(224, 2)","(224, 2)",ok
sample_002218,0.0,0.0,0.0,"(224, 2)","(224, 2)",ok
sample_002219,0.0,0.0,0.0,"(224, 2)","(224, 2)",ok
sample_002220,0.0,0.0,0.0,"(224, 2)","(224, 2)",ok
sample_002221,0.0,0.0,0.0,"(224, 2)","(224, 2)",ok
sample_002222,0.0,0.0,0.0,"(224, 2)","(224, 2)",ok
sample_002223,0.0,0.0,0.0,"(224, 2)","(224, 2)",ok
sample_002224,0.0,0.0,0.0,"(224, 2)","(224, 2)",ok
sample_002225,0.0,0.0,0.0,"(224, 2)","(224, 2)",ok
sample_002226,0.0,0.0,0.0,"(224, 2)","(224, 2)",ok
sample_002227,0.0,0.0,0.0,"(224, 2)","(224, 2)",ok
sample_002228,0.0,0.0,0.0,"(224, 2)","(224, 2)",ok
sample_002229,0.0,0.0,0.0,"(224, 2)","(224, 2)",ok
sample_002230,0.0,0.0,0.0,"(224, 2)","(224, 2)",ok
sample_002231,0.0,0.0,0.0,"(224, 2)","(224, 2)",ok
sample_002232,0.0,0.0,0.0,"(224, 2)","(224, 2)",ok
sample_002233,0.0,0.0,0.0,"(224, 2)","(224, 2)",ok
sample_002234,0.0,0.0,0.0,"(224, 2)","(224, 2)",ok
sample_002235,0.0,0.0,0.0,"(224, 2)","(224, 2)",ok
sample_002236,0.0,0.0,0.0,"(224, 2)","(224, 2)",ok
sample_002237,0.0,0.0,0.0,"(224, 2)","(224, 2)",ok
sample_002238,0.0,0.0,0.0,"(224, 2)","(224, 2)",ok
sample_002239,0.0,0.0,0.0,"(224, 2)","(224, 2)",ok
sample_002240,0.0,0.0,0.0,"(224, 2)","(224, 2)",ok
sample_002241,0.0,0.0,0.0,"(224, 2)","(224, 2)",ok
sample_002242,0.0,0.0,0.0,"(224, 2)","(224, 2)",ok
sample_002243,0.0,0.0,0.0,"(224, 2)","(224, 2)",ok
sample_002244,0.0,0.0,0.0,"(224, 2)","(224, 2)",ok
sample_002245,0.0,0.0,0.0,"(224, 2)","(224, 2)",ok
sample_002246,0.0,0.0,0.0,"(224, 2)","(224, 2)",ok
sample_002247,0.0,0.0,0.0,"(224, 2)","(224, 2)",ok
sample_002248,0.0,0.0,0.0,"(224, 2)","(224, 2)",ok
sample_002249,0.0,0.0,0.0,"(224, 2)","(224, 2)",ok
sample_002250,0.0,0.0,0.0,"(224, 2)","(224, 2)",ok
sample_002251,0.0,0.0,0.0,"(224, 2)","(224, 2)",ok
sample_002252,0.0,0.0,0.0,"(224, 2)","(224, 2)",ok
sample_002253,0.0,0.0,0.0,"(224, 2)","(224, 2)",ok
sample_002254,0.0,0.0,0.0,"(224, 2)","(224, 2)",ok
sample_002255,0.0,0.0,0.0,"(224, 2)","(224, 2)",ok
sample_002256,0.0,0.0,0.0,"(224, 2)","(224, 2)",ok
sample_002257,0.0,0.0,0.0,"(224, 2)","(224, 2)",ok
sample_002258,0.0,0.0,0.0,"(224, 2)","(224, 2)",ok
sample_002259,0.0,0.0,0.0,"(224, 2)","(224, 2)",ok
sample_002260,0.0,0.0,0.0,"(224, 2)","(224, 2)",ok
sample_002261,0.0,0.0,0.0,"(224, 2)","(224, 2)",ok
sample_002262,0.0,0.0,0.0,"(224, 2)","(224, 2)",ok
sample_002263,0.0,0.0,0.0,"(224, 2)","(224, 2)",ok
sample_002264,0.0,0.0,0.0,"(224, 2)","(224, 2)",ok
sample_002265,0.0,0.0,0.0,"(224, 2)","(224, 2)",ok
sample_002266,0.0,0.0,0.0,"(224, 2)","(224, 2)",ok
sample_002267,0.0,0.0,0.0,"(224, 2)","(224, 2)",ok
sample_002268,0.0,0.0,0.0,"(224, 2)","(224, 2)",ok
sample_002269,0.0,0.0,0.0,"(224, 2)","(224, 2)",ok
sample_002270,0.0,0.0,0.0,"(224, 2)","(224, 2)",ok
sample_002271,0.0,0.0,0.0,"(224, 2)","(224, 2)",ok
sample_002272,0.0,0.0,0.0,"(224, 2)","(224, 2)",ok
sample_002273,0.0,0.0,0.0,"(224, 2)","(224, 2)",ok
sample_002274,0.0,0.0,0.0,"(224, 2)","(224, 2)",ok
sample_002275,0.0,0.0,0.0,"(224, 2)","(224, 2)",ok
sample_002276,0.0,0.0,0.0,"(224, 2)","(224, 2)",ok
sample_002277,0.0,0.0,0.0,"(224, 2)","(224, 2)",ok
sample_002278,0.0,0.0,0.0,"(224, 2)","(224, 2)",ok
sample_002279,0.0,0.0,0.0,"(224, 2)","(224, 2)",ok
sample_002280,0.0,0.0,0.0,"(224, 2)","(224, 2)",ok
sample_002281,0.0,0.0,0.0,"(224, 2)","(224, 2)",ok
sample_002282,0.0,0.0,0.0,"(224, 2)","(224, 2)",ok
sample_002283,0.0,0.0,0.0,"(224, 2)","(224, 2)",ok
sample_002284,0.0,0.0,0.0,"(224, 2)","(224, 2)",ok
sample_002285,0.0,0.0,0.0,"(224, 2)","(224, 2)",ok
sample_002286,0.0,0.0,0.0,"(224, 2)","(224, 2)",ok
sample_002287,0.0,0.0,0.0,"(224, 2)","(224, 2)",ok
sample_002288,0.0,0.0,0.0,"(224, 2)","(224, 2)",ok
sample_002289,0.0,0.0,0.0,"(224, 2)","(224, 2)",ok
sample_002290,0.0,0.0,0.0,"(224, 2)","(224, 2)",ok
sample_002291,0.0,0.0,0.0,"(224, 2)","(224, 2)",ok
sample_002292,0.0,0.0,0.0,"(224, 2)","(224, 2)",ok
sample_002293,0.0,0.0,0.0,"(224, 2)","(224, 2)",ok
sample_002294,0.0,0.0,0.0,"(224, 2)","(224, 2)",ok
sample_002295,0.0,0.0,0.0,"(224, 2)","(224, 2)",ok
sample_002296,0.0,0.0,0.0,"(224, 2)","(224, 2)",ok
sample_002297,0.0,0.0,0.0,"(224, 2)","(224, 2)",ok
sample_002298,0.0,0.0,0.0,"(224, 2)","(224, 2)",ok
sample_002299,0.0,0.0,0.0,"(224, 2)","(224, 2)",ok
sample_002300,0.0,0.0,0.0,"(224, 2)","(224, 2)",ok
sample_002301,0.0,0.0,0.0,"(224, 2)","(224, 2)",ok
sample_002302,0.0,0.0,0.0,"(224, 2)","(224, 2)",ok
sample_002303,0.0,0.0,0.0,"(224, 2)","(224, 2)",ok
sample_002304,0.0,0.0,0.0,"(224, 2)","(224, 2)",ok
sample_002305,0.0,0.0,0.0,"(224, 2)","(224, 2)",ok
sample_002306,0.0,0.0,0.0,"(224, 2)","(224, 2)",ok
sample_002307,0.0,0.0,0.0,"(224, 2)","(224, 2)",ok
sample_002308,0.0,0.0,0.0,"(224, 2)","(224, 2)",ok
sample_002309,0.0,0.0,0.0,"(224, 2)","(224, 2)",ok
sample_002310,0.0,0.0,0.0,"(224, 2)","(224, 2)",ok
sample_002311,0.0,0.0,0.0,"(224, 2)","(224, 2)",ok
sample_002312,0.0,0.0,0.0,"(224, 2)","(224, 2)",ok
sample_002313,0.0,0.0,0.0,"(224, 2)","(224, 2)",ok
sample_002314,0.0,0.0,0.0,"(224, 2)","(224, 2)",ok
sample_002315,0.0,0.0,0.0,"(224, 2)","(224, 2)",ok
sample_002316,0.0,0.0,0.0,"(224, 2)","(224, 2)",ok
sample_002317,0.0,0.0,0.0,"(224, 2)","(224, 2)",ok
sample_002318,0.0,0.0,0.0,"(224, 2)","(224, 2)",ok
sample_002319,0.0,0.0,0.0,"(224, 2)","(224, 2)",ok
sample_002320,0.0,0.0,0.0,"(224, 2)","(224, 2)",ok
sample_002321,0.0,0.0,0.0,"(224, 2)","(224, 2)",ok
sample_002322,0.0,0.0,0.0,"(224, 2)","(224, 2)",ok
sample_002323,0.0,0.0,0.0,"(224, 2)","(224, 2)",ok
sample_002324,0.0,0.0,0.0,"(224, 2)","(224, 2)",ok
sample_002325,0.0,0.0,0.0,"(224, 2)","(224, 2)",ok
sample_002326,0.0,0.0,0.0,"(224, 2)","(224, 2)",ok
sample_002327,0.0,0.0,0.0,"(224, 2)","(224, 2)",ok
sample_002328,0.0,0.0,0.0,"(224, 2)","(224, 2)",ok
sample_002329,0.0,0.0,0.0,"(224, 2)","(224, 2)",ok
sample_002330,0.0,0.0,0.0,"(224, 2)","(224, 2)",ok
sample_002331,0.0,0.0,0.0,"(224, 2)","(224, 2)",ok
sample_002332,0.0,0.0,0.0,"(224, 2)","(224, 2)",ok
sample_002333,0.0,0.0,0.0,"(224, 2)","(224, 2)",ok
sample_002334,0.0,0.0,0.0,"(224, 2)","(224, 2)",ok
sample_002335,0.0,0.0,0.0,"(224, 2)","(224, 2)",ok
sample_002336,0.0,0.0,0.0,"(224, 2)","(224, 2)",ok
sample_002337,0.0,0.0,0.0,"(224, 2)","(224, 2)",ok
sample_002338,0.0,0.0,0.0,"(224, 2)","(224, 2)",ok
sample_002339,0.0,0.0,0.0,"(224, 2)","(224, 2)",ok
sample_002340,0.0,0.0,0.0,"(224, 2)","(224, 2)",ok
sample_002341,0.0,0.0,0.0,"(224, 2)","(224, 2)",ok
sample_002342,0.0,0.0,0.0,"(224, 2)","(224, 2)",ok
sample_002343,0.0,0.0,0.0,"(224, 2)","(224, 2)",ok
sample_002344,0.0,0.0,0.0,"(224, 2)","(224, 2)",ok
sample_002345,0.0,0.0,0.0,"(224, 2)","(224, 2)",ok
sample_002346,0.0,0.0,0.0,"(224, 2)","(224, 2)",ok
sample_002347,0.0,0.0,0.0,"(224, 2)","(224, 2)",ok
sample_002348,0.0,0.0,0.0,"(224, 2)","(224, 2)",ok
sample_002349,0.0,0.0,0.0,"(224, 2)","(224, 2)",ok
sample_002350,0.0,0.0,0.0,"(224, 2)","(224, 2)",ok
sample_002351,0.0,0.0,0.0,"(224, 2)","(224, 2)",ok
sample_002352,0.0,0.0,0.0,"(224, 2)","(224, 2)",ok
sample_002353,0.0,0.0,0.0,"(224, 2)","(224, 2)",ok
sample_002354,0.0,0.0,0.0,"(224, 2)","(224, 2)",ok
sample_002355,0.0,0.0,0.0,"(224, 2)","(224, 2)",ok
sample_002356,0.0,0.0,0.0,"(224, 2)","(224, 2)",ok
sample_002357,0.0,0.0,0.0,"(224, 2)","(224, 2)",ok
sample_002358,0.0,0.0,0.0,"(224, 2)","(224, 2)",ok
sample_002359,0.0,0.0,0.0,"(224, 2)","(224, 2)",ok
sample_002360,0.0,0.0,0.0,"(224, 2)","(224, 2)",ok
sample_002361,0.0,0.0,0.0,"(224, 2)","(224, 2)",ok
sample_002362,0.0,0.0,0.0,"(224, 2)","(224, 2)",ok
sample_002363,0.0,0.0,0.0,"(224, 2)","(224, 2)",ok
sample_002364,0.0,0.0,0.0,"(224, 2)","(224, 2)",ok
sample_002365,0.0,0.0,0.0,"(224, 2)","(224, 2)",ok
sample_002366,0.0,0.0,0.0,"(224, 2)","(224, 2)",ok
sample_002367,0.0,0.0,0.0,"(224, 2)","(224, 2)",ok
sample_002368,0.0,0.0,0.0,"(224, 2)","(224, 2)",ok
sample_002369,0.0,0.0,0.0,"(224, 2)","(224, 2)",ok
sample_002370,0.0,0.0,0.0,"(224, 2)","(224, 2)",ok
sample_002371,0.0,0.0,0.0,"(224, 2)","(224, 2)",ok
sample_002372,0.0,0.0,0.0,"(224, 2)","(224, 2)",ok
sample_002373,0.0,0.0,0.0,"(224, 2)","(224, 2)",ok
sample_002374,0.0,0.0,0.0,"(224, 2)","(224, 2)",ok
sample_002375,0.0,0.0,0.0,"(224, 2)","(224, 2)",ok
sample_002376,0.0,0.0,0.0,"(224, 2)","(224, 2)",ok
sample_002377,0.0,0.0,0.0,"(224, 2)","(224, 2)",ok
sample_002378,0.0,0.0,0.0,"(224, 2)","(224, 2)",ok
sample_002379,0.0,0.0,0.0,"(224, 2)","(224, 2)",ok
sample_002380,0.0,0.0,0.0,"(224, 2)","(224, 2)",ok
sample_002381,0.0,0.0,0.0,"(224, 2)","(224, 2)",ok
sample_002382,0.0,0.0,0.0,"(224, 2)","(224, 2)",ok
sample_002383,0.0,0.0,0.0,"(224, 2)","(224, 2)",ok
sample_002384,0.0,0.0,0.0,"(224, 2)","(224, 2)",ok
sample_002385,0.0,0.0,0.0,"(224, 2)","(224, 2)",ok
sample_002386,0.0,0.0,0.0,"(224, 2)","(224, 2)",ok
sample_002387,0.0,0.0,0.0,"(224, 2)","(224, 2)",ok
sample_002388,0.0,0.0,0.0,"(224, 2)","(224, 2)",ok
sample_002389,0.0,0.0,0.0,"(224, 2)","(224, 2)",ok
sample_002390,0.0,0.0,0.0,"(224, 2)","(224, 2)",ok
sample_002391,0.0,0.0,0.0,"(224, 2)","(224, 2)",ok
sample_002392,0.0,0.0,0.0,"(224, 2)","(224, 2)",ok
sample_002393,0.0,0.0,0.0,"(224, 2)","(224, 2)",ok
sample_002394,0.0,0.0,0.0,"(224, 2)","(224, 2)",ok
sample_002395,0.0,0.0,0.0,"(224, 2)","(224, 2)",ok
sample_002396,0.0,0.0,0.0,"(224, 2)","(224, 2)",ok
sample_002397,0.0,0.0,0.0,"(224, 2)","(224, 2)",ok
sample_002398,0.0,0.0,0.0,"(224, 2)","(224, 2)",ok
sample_002399,0.0,0.0,0.0,"(224, 2)","(224, 2)",ok
sample_002400,0.0,0.0,0.0,"(224, 2)","(224, 2)",ok
sample_002401,0.0,0.0,0.0,"(224, 2)","(224, 2)",ok
sample_002402,0.0,0.0,0.0,"(224, 2)","(224, 2)",ok
sample_002403,0.0,0.0,0.0,"(224, 2)","(224, 2)",ok
sample_002404,0.0,0.0,0.0,"(224, 2)","(224, 2)",ok
sample_002405,0.0,0.0,0.0,"(224, 2)","(224, 2)",ok
sample_002406,0.0,0.0,0.0,"(224, 2)","(224, 2)",ok
sample_002407,0.0,0.0,0.0,"(224, 2)","(224, 2)",ok
sample_002408,0.0,0.0,0.0,"(224, 2)","(224, 2)",ok
sample_002409,0.0,0.0,0.0,"(224, 2)","(224, 2)",ok
sample_002410,0.0,0.0,0.0,"(224, 2)","(224, 2)",ok
sample_002411,0.0,0.0,0.0,"(224, 2)","(224, 2)",ok
sample_002412,0.0,0.0,0.0,"(224, 2)","(224, 2)",ok
sample_002413,0.0,0.0,0.0,"(224, 2)","(224, 2)",ok
sample_002414,0.0,0.0,0.0,"(224, 2)","(224, 2)",ok
sample_002415,0.0,0.0,0.0,"(224, 2)","(224, 2)",ok
sample_002416,0.0,0.0,0.0,"(224, 2)","(224, 2)",ok
sample_002417,0.0,0.0,0.0,"(224, 2)","(224, 2)",ok
sample_002418,0.0,0.0,0.0,"(224, 2)","(224, 2)",ok
sample_002419,0.0,0.0,0.0,"(224, 2)","(224, 2)",ok
sample_002420,0.0,0.0,0.0,"(224, 2)","(224, 2)",ok
sample_002421,0.0,0.0,0.0,"(224, 2)","(224, 2)",ok
sample_002422,0.0,0.0,0.0,"(224, 2)","(224, 2)",ok
sample_002423,0.0,0.0,0.0,"(224, 2)","(224, 2)",ok
sample_002424,0.0,0.0,0.0,"(224, 2)","(224, 2)",ok
sample_002425,0.0,0.0,0.0,"(224, 2)","(224, 2)",ok
sample_002426,0.0,0.0,0.0,"(224, 2)","(224, 2)",ok
sample_002427,0.0,0.0,0.0,"(224, 2)","(224, 2)",ok
sample_002428,0.0,0.0,0.0,"(224, 2)","(224, 2)",ok
sample_002429,0.0,0.0,0.0,"(224, 2)","(224, 2)",ok
sample_002430,0.0,0.0,0.0,"(224, 2)","(224, 2)",ok
sample_002431,0.0,0.0,0.0,"(224, 2)","(224, 2)",ok
sample_002432,0.0,0.0,0.0,"(224, 2)","(224, 2)",ok
sample_002433,0.0,0.0,0.0,"(224, 2)","(224, 2)",ok
sample_002434,0.0,0.0,0.0,"(224, 2)","(224, 2)",ok
sample_002435,0.0,0.0,0.0,"(224, 2)","(224, 2)",ok
sample_002436,0.0,0.0,0.0,"(224, 2)","(224, 2)",ok
sample_002437,0.0,0.0,0.0,"(224, 2)","(224, 2)",ok
sample_002438,0.0,0.0,0.0,"(224, 2)","(224, 2)",ok
sample_002439,0.0,0.0,0.0,"(224, 2)","(224, 2)",ok
sample_002440,0.0,0.0,0.0,"(224, 2)","(224, 2)",ok
sample_002441,0.0,0.0,0.0,"(224, 2)","(224, 2)",ok
sample_002442,0.0,0.0,0.0,"(224, 2)","(224, 2)",ok
sample_002443,0.0,0.0,0.0,"(224, 2)","(224, 2)",ok
sample_002444,0.0,0.0,0.0,"(224, 2)","(224, 2)",ok
sample_002445,0.0,0.0,0.0,"(224, 2)","(224, 2)",ok
sample_002446,0.0,0.0,0.0,"(224, 2)","(224, 2)",ok
sample_002447,0.0,0.0,0.0,"(224, 2)","(224, 2)",ok
sample_002448,0.0,0.0,0.0,"(224, 2)","(224, 2)",ok
sample_002449,0.0,0.0,0.0,"(224, 2)","(224, 2)",ok
sample_002450,0.0,0.0,0.0,"(224, 2)","(224, 2)",ok
sample_002451,0.0,0.0,0.0,"(224, 2)","(224, 2)",ok
sample_002452,0.0,0.0,0.0,"(224, 2)","(224, 2)",ok
sample_002453,0.0,0.0,0.0,"(224, 2)","(224, 2)",ok
sample_002454,0.0,0.0,0.0,"(224, 2)","(224, 2)",ok
sample_002455,0.0,0.0,0.0,"(224, 2)","(224, 2)",ok
sample_002456,0.0,0.0,0.0,"(224, 2)","(224, 2)",ok
sample_002457,0.0,0.0,0.0,"(224, 2)","(224, 2)",ok
sample_002458,0.0,0.0,0.0,"(224, 2)","(224, 2)",ok
sample_002459,0.0,0.0,0.0,"(224, 2)","(224, 2)",ok
sample_002460,0.0,0.0,0.0,"(224, 2)","(224, 2)",ok
sample_002461,0.0,0.0,0.0,"(224, 2)","(224, 2)",ok
sample_002462,0.0,0.0,0.0,"(224, 2)","(224, 2)",ok
sample_002463,0.0,0.0,0.0,"(224, 2)","(224, 2)",ok
sample_002464,0.0,0.0,0.0,"(224, 2)","(224, 2)",ok
sample_002465,0.0,0.0,0.0,"(224, 2)","(224, 2)",ok
sample_002466,0.0,0.0,0.0,"(224, 2)","(224, 2)",ok
sample_002467,0.0,0.0,0.0,"(224, 2)","(224, 2)",ok
sample_002468,0.0,0.0,0.0,"(224, 2)","(224, 2)",ok
sample_002469,0.0,0.0,0.0,"(224, 2)","(224, 2)",ok
sample_002470,0.0,0.0,0.0,"(224, 2)","(224, 2)",ok
sample_002471,0.0,0.0,0.0,"(224, 2)","(224, 2)",ok
sample_002472,0.0,0.0,0.0,"(224, 2)","(224, 2)",ok
sample_002473,0.0,0.0,0.0,"(224, 2)","(224, 2)",ok
sample_002474,0.0,0.0,0.0,"(224, 2)","(224, 2)",ok
sample_002475,0.0,0.0,0.0,"(224, 2)","(224, 2)",ok
sample_002476,0.0,0.0,0.0,"(224, 2)","(224, 2)",ok
sample_002477,0.0,0.0,0.0,"(224, 2)","(224, 2)",ok
sample_002478,0.0,0.0,0.0,"(224, 2)","(224, 2)",ok
sample_002479,0.0,0.0,0.0,"(224, 2)","(224, 2)",ok
sample_002480,0.0,0.0,0.0,"(224, 2)","(224, 2)",ok
sample_002481,0.0,0.0,0.0,"(224, 2)","(224, 2)",ok
sample_002482,0.0,0.0,0.0,"(224, 2)","(224, 2)",ok
sample_002483,0.0,0.0,0.0,"(224, 2)","(224, 2)",ok
sample_002484,0.0,0.0,0.0,"(224, 2)","(224, 2)",ok
sample_002485,0.0,0.0,0.0,"(224, 2)","(224, 2)",ok
sample_002486,0.0,0.0,0.0,"(224, 2)","(224, 2)",ok
sample_002487,0.0,0.0,0.0,"(224, 2)","(224, 2)",ok
sample_002488,0.0,0.0,0.0,"(224, 2)","(224, 2)",ok
sample_002489,0.0,0.0,0.0,"(224, 2)","(224, 2)",ok
sample_002490,0.0,0.0,0.0,"(224, 2)","(224, 2)",ok
sample_002491,0.0,0.0,0.0,"(224, 2)","(224, 2)",ok
sample_002492,0.0,0.0,0.0,"(224, 2)","(224, 2)",ok
sample_002493,0.0,0.0,0.0,"(224, 2)","(224, 2)",ok
sample_002494,0.0,0.0,0.0,"(224, 2)","(224, 2)",ok
sample_002495,0.0,0.0,0.0,"(224, 2)","(224, 2)",ok
sample_002496,0.0,0.0,0.0,"(224, 2)","(224, 2)",ok
sample_002497,0.0,0.0,0.0,"(224, 2)","(224, 2)",ok
sample_002498,0.0,0.0,0.0,"(224, 2)","(224, 2)",ok
sample_002499,0.0,0.0,0.0,"(224, 2)","(224, 2)",ok
sample_002500,0.0,0.0,0.0,"(224, 2)","(224, 2)",ok
sample_002501,0.0,0.0,0.0,"(224, 2)","(224, 2)",ok
sample_002502,0.0,0.0,0.0,"(224, 2)","(224, 2)",ok
sample_002503,0.0,0.0,0.0,"(224, 2)","(224, 2)",ok
sample_002504,0.0,0.0,0.0,"(224, 2)","(224, 2)",ok
sample_002505,0.0,0.0,0.0,"(224, 2)","(224, 2)",ok
sample_002506,0.0,0.0,0.0,"(224, 2)","(224, 2)",ok
sample_002507,0.0,0.0,0.0,"(224, 2)","(224, 2)",ok
sample_002508,0.0,0.0,0.0,"(224, 2)","(224, 2)",ok
sample_002509,0.0,0.0,0.0,"(224, 2)","(224, 2)",ok
sample_002510,0.0,0.0,0.0,"(224, 2)","(224, 2)",ok
sample_002511,0.0,0.0,0.0,"(224, 2)","(224, 2)",ok
sample_002512,0.0,0.0,0.0,"(224, 2)","(224, 2)",ok
sample_002513,0.0,0.0,0.0,"(224, 2)","(224, 2)",ok
sample_002514,0.0,0.0,0.0,"(224, 2)","(224, 2)",ok
sample_002515,0.0,0.0,0.0,"(224, 2)","(224, 2)",ok
sample_002516,0.0,0.0,0.0,"(224, 2)","(224, 2)",ok
sample_002517,0.0,0.0,0.0,"(224, 2)","(224, 2)",ok
sample_002518,0.0,0.0,0.0,"(224, 2)","(224, 2)",ok
sample_002519,0.0,0.0,0.0,"(224, 2)","(224, 2)",ok
sample_002520,0.0,0.0,0.0,"(224, 2)","(224, 2)",ok
sample_002521,0.0,0.0,0.0,"(224, 2)","(224, 2)",ok
sample_002522,0.0,0.0,0.0,"(224, 2)","(224, 2)",ok
sample_002523,0.0,0.0,0.0,"(224, 2)","(224, 2)",ok
sample_002524,0.0,0.0,0.0,"(224, 2)","(224, 2)",ok
sample_002525,0.0,0.0,0.0,"(224, 2)","(224, 2)",ok
sample_002526,0.0,0.0,0.0,"(224, 2)","(224, 2)",ok
sample_002527,0.0,0.0,0.0,"(224, 2)","(224, 2)",ok
sample_002528,0.0,0.0,0.0,"(224, 2)","(224, 2)",ok
sample_002529,0.0,0.0,0.0,"(224, 2)","(224, 2)",ok
sample_002530,0.0,0.0,0.0,"(224, 2)","(224, 2)",ok
sample_002531,0.0,0.0,0.0,"(224, 2)","(224, 2)",ok
sample_002532,0.0,0.0,0.0,"(224, 2)","(224, 2)",ok
sample_002533,0.0,0.0,0.0,"(224, 2)","(224, 2)",ok
sample_002534,0.0,0.0,0.0,"(224, 2)","(224, 2)",ok
sample_002535,0.0,0.0,0.0,"(224, 2)","(224, 2)",ok
sample_002536,0.0,0.0,0.0,"(224, 2)","(224, 2)",ok
sample_002537,0.0,0.0,0.0,"(224, 2)","(224, 2)",ok
sample_002538,0.0,0.0,0.0,"(224, 2)","(224, 2)",ok
sample_002539,0.0,0.0,0.0,"(224, 2)","(224, 2)",ok
sample_002540,0.0,0.0,0.0,"(224, 2)","(224, 2)",ok
sample_002541,0.0,0.0,0.0,"(224, 2)","(224, 2)",ok
sample_002542,0.0,0.0,0.0,"(224, 2)","(224, 2)",ok
sample_002543,0.0,0.0,0.0,"(224, 2)","(224, 2)",ok
sample_002544,0.0,0.0,0.0,"(224, 2)","(224, 2)",ok
sample_002545,0.0,0.0,0.0,"(224, 2)","(224, 2)",ok
sample_002546,0.0,0.0,0.0,"(224, 2)","(224, 2)",ok
sample_002547,0.0,0.0,0.0,"(224, 2)","(224, 2)",ok
sample_002548,0.0,0.0,0.0,"(224, 2)","(224, 2)",ok
sample_002549,0.0,0.0,0.0,"(224, 2)","(224, 2)",ok
sample_002550,0.0,0.0,0.0,"(224, 2)","(224, 2)",ok
sample_002551,0.0,0.0,0.0,"(224, 2)","(224, 2)",ok
sample_002552,0.0,0.0,0.0,"(224, 2)","(224, 2)",ok
sample_002553,0.0,0.0,0.0,"(224, 2)","(224, 2)",ok
sample_002554,0.0,0.0,0.0,"(224, 2)","(224, 2)",ok
sample_002555,0.0,0.0,0.0,"(224, 2)","(224, 2)",ok
sample_002556,0.0,0.0,0.0,"(224, 2)","(224, 2)",ok
sample_002557,0.0,0.0,0.0,"(224, 2)","(224, 2)",ok
sample_002558,0.0,0.0,0.0,"(224, 2)","(224, 2)",ok
sample_002559,0.0,0.0,0.0,"(224, 2)","(224, 2)",ok
sample_002560,0.0,0.0,0.0,"(224, 2)","(224, 2)",ok
sample_002561,0.0,0.0,0.0,"(224, 2)","(224, 2)",ok
sample_002562,0.0,0.0,0.0,"(224, 2)","(224, 2)",ok
sample_002563,0.0,0.0,0.0,"(224, 2)","(224, 2)",ok
sample_002564,0.0,0.0,0.0,"(224, 2)","(224, 2)",ok
sample_002565,0.0,0.0,0.0,"(224, 2)","(224, 2)",ok
sample_002566,0.0,0.0,0.0,"(224, 2)","(224, 2)",ok
sample_002567,0.0,0.0,0.0,"(224, 2)","(224, 2)",ok
sample_002568,0.0,0.0,0.0,"(224, 2)","(224, 2)",ok
sample_002569,0.0,0.0,0.0,"(224, 2)","(224, 2)",ok
sample_002570,0.0,0.0,0.0,"(224, 2)","(224, 2)",ok
sample_002571,0.0,0.0,0.0,"(224, 2)","(224, 2)",ok
sample_002572,0.0,0.0,0.0,"(224, 2)","(224, 2)",ok
sample_002573,0.0,0.0,0.0,"(224, 2)","(224, 2)",ok
sample_002574,0.0,0.0,0.0,"(224, 2)","(224, 2)",ok
sample_002575,0.0,0.0,0.0,"(224, 2)","(224, 2)",ok
sample_002576,0.0,0.0,0.0,"(224, 2)","(224, 2)",ok
sample_002577,0.0,0.0,0.0,"(224, 2)","(224, 2)",ok
sample_002578,0.0,0.0,0.0,"(224, 2)","(224, 2)",ok
sample_002579,0.0,0.0,0.0,"(224, 2)","(224, 2)",ok
sample_002580,0.0,0.0,0.0,"(224, 2)","(224, 2)",ok
sample_002581,0.0,0.0,0.0,"(224, 2)","(224, 2)",ok
sample_002582,0.0,0.0,0.0,"(224, 2)","(224, 2)",ok
sample_002583,0.0,0.0,0.0,"(224, 2)","(224, 2)",ok
sample_002584,0.0,0.0,0.0,"(224, 2)","(224, 2)",ok
sample_002585,0.0,0.0,0.0,"(224, 2)","(224, 2)",ok
sample_002586,0.0,0.0,0.0,"(224, 2)","(224, 2)",ok
sample_002587,0.0,0.0,0.0,"(224, 2)","(224, 2)",ok
sample_002588,0.0,0.0,0.0,"(224, 2)","(224, 2)",ok
sample_002589,0.0,0.0,0.0,"(224, 2)","(224, 2)",ok
sample_002590,0.0,0.0,0.0,"(224, 2)","(224, 2)",ok
sample_002591,0.0,0.0,0.0,"(224, 2)","(224, 2)",ok
sample_002592,0.0,0.0,0.0,"(224, 2)","(224, 2)",ok
sample_002593,0.0,0.0,0.0,"(224, 2)","(224, 2)",ok
sample_002594,0.0,0.0,0.0,"(224, 2)","(224, 2)",ok
sample_002595,0.0,0.0,0.0,"(224, 2)","(224, 2)",ok
sample_002596,0.0,0.0,0.0,"(224, 2)","(224, 2)",ok
sample_002597,0.0,0.0,0.0,"(224, 2)","(224, 2)",ok
sample_002598,0.0,0.0,0.0,"(224, 2)","(224, 2)",ok
sample_002599,0.0,0.0,0.0,"(224, 2)","(224, 2)",ok
sample_002600,0.0,0.0,0.0,"(224, 2)","(224, 2)",ok
sample_002601,0.0,0.0,0.0,"(224, 2)","(224, 2)",ok
sample_002602,0.0,0.0,0.0,"(224, 2)","(224, 2)",ok
sample_002603,0.0,0.0,0.0,"(224, 2)","(224, 2)",ok
sample_002604,0.0,0.0,0.0,"(224, 2)","(224, 2)",ok
sample_002605,0.0,0.0,0.0,"(224, 2)","(224, 2)",ok
sample_002606,0.0,0.0,0.0,"(224, 2)","(224, 2)",ok
sample_002607,0.0,0.0,0.0,"(224, 2)","(224, 2)",ok
sample_002608,0.0,0.0,0.0,"(224, 2)","(224, 2)",ok
sample_002609,0.0,0.0,0.0,"(224, 2)","(224, 2)",ok
sample_002610,0.0,0.0,0.0,"(224, 2)","(224, 2)",ok
sample_002611,0.0,0.0,0.0,"(224, 2)","(224, 2)",ok
sample_002612,0.0,0.0,0.0,"(224, 2)","(224, 2)",ok
sample_002613,0.0,0.0,0.0,"(224, 2)","(224, 2)",ok
sample_002614,0.0,0.0,0.0,"(224, 2)","(224, 2)",ok
sample_002615,0.0,0.0,0.0,"(224, 2)","(224, 2)",ok
sample_002616,0.0,0.0,0.0,"(224, 2)","(224, 2)",ok
sample_002617,0.0,0.0,0.0,"(224, 2)","(224, 2)",ok
sample_002618,0.0,0.0,0.0,"(224, 2)","(224, 2)",ok
sample_002619,0.0,0.0,0.0,"(224, 2)","(224, 2)",ok
sample_002620,0.0,0.0,0.0,"(224, 2)","(224, 2)",ok
sample_002621,0.0,0.0,0.0,"(224, 2)","(224, 2)",ok
sample_002622,0.0,0.0,0.0,"(224, 2)","(224, 2)",ok
sample_002623,0.0,0.0,0.0,"(224, 2)","(224, 2)",ok
sample_002624,0.0,0.0,0.0,"(224, 2)","(224, 2)",ok
sample_002625,0.0,0.0,0.0,"(224, 2)","(224, 2)",ok
sample_002626,0.0,0.0,0.0,"(224, 2)","(224, 2)",ok
sample_002627,0.0,0.0,0.0,"(224, 2)","(224, 2)",ok
sample_002628,0.0,0.0,0.0,"(224, 2)","(224, 2)",ok
sample_002629,0.0,0.0,0.0,"(224, 2)","(224, 2)",ok
sample_002630,0.0,0.0,0.0,"(224, 2)","(224, 2)",ok
sample_002631,0.0,0.0,0.0,"(224, 2)","(224, 2)",ok
sample_002632,0.0,0.0,0.0,"(224, 2)","(224, 2)",ok
sample_002633,0.0,0.0,0.0,"(224, 2)","(224, 2)",ok
sample_002634,0.0,0.0,0.0,"(224, 2)","(224, 2)",ok
sample_002635,0.0,0.0,0.0,"(224, 2)","(224, 2)",ok
sample_002636,0.0,0.0,0.0,"(224, 2)","(224, 2)",ok
sample_002637,0.0,0.0,0.0,"(224, 2)","(224, 2)",ok
sample_002638,0.0,0.0,0.0,"(224, 2)","(224, 2)",ok
sample_002639,0.0,0.0,0.0,"(224, 2)","(224, 2)",ok
sample_002640,0.0,0.0,0.0,"(224, 2)","(224, 2)",ok
sample_002641,0.0,0.0,0.0,"(224, 2)","(224, 2)",ok
sample_002642,0.0,0.0,0.0,"(224, 2)","(224, 2)",ok
sample_002643,0.0,0.0,0.0,"(224, 2)","(224, 2)",ok
sample_002644,0.0,0.0,0.0,"(224, 2)","(224, 2)",ok
sample_002645,0.0,0.0,0.0,"(224, 2)","(224, 2)",ok
sample_002646,0.0,0.0,0.0,"(224, 2)","(224, 2)",ok
sample_002647,0.0,0.0,0.0,"(224, 2)","(224, 2)",ok
sample_002648,0.0,0.0,0.0,"(224, 2)","(224, 2)",ok
sample_002649,0.0,0.0,0.0,"(224, 2)","(224, 2)",ok
sample_002650,0.0,0.0,0.0,"(224, 2)","(224, 2)",ok
sample_002651,0.0,0.0,0.0,"(224, 2)","(224, 2)",ok
sample_002652,0.0,0.0,0.0,"(224, 2)","(224, 2)",ok
sample_002653,0.0,0.0,0.0,"(224, 2)","(224, 2)",ok
sample_002654,0.0,0.0,0.0,"(224, 2)","(224, 2)",ok
sample_002655,0.0,0.0,0.0,"(224, 2)","(224, 2)",ok
sample_002656,0.0,0.0,0.0,"(224, 2)","(224, 2)",ok
sample_002657,0.0,0.0,0.0,"(224, 2)","(224, 2)",ok
sample_002658,0.0,0.0,0.0,"(224, 2)","(224, 2)",ok
sample_002659,0.0,0.0,0.0,"(224, 2)","(224, 2)",ok
sample_002660,0.0,0.0,0.0,"(224, 2)","(224, 2)",ok
sample_002661,0.0,0.0,0.0,"(224, 2)","(224, 2)",ok
sample_002662,0.0,0.0,0.0,"(224, 2)","(224, 2)",ok
sample_002663,0.0,0.0,0.0,"(224, 2)","(224, 2)",ok
sample_002664,0.0,0.0,0.0,"(224, 2)","(224, 2)",ok
sample_002665,0.0,0.0,0.0,"(224, 2)","(224, 2)",ok
sample_002666,0.0,0.0,0.0,"(224, 2)","(224, 2)",ok
sample_002667,0.0,0.0,0.0,"(224, 2)","(224, 2)",ok
sample_002668,0.0,0.0,0.0,"(224, 2)","(224, 2)",ok
sample_002669,0.0,0.0,0.0,"(224, 2)","(224, 2)",ok
sample_002670,0.0,0.0,0.0,"(224, 2)","(224, 2)",ok
sample_002671,0.0,0.0,0.0,"(224, 2)","(224, 2)",ok
sample_002672,0.0,0.0,0.0,"(224, 2)","(224, 2)",ok
sample_002673,0.0,0.0,0.0,"(224, 2)","(224, 2)",ok
sample_002674,0.0,0.0,0.0,"(224, 2)","(224, 2)",ok
sample_002675,0.0,0.0,0.0,"(224, 2)","(224, 2)",ok
sample_002676,0.0,0.0,0.0,"(224, 2)","(224, 2)",ok
sample_002677,0.0,0.0,0.0,"(224, 2)","(224, 2)",ok
sample_002678,0.0,0.0,0.0,"(224, 2)","(224, 2)",ok
sample_002679,0.0,0.0,0.0,"(224, 2)","(224, 2)",ok
sample_002680,0.0,0.0,0.0,"(224, 2)","(224, 2)",ok
sample_002681,0.0,0.0,0.0,"(224, 2)","(224, 2)",ok
sample_002682,0.0,0.0,0.0,"(224, 2)","(224, 2)",ok
sample_002683,0.0,0.0,0.0,"(224, 2)","(224, 2)",ok
sample_002684,0.0,0.0,0.0,"(224, 2)","(224, 2)",ok
sample_002685,0.0,0.0,0.0,"(224, 2)","(224, 2)",ok
sample_002686,0.0,0.0,0.0,"(224, 2)","(224, 2)",ok
sample_002687,0.0,0.0,0.0,"(224, 2)","(224, 2)",ok
sample_002688,0.0,0.0,0.0,"(224, 2)","(224, 2)",ok
sample_002689,0.0,0.0,0.0,"(224, 2)","(224, 2)",ok
sample_002690,0.0,0.0,0.0,"(224, 2)","(224, 2)",ok
sample_002691,0.0,0.0,0.0,"(224, 2)","(224, 2)",ok
sample_002692,0.0,0.0,0.0,"(224, 2)","(224, 2)",ok
sample_002693,0.0,0.0,0.0,"(224, 2)","(224, 2)",ok
sample_002694,0.0,0.0,0.0,"(224, 2)","(224, 2)",ok
sample_002695,0.0,0.0,0.0,"(224, 2)","(224, 2)",ok
sample_002696,0.0,0.0,0.0,"(224, 2)","(224, 2)",ok
sample_002697,0.0,0.0,0.0,"(224, 2)","(224, 2)",ok
sample_002698,0.0,0.0,0.0,"(224, 2)","(224, 2)",ok
sample_002699,0.0,0.0,0.0,"(224, 2)","(224, 2)",ok
sample_002700,0.0,0.0,0.0,"(224, 2)","(224, 2)",ok
sample_002701,0.0,0.0,0.0,"(224, 2)","(224, 2)",ok
sample_002702,0.0,0.0,0.0,"(224, 2)","(224, 2)",ok
sample_002703,0.0,0.0,0.0,"(224, 2)","(224, 2)",ok
sample_002704,0.0,0.0,0.0,"(224, 2)","(224, 2)",ok
sample_002705,0.0,0.0,0.0,"(224, 2)","(224, 2)",ok
sample_002706,0.0,0.0,0.0,"(224, 2)","(224, 2)",ok
sample_002707,0.0,0.0,0.0,"(224, 2)","(224, 2)",ok
sample_002708,0.0,0.0,0.0,"(224, 2)","(224, 2)",ok
sample_002709,0.0,0.0,0.0,"(224, 2)","(224, 2)",ok
sample_002710,0.0,0.0,0.0,"(224, 2)","(224, 2)",ok
sample_002711,0.0,0.0,0.0,"(224, 2)","(224, 2)",ok
sample_002712,0.0,0.0,0.0,"(224, 2)","(224, 2)",ok
sample_002713,0.0,0.0,0.0,"(224, 2)","(224, 2)",ok
sample_002714,0.0,0.0,0.0,"(224, 2)","(224, 2)",ok
sample_002715,0.0,0.0,0.0,"(224, 2)","(224, 2)",ok
sample_002716,0.0,0.0,0.0,"(224, 2)","(224, 2)",ok
sample_002717,0.0,0.0,0.0,"(224, 2)","(224, 2)",ok
sample_002718,0.0,0.0,0.0,"(224, 2)","(224, 2)",ok
sample_002719,0.0,0.0,0.0,"(224, 2)","(224, 2)",ok
sample_002720,0.0,0.0,0.0,"(224, 2)","(224, 2)",ok
sample_002721,0.0,0.0,0.0,"(224, 2)","(224, 2)",ok
sample_002722,0.0,0.0,0.0,"(224, 2)","(224, 2)",ok
sample_002723,0.0,0.0,0.0,"(224, 2)","(224, 2)",ok
sample_002724,0.0,0.0,0.0,"(224, 2)","(224, 2)",ok
sample_002725,0.0,0.0,0.0,"(224, 2)","(224, 2)",ok
sample_002726,0.0,0.0,0.0,"(224, 2)","(224, 2)",ok
sample_002727,0.0,0.0,0.0,"(224, 2)","(224, 2)",ok
sample_002728,0.0,0.0,0.0,"(224, 2)","(224, 2)",ok
sample_002729,0.0,0.0,0.0,"(224, 2)","(224, 2)",ok
sample_002730,0.0,0.0,0.0,"(224, 2)","(224, 2)",ok
sample_002731,0.0,0.0,0.0,"(224, 2)","(224, 2)",ok
sample_002732,0.0,0.0,0.0,"(224, 2)","(224, 2)",ok
sample_002733,0.0,0.0,0.0,"(224, 2)","(224, 2)",ok
sample_002734,0.0,0.0,0.0,"(224, 2)","(224, 2)",ok
sample_002735,0.0,0.0,0.0,"(224, 2)","(224, 2)",ok
sample_002736,0.0,0.0,0.0,"(224, 2)","(224, 2)",ok
sample_002737,0.0,0.0,0.0,"(224, 2)","(224, 2)",ok
sample_002738,0.0,0.0,0.0,"(224, 2)","(224, 2)",ok
sample_002739,0.0,0.0,0.0,"(224, 2)","(224, 2)",ok
sample_002740,0.0,0.0,0.0,"(224, 2)","(224, 2)",ok
sample_002741,0.0,0.0,0.0,"(224, 2)","(224, 2)",ok
sample_002742,0.0,0.0,0.0,"(224, 2)","(224, 2)",ok
sample_002743,0.0,0.0,0.0,"(224, 2)","(224, 2)",ok
sample_002744,0.0,0.0,0.0,"(224, 2)","(224, 2)",ok
sample_002745,0.0,0.0,0.0,"(224, 2)","(224, 2)",ok
sample_002746,0.0,0.0,0.0,"(224, 2)","(224, 2)",ok
sample_002747,0.0,0.0,0.0,"(224, 2)","(224, 2)",ok
sample_002748,0.0,0.0,0.0,"(224, 2)","(224, 2)",ok
sample_002749,0.0,0.0,0.0,"(224, 2)","(224, 2)",ok
sample_002750,0.0,0.0,0.0,"(224, 2)","(224, 2)",ok
sample_002751,0.0,0.0,0.0,"(224, 2)","(224, 2)",ok
sample_002752,0.0,0.0,0.0,"(224, 2)","(224, 2)",ok
sample_002753,0.0,0.0,0.0,"(224, 2)","(224, 2)",ok
sample_002754,0.0,0.0,0.0,"(224, 2)","(224, 2)",ok
sample_002755,0.0,0.0,0.0,"(224, 2)","(224, 2)",ok
sample_002756,0.0,0.0,0.0,"(224, 2)","(224, 2)",ok
sample_002757,0.0,0.0,0.0,"(224, 2)","(224, 2)",ok
sample_002758,0.0,0.0,0.0,"(224, 2)","(224, 2)",ok
sample_002759,0.0,0.0,0.0,"(224, 2)","(224, 2)",ok
sample_002760,0.0,0.0,0.0,"(224, 2)","(224, 2)",ok
sample_002761,0.0,0.0,0.0,"(224, 2)","(224, 2)",ok
sample_002762,0.0,0.0,0.0,"(224, 2)","(224, 2)",ok
sample_002763,0.0,0.0,0.0,"(224, 2)","(224, 2)",ok
sample_002764,0.0,0.0,0.0,"(224, 2)","(224, 2)",ok
sample_002765,0.0,0.0,0.0,"(224, 2)","(224, 2)",ok
sample_002766,0.0,0.0,0.0,"(224, 2)","(224, 2)",ok
sample_002767,0.0,0.0,0.0,"(224, 2)","(224, 2)",ok
sample_002768,0.0,0.0,0.0,"(224, 2)","(224, 2)",ok
sample_002769,0.0,0.0,0.0,"(224, 2)","(224, 2)",ok
sample_002770,0.0,0.0,0.0,"(224, 2)","(224, 2)",ok
sample_002771,0.0,0.0,0.0,"(224, 2)","(224, 2)",ok
sample_002772,0.0,0.0,0.0,"(224, 2)","(224, 2)",ok
sample_002773,0.0,0.0,0.0,"(224, 2)","(224, 2)",ok
sample_002774,0.0,0.0,0.0,"(224, 2)","(224, 2)",ok
sample_002775,0.0,0.0,0.0,"(224, 2)","(224, 2)",ok
sample_002776,0.0,0.0,0.0,"(224, 2)","(224, 2)",ok
sample_002777,0.0,0.0,0.0,"(224, 2)","(224, 2)",ok
sample_002778,0.0,0.0,0.0,"(224, 2)","(224, 2)",ok
sample_002779,0.0,0.0,0.0,"(224, 2)","(224, 2)",ok
sample_002780,0.0,0.0,0.0,"(224, 2)","(224, 2)",ok
sample_002781,0.0,0.0,0.0,"(224, 2)","(224, 2)",ok
sample_002782,0.0,0.0,0.0,"(224, 2)","(224, 2)",ok
sample_002783,0.0,0.0,0.0,"(224, 2)","(224, 2)",ok
sample_002784,0.0,0.0,0.0,"(224, 2)","(224, 2)",ok
sample_002785,0.0,0.0,0.0,"(224, 2)","(224, 2)",ok
sample_002786,0.0,0.0,0.0,"(224, 2)","(224, 2)",ok
sample_002787,0.0,0.0,0.0,"(224, 2)","(224, 2)",ok
sample_002788,0.0,0.0,0.0,"(224, 2)","(224, 2)",ok
sample_002789,0.0,0.0,0.0,"(224, 2)","(224, 2)",ok
sample_002790,0.0,0.0,0.0,"(224, 2)","(224, 2)",ok
sample_002791,0.0,0.0,0.0,"(224, 2)","(224, 2)",ok
sample_002792,0.0,0.0,0.0,"(224, 2)","(224, 2)",ok
sample_002793,0.0,0.0,0.0,"(224, 2)","(224, 2)",ok
sample_002794,0.0,0.0,0.0,"(224, 2)","(224, 2)",ok
sample_002795,0.0,0.0,0.0,"(224, 2)","(224, 2)",ok
sample_002796,0.0,0.0,0.0,"(224, 2)","(224, 2)",ok
sample_002797,0.0,0.0,0.0,"(224, 2)","(224, 2)",ok
sample_002798,0.0,0.0,0.0,"(224, 2)","(224, 2)",ok
sample_002799,0.0,0.0,0.0,"(224, 2)","(224, 2)",ok
sample_002800,0.0,0.0,0.0,"(224, 2)","(224, 2)",ok
sample_002801,0.0,0.0,0.0,"(224, 2)","(224, 2)",ok
sample_002802,0.0,0.0,0.0,"(224, 2)","(224, 2)",ok
sample_002803,0.0,0.0,0.0,"(224, 2)","(224, 2)",ok
sample_002804,0.0,0.0,0.0,"(224, 2)","(224, 2)",ok
sample_002805,0.0,0.0,0.0,"(224, 2)","(224, 2)",ok
sample_002806,0.0,0.0,0.0,"(224, 2)","(224, 2)",ok
sample_002807,0.0,0.0,0.0,"(224, 2)","(224, 2)",ok
sample_002808,0.0,0.0,0.0,"(224, 2)","(224, 2)",ok
sample_002809,0.0,0.0,0.0,"(224, 2)","(224, 2)",ok
sample_002810,0.0,0.0,0.0,"(224, 2)","(224, 2)",ok
sample_002811,0.0,0.0,0.0,"(224, 2)","(224, 2)",ok
sample_002812,0.0,0.0,0.0,"(224, 2)","(224, 2)",ok
sample_002813,0.0,0.0,0.0,"(224, 2)","(224, 2)",ok
sample_002814,0.0,0.0,0.0,"(224, 2)","(224, 2)",ok
sample_002815,0.0,0.0,0.0,"(224, 2)","(224, 2)",ok
sample_002816,0.0,0.0,0.0,"(224, 2)","(224, 2)",ok
sample_002817,0.0,0.0,0.0,"(224, 2)","(224, 2)",ok
sample_002818,0.0,0.0,0.0,"(224, 2)","(224, 2)",ok
sample_002819,0.0,0.0,0.0,"(224, 2)","(224, 2)",ok
sample_002820,0.0,0.0,0.0,"(224, 2)","(224, 2)",ok
sample_002821,0.0,0.0,0.0,"(224, 2)","(224, 2)",ok
sample_002822,0.0,0.0,0.0,"(224, 2)","(224, 2)",ok
sample_002823,0.0,0.0,0.0,"(224, 2)","(224, 2)",ok
sample_002824,0.0,0.0,0.0,"(224, 2)","(224, 2)",ok
sample_002825,0.0,0.0,0.0,"(224, 2)","(224, 2)",ok
sample_002826,0.0,0.0,0.0,"(224, 2)","(224, 2)",ok
sample_002827,0.0,0.0,0.0,"(224, 2)","(224, 2)",ok
sample_002828,0.0,0.0,0.0,"(224, 2)","(224, 2)",ok
sample_002829,0.0,0.0,0.0,"(224, 2)","(224, 2)",ok
sample_002830,0.0,0.0,0.0,"(224, 2)","(224, 2)",ok
sample_002831,0.0,0.0,0.0,"(224, 2)","(224, 2)",ok
sample_002832,0.0,0.0,0.0,"(224, 2)","(224, 2)",ok
sample_002833,0.0,0.0,0.0,"(224, 2)","(224, 2)",ok
sample_002834,0.0,0.0,0.0,"(224, 2)","(224, 2)",ok
sample_002835,0.0,0.0,0.0,"(224, 2)","(224, 2)",ok
sample_002836,0.0,0.0,0.0,"(224, 2)","(224, 2)",ok
sample_002837,0.0,0.0,0.0,"(224, 2)","(224, 2)",ok
sample_002838,0.0,0.0,0.0,"(224, 2)","(224, 2)",ok
sample_002839,0.0,0.0,0.0,"(224, 2)","(224, 2)",ok
sample_002840,0.0,0.0,0.0,"(224, 2)","(224, 2)",ok
sample_002841,0.0,0.0,0.0,"(224, 2)","(224, 2)",ok
sample_002842,0.0,0.0,0.0,"(224, 2)","(224, 2)",ok
sample_002843,0.0,0.0,0.0,"(224, 2)","(224, 2)",ok
sample_002844,0.0,0.0,0.0,"(224, 2)","(224, 2)",ok
sample_002845,0.0,0.0,0.0,"(224, 2)","(224, 2)",ok
sample_002846,0.0,0.0,0.0,"(224, 2)","(224, 2)",ok
sample_002847,0.0,0.0,0.0,"(224, 2)","(224, 2)",ok
sample_002848,0.0,0.0,0.0,"(224, 2)","(224, 2)",ok
sample_002849,0.0,0.0,0.0,"(224, 2)","(224, 2)",ok
sample_002850,0.0,0.0,0.0,"(224, 2)","(224, 2)",ok
sample_002851,0.0,0.0,0.0,"(224, 2)","(224, 2)",ok
sample_002852,0.0,0.0,0.0,"(224, 2)","(224, 2)",ok
sample_002853,0.0,0.0,0.0,"(224, 2)","(224, 2)",ok
sample_002854,0.0,0.0,0.0,"(224, 2)","(224, 2)",ok
sample_002855,0.0,0.0,0.0,"(224, 2)","(224, 2)",ok
sample_002856,0.0,0.0,0.0,"(224, 2)","(224, 2)",ok
sample_002857,0.0,0.0,0.0,"(224, 2)","(224, 2)",ok
sample_002858,0.0,0.0,0.0,"(224, 2)","(224, 2)",ok
sample_002859,0.0,0.0,0.0,"(224, 2)","(224, 2)",ok
sample_002860,0.0,0.0,0.0,"(224, 2)","(224, 2)",ok
sample_002861,0.0,0.0,0.0,"(224, 2)","(224, 2)",ok
sample_002862,0.0,0.0,0.0,"(224, 2)","(224, 2)",ok
sample_002863,0.0,0.0,0.0,"(224, 2)","(224, 2)",ok
sample_002864,0.0,0.0,0.0,"(224, 2)","(224, 2)",ok
sample_002865,0.0,0.0,0.0,"(224, 2)","(224, 2)",ok
sample_002866,0.0,0.0,0.0,"(224, 2)","(224, 2)",ok
sample_002867,0.0,0.0,0.0,"(224, 2)","(224, 2)",ok
sample_002868,0.0,0.0,0.0,"(224, 2)","(224, 2)",ok
sample_002869,0.0,0.0,0.0,"(224, 2)","(224, 2)",ok
sample_002870,0.0,0.0,0.0,"(224, 2)","(224, 2)",ok
sample_002871,0.0,0.0,0.0,"(224, 2)","(224, 2)",ok
sample_002872,0.0,0.0,0.0,"(224, 2)","(224, 2)",ok
sample_002873,0.0,0.0,0.0,"(224, 2)","(224, 2)",ok
sample_002874,0.0,0.0,0.0,"(224, 2)","(224, 2)",ok
sample_002875,0.0,0.0,0.0,"(224, 2)","(224, 2)",ok
sample_002876,0.0,0.0,0.0,"(224, 2)","(224, 2)",ok
sample_002877,0.0,0.0,0.0,"(224, 2)","(224, 2)",ok
sample_002878,0.0,0.0,0.0,"(224, 2)","(224, 2)",ok
sample_002879,0.0,0.0,0.0,"(224, 2)","(224, 2)",ok
sample_002880,0.0,0.0,0.0,"(224, 2)","(224, 2)",ok
sample_002881,0.0,0.0,0.0,"(224, 2)","(224, 2)",ok
sample_002882,0.0,0.0,0.0,"(224, 2)","(224, 2)",ok
sample_002883,0.0,0.0,0.0,"(224, 2)","(224, 2)",ok
sample_002884,0.0,0.0,0.0,"(224, 2)","(224, 2)",ok
sample_002885,0.0,0.0,0.0,"(224, 2)","(224, 2)",ok
sample_002886,0.0,0.0,0.0,"(224, 2)","(224, 2)",ok
sample_002887,0.0,0.0,0.0,"(224, 2)","(224, 2)",ok
sample_002888,0.0,0.0,0.0,"(224, 2)","(224, 2)",ok
sample_002889,0.0,0.0,0.0,"(224, 2)","(224, 2)",ok
sample_002890,0.0,0.0,0.0,"(224, 2)","(224, 2)",ok
sample_002891,0.0,0.0,0.0,"(224, 2)","(224, 2)",ok
sample_002892,0.0,0.0,0.0,"(224, 2)","(224, 2)",ok
sample_002893,0.0,0.0,0.0,"(224, 2)","(224, 2)",ok
sample_002894,0.0,0.0,0.0,"(224, 2)","(224, 2)",ok
sample_002895,0.0,0.0,0.0,"(224, 2)","(224, 2)",ok
sample_002896,0.0,0.0,0.0,"(224, 2)","(224, 2)",ok
sample_002897,0.0,0.0,0.0,"(224, 2)","(224, 2)",ok
sample_002898,0.0,0.0,0.0,"(224, 2)","(224, 2)",ok
sample_002899,0.0,0.0,0.0,"(224, 2)","(224, 2)",ok
sample_002900,0.0,0.0,0.0,"(224, 2)","(224, 2)",ok
sample_002901,0.0,0.0,0.0,"(224, 2)","(224, 2)",ok
sample_002902,0.0,0.0,0.0,"(224, 2)","(224, 2)",ok
sample_002903,0.0,0.0,0.0,"(224, 2)","(224, 2)",ok
sample_002904,0.0,0.0,0.0,"(224, 2)","(224, 2)",ok
sample_002905,0.0,0.0,0.0,"(224, 2)","(224, 2)",ok
sample_002906,0.0,0.0,0.0,"(224, 2)","(224, 2)",ok
sample_002907,0.0,0.0,0.0,"(224, 2)","(224, 2)",ok
sample_002908,0.0,0.0,0.0,"(224, 2)","(224, 2)",ok
sample_002909,0.0,0.0,0.0,"(224, 2)","(224, 2)",ok
sample_002910,0.0,0.0,0.0,"(224, 2)","(224, 2)",ok
sample_002911,0.0,0.0,0.0,"(224, 2)","(224, 2)",ok
sample_002912,0.0,0.0,0.0,"(224, 2)","(224, 2)",ok
sample_002913,0.0,0.0,0.0,"(224, 2)","(224, 2)",ok
sample_002914,0.0,0.0,0.0,"(224, 2)","(224, 2)",ok
sample_002915,0.0,0.0,0.0,"(224, 2)","(224, 2)",ok
sample_002916,0.0,0.0,0.0,"(224, 2)","(224, 2)",ok
sample_002917,0.0,0.0,0.0,"(224, 2)","(224, 2)",ok
sample_002918,0.0,0.0,0.0,"(224, 2)","(224, 2)",ok
sample_002919,0.0,0.0,0.0,"(224, 2)","(224, 2)",ok
sample_002920,0.0,0.0,0.0,"(224, 2)","(224, 2)",ok
sample_002921,0.0,0.0,0.0,"(224, 2)","(224, 2)",ok
sample_002922,0.0,0.0,0.0,"(224, 2)","(224, 2)",ok
sample_002923,0.0,0.0,0.0,"(224, 2)","(224, 2)",ok
sample_002924,0.0,0.0,0.0,"(224, 2)","(224, 2)",ok
sample_002925,0.0,0.0,0.0,"(224, 2)","(224, 2)",ok
sample_002926,0.0,0.0,0.0,"(224, 2)","(224, 2)",ok
sample_002927,0.0,0.0,0.0,"(224, 2)","(224, 2)",ok
sample_002928,0.0,0.0,0.0,"(224, 2)","(224, 2)",ok
sample_002929,0.0,0.0,0.0,"(224, 2)","(224, 2)",ok
sample_002930,0.0,0.0,0.0,"(224, 2)","(224, 2)",ok
sample_002931,0.0,0.0,0.0,"(224, 2)","(224, 2)",ok
sample_002932,0.0,0.0,0.0,"(224, 2)","(224, 2)",ok
sample_002933,0.0,0.0,0.0,"(224, 2)","(224, 2)",ok
sample_002934,0.0,0.0,0.0,"(224, 2)","(224, 2)",ok
sample_002935,0.0,0.0,0.0,"(224, 2)","(224, 2)",ok
sample_002936,0.0,0.0,0.0,"(224, 2)","(224, 2)",ok
sample_002937,0.0,0.0,0.0,"(224, 2)","(224, 2)",ok
sample_002938,0.0,0.0,0.0,"(224, 2)","(224, 2)",ok
sample_002939,0.0,0.0,0.0,"(224, 2)","(224, 2)",ok
sample_002940,0.0,0.0,0.0,"(224, 2)","(224, 2)",ok
sample_002941,0.0,0.0,0.0,"(224, 2)","(224, 2)",ok
sample_002942,0.0,0.0,0.0,"(224, 2)","(224, 2)",ok
sample_002943,0.0,0.0,0.0,"(224, 2)","(224, 2)",ok
sample_002944,0.0,0.0,0.0,"(224, 2)","(224, 2)",ok
sample_002945,0.0,0.0,0.0,"(224, 2)","(224, 2)",ok
sample_002946,0.0,0.0,0.0,"(224, 2)","(224, 2)",ok
sample_002947,0.0,0.0,0.0,"(224, 2)","(224, 2)",ok
sample_002948,0.0,0.0,0.0,"(224, 2)","(224, 2)",ok
sample_002949,0.0,0.0,0.0,"(224, 2)","(224, 2)",ok
sample_002950,0.0,0.0,0.0,"(224, 2)","(224, 2)",ok
sample_002951,0.0,0.0,0.0,"(224, 2)","(224, 2)",ok
sample_002952,0.0,0.0,0.0,"(224, 2)","(224, 2)",ok
sample_002953,0.0,0.0,0.0,"(224, 2)","(224, 2)",ok
sample_002954,0.0,0.0,0.0,"(224, 2)","(224, 2)",ok
sample_002955,0.0,0.0,0.0,"(224, 2)","(224, 2)",ok
sample_002956,0.0,0.0,0.0,"(224, 2)","(224, 2)",ok
sample_002957,0.0,0.0,0.0,"(224, 2)","(224, 2)",ok
sample_002958,0.0,0.0,0.0,"(224, 2)","(224, 2)",ok
sample_002959,0.0,0.0,0.0,"(224, 2)","(224, 2)",ok
sample_002960,0.0,0.0,0.0,"(224, 2)","(224, 2)",ok
sample_002961,0.0,0.0,0.0,"(224, 2)","(224, 2)",ok
sample_002962,0.0,0.0,0.0,"(224, 2)","(224, 2)",ok
sample_002963,0.0,0.0,0.0,"(224, 2)","(224, 2)",ok
sample_002964,0.0,0.0,0.0,"(224, 2)","(224, 2)",ok
sample_002965,0.0,0.0,0.0,"(224, 2)","(224, 2)",ok
sample_002966,0.0,0.0,0.0,"(224, 2)","(224, 2)",ok
sample_002967,0.0,0.0,0.0,"(224, 2)","(224, 2)",ok
sample_002968,0.0,0.0,0.0,"(224, 2)","(224, 2)",ok
sample_002969,0.0,0.0,0.0,"(224, 2)","(224, 2)",ok
sample_002970,0.0,0.0,0.0,"(224, 2)","(224, 2)",ok
sample_002971,0.0,0.0,0.0,"(224, 2)","(224, 2)",ok
sample_002972,0.0,0.0,0.0,"(224, 2)","(224, 2)",ok
sample_002973,0.0,0.0,0.0,"(224, 2)","(224, 2)",ok
sample_002974,0.0,0.0,0.0,"(224, 2)","(224, 2)",ok
sample_002975,0.0,0.0,0.0,"(224, 2)","(224, 2)",ok
sample_002976,0.0,0.0,0.0,"(224, 2)","(224, 2)",ok
sample_002977,0.0,0.0,0.0,"(224, 2)","(224, 2)",ok
sample_002978,0.0,0.0,0.0,"(224, 2)","(224, 2)",ok
sample_002979,0.0,0.0,0.0,"(224, 2)","(224, 2)",ok
sample_002980,0.0,0.0,0.0,"(224, 2)","(224, 2)",ok
sample_002981,0.0,0.0,0.0,"(224, 2)","(224, 2)",ok
sample_002982,0.0,0.0,0.0,"(224, 2)","(224, 2)",ok
sample_002983,0.0,0.0,0.0,"(224, 2)","(224, 2)",ok
sample_002984,0.0,0.0,0.0,"(224, 2)","(224, 2)",ok
sample_002985,0.0,0.0,0.0,"(224, 2)","(224, 2)",ok
sample_002986,0.0,0.0,0.0,"(224, 2)","(224, 2)",ok
sample_002987,0.0,0.0,0.0,"(224, 2)","(224, 2)",ok
sample_002988,0.0,0.0,0.0,"(224, 2)","(224, 2)",ok
sample_002989,0.0,0.0,0.0,"(224, 2)","(224, 2)",ok
sample_002990,0.0,0.0,0.0,"(224, 2)","(224, 2)",ok
sample_002991,0.0,0.0,0.0,"(224, 2)","(224, 2)",ok
sample_002992,0.0,0.0,0.0,"(224, 2)","(224, 2)",ok
sample_002993,0.0,0.0,0.0,"(224, 2)","(224, 2)",ok
sample_002994,0.0,0.0,0.0,"(224, 2)","(224, 2)",ok
sample_002995,0.0,0.0,0.0,"(224, 2)","(224, 2)",ok
sample_002996,0.0,0.0,0.0,"(224, 2)","(224, 2)",ok
sample_002997,0.0,0.0,0.0,"(224, 2)","(224, 2)",ok
sample_002998,0.0,0.0,0.0,"(224, 2)","(224, 2)",ok
sample_002999,0.0,0.0,0.0,"(224, 2)","(224, 2)",ok
sample_003000,0.0,0.0,0.0,"(224, 2)","(224, 2)",ok
sample_003001,0.0,0.0,0.0,"(224, 2)","(224, 2)",ok
sample_003002,0.0,0.0,0.0,"(224, 2)","(224, 2)",ok
sample_003003,0.0,0.0,0.0,"(224, 2)","(224, 2)",ok
sample_003004,0.0,0.0,0.0,"(224, 2)","(224, 2)",ok
sample_003005,0.0,0.0,0.0,"(224, 2)","(224, 2)",ok
sample_003006,0.0,0.0,0.0,"(224, 2)","(224, 2)",ok
sample_003007,0.0,0.0,0.0,"(224, 2)","(224, 2)",ok
sample_003008,0.0,0.0,0.0,"(224, 2)","(224, 2)",ok
sample_003009,0.0,0.0,0.0,"(224, 2)","(224, 2)",ok
sample_003010,0.0,0.0,0.0,"(224, 2)","(224, 2)",ok
sample_003011,0.0,0.0,0.0,"(224, 2)","(224, 2)",ok
sample_003012,0.0,0.0,0.0,"(224, 2)","(224, 2)",ok
sample_003013,0.0,0.0,0.0,"(224, 2)","(224, 2)",ok
sample_003014,0.0,0.0,0.0,"(224, 2)","(224, 2)",ok
sample_003015,0.0,0.0,0.0,"(224, 2)","(224, 2)",ok
sample_003016,0.0,0.0,0.0,"(224, 2)","(224, 2)",ok
sample_003017,0.0,0.0,0.0,"(224, 2)","(224, 2)",ok
sample_003018,0.0,0.0,0.0,"(224, 2)","(224, 2)",ok
sample_003019,0.0,0.0,0.0,"(224, 2)","(224, 2)",ok
sample_003020,0.0,0.0,0.0,"(224, 2)","(224, 2)",ok
sample_003021,0.0,0.0,0.0,"(224, 2)","(224, 2)",ok
sample_003022,0.0,0.0,0.0,"(224, 2)","(224, 2)",ok
sample_003023,0.0,0.0,0.0,"(224, 2)","(224, 2)",ok
sample_003024,0.0,0.0,0.0,"(224, 2)","(224, 2)",ok
sample_003025,0.0,0.0,0.0,"(224, 2)","(224, 2)",ok
sample_003026,0.0,0.0,0.0,"(224, 2)","(224, 2)",ok
sample_003027,0.0,0.0,0.0,"(224, 2)","(224, 2)",ok
sample_003028,0.0,0.0,0.0,"(224, 2)","(224, 2)",ok
sample_003029,0.0,0.0,0.0,"(224, 2)","(224, 2)",ok
sample_003030,0.0,0.0,0.0,"(224, 2)","(224, 2)",ok
sample_003031,0.0,0.0,0.0,"(224, 2)","(224, 2)",ok
sample_003032,0.0,0.0,0.0,"(224, 2)","(224, 2)",ok
sample_003033,0.0,0.0,0.0,"(224, 2)","(224, 2)",ok
sample_003034,0.0,0.0,0.0,"(224, 2)","(224, 2)",ok
sample_003035,0.0,0.0,0.0,"(224, 2)","(224, 2)",ok
sample_003036,0.0,0.0,0.0,"(224, 2)","(224, 2)",ok
sample_003037,0.0,0.0,0.0,"(224, 2)","(224, 2)",ok
sample_003038,0.0,0.0,0.0,"(224, 2)","(224, 2)",ok
sample_003039,0.0,0.0,0.0,"(224, 2)","(224, 2)",ok
sample_003040,0.0,0.0,0.0,"(224, 2)","(224, 2)",ok
sample_003041,0.0,0.0,0.0,"(224, 2)","(224, 2)",ok
sample_003042,0.0,0.0,0.0,"(224, 2)","(224, 2)",ok
sample_003043,0.0,0.0,0.0,"(224, 2)","(224, 2)",ok
sample_003044,0.0,0.0,0.0,"(224, 2)","(224, 2)",ok
sample_003045,0.0,0.0,0.0,"(224, 2)","(224, 2)",ok
sample_003046,0.0,0.0,0.0,"(224, 2)","(224, 2)",ok
sample_003047,0.0,0.0,0.0,"(224, 2)","(224, 2)",ok
sample_003048,0.0,0.0,0.0,"(224, 2)","(224, 2)",ok
sample_003049,0.0,0.0,0.0,"(224, 2)","(224, 2)",ok
sample_003050,0.0,0.0,0.0,"(224, 2)","(224, 2)",ok
sample_003051,0.0,0.0,0.0,"(224, 2)","(224, 2)",ok
sample_003052,0.0,0.0,0.0,"(224, 2)","(224, 2)",ok
sample_003053,0.0,0.0,0.0,"(224, 2)","(224, 2)",ok
sample_003054,0.0,0.0,0.0,"(224, 2)","(224, 2)",ok
sample_003055,0.0,0.0,0.0,"(224, 2)","(224, 2)",ok
sample_003056,0.0,0.0,0.0,"(224, 2)","(224, 2)",ok
sample_003057,0.0,0.0,0.0,"(224, 2)","(224, 2)",ok
sample_003058,0.0,0.0,0.0,"(224, 2)","(224, 2)",ok
sample_003059,0.0,0.0,0.0,"(224, 2)","(224, 2)",ok
sample_003060,0.0,0.0,0.0,"(224, 2)","(224, 2)",ok
sample_003061,0.0,0.0,0.0,"(224, 2)","(224, 2)",ok
sample_003062,0.0,0.0,0.0,"(224, 2)","(224, 2)",ok
sample_003063,0.0,0.0,0.0,"(224, 2)","(224, 2)",ok
sample_003064,0.0,0.0,0.0,"(224, 2)","(224, 2)",ok
sample_003065,0.0,0.0,0.0,"(224, 2)","(224, 2)",ok
sample_003066,0.0,0.0,0.0,"(224, 2)","(224, 2)",ok
sample_003067,0.0,0.0,0.0,"(224, 2)","(224, 2)",ok
sample_003068,0.0,0.0,0.0,"(224, 2)","(224, 2)",ok
sample_003069,0.0,0.0,0.0,"(224, 2)","(224, 2)",ok
sample_003070,0.0,0.0,0.0,"(224, 2)","(224, 2)",ok
sample_003071,0.0,0.0,0.0,"(224, 2)","(224, 2)",ok
sample_003072,0.0,0.0,0.0,"(224, 2)","(224, 2)",ok
sample_003073,0.0,0.0,0.0,"(224, 2)","(224, 2)",ok
sample_003074,0.0,0.0,0.0,"(224, 2)","(224, 2)",ok
sample_003075,0.0,0.0,0.0,"(224, 2)","(224, 2)",ok
sample_003076,0.0,0.0,0.0,"(224, 2)","(224, 2)",ok
sample_003077,0.0,0.0,0.0,"(224, 2)","(224, 2)",ok
sample_003078,0.0,0.0,0.0,"(224, 2)","(224, 2)",ok
sample_003079,0.0,0.0,0.0,"(224, 2)","(224, 2)",ok
sample_003080,0.0,0.0,0.0,"(224, 2)","(224, 2)",ok
sample_003081,0.0,0.0,0.0,"(224, 2)","(224, 2)",ok
sample_003082,0.0,0.0,0.0,"(224, 2)","(224, 2)",ok
sample_003083,0.0,0.0,0.0,"(224, 2)","(224, 2)",ok
sample_003084,0.0,0.0,0.0,"(224, 2)","(224, 2)",ok
sample_003085,0.0,0.0,0.0,"(224, 2)","(224, 2)",ok
sample_003086,0.0,0.0,0.0,"(224, 2)","(224, 2)",ok
sample_003087,0.0,0.0,0.0,"(224, 2)","(224, 2)",ok
sample_003088,0.0,0.0,0.0,"(224, 2)","(224, 2)",ok
sample_003089,0.0,0.0,0.0,"(224, 2)","(224, 2)",ok
sample_003090,0.0,0.0,0.0,"(224, 2)","(224, 2)",ok
sample_003091,0.0,0.0,0.0,"(224, 2)","(224, 2)",ok
sample_003092,0.0,0.0,0.0,"(224, 2)","(224, 2)",ok
sample_003093,0.0,0.0,0.0,"(224, 2)","(224, 2)",ok
sample_003094,0.0,0.0,0.0,"(224, 2)","(224, 2)",ok
sample_003095,0.0,0.0,0.0,"(224, 2)","(224, 2)",ok
sample_003096,0.0,0.0,0.0,"(224, 2)","(224, 2)",ok
sample_003097,0.0,0.0,0.0,"(224, 2)","(224, 2)",ok
sample_003098,0.0,0.0,0.0,"(224, 2)","(224, 2)",ok
sample_003099,0.0,0.0,0.0,"(224, 2)","(224, 2)",ok
sample_003100,0.0,0.0,0.0,"(224, 2)","(224, 2)",ok
sample_003101,0.0,0.0,0.0,"(224, 2)","(224, 2)",ok
sample_003102,0.0,0.0,0.0,"(224, 2)","(224, 2)",ok
sample_003103,0.0,0.0,0.0,"(224, 2)","(224, 2)",ok
sample_003104,0.0,0.0,0.0,"(224, 2)","(224, 2)",ok
sample_003105,0.0,0.0,0.0,"(224, 2)","(224, 2)",ok
sample_003106,0.0,0.0,0.0,"(224, 2)","(224, 2)",ok
sample_003107,0.0,0.0,0.0,"(224, 2)","(224, 2)",ok
sample_003108,0.0,0.0,0.0,"(224, 2)","(224, 2)",ok
sample_003109,0.0,0.0,0.0,"(224, 2)","(224, 2)",ok
sample_003110,0.0,0.0,0.0,"(224, 2)","(224, 2)",ok
sample_003111,0.0,0.0,0.0,"(224, 2)","(224, 2)",ok
sample_003112,0.0,0.0,0.0,"(224, 2)","(224, 2)",ok
sample_003113,0.0,0.0,0.0,"(224, 2)","(224, 2)",ok
sample_003114,0.0,0.0,0.0,"(224, 2)","(224, 2)",ok
sample_003115,0.0,0.0,0.0,"(224, 2)","(224, 2)",ok
sample_003116,0.0,0.0,0.0,"(224, 2)","(224, 2)",ok
sample_003117,0.0,0.0,0.0,"(224, 2)","(224, 2)",ok
sample_003118,0.0,0.0,0.0,"(224, 2)","(224, 2)",ok
sample_003119,0.0,0.0,0.0,"(224, 2)","(224, 2)",ok
sample_003120,0.0,0.0,0.0,"(224, 2)","(224, 2)",ok
sample_003121,0.0,0.0,0.0,"(224, 2)","(224, 2)",ok
sample_003122,0.0,0.0,0.0,"(224, 2)","(224, 2)",ok
sample_003123,0.0,0.0,0.0,"(224, 2)","(224, 2)",ok
sample_003124,0.0,0.0,0.0,"(224, 2)","(224, 2)",ok
sample_003125,0.0,0.0,0.0,"(224, 2)","(224, 2)",ok
sample_003126,0.0,0.0,0.0,"(224, 2)","(224, 2)",ok
sample_003127,0.0,0.0,0.0,"(224, 2)","(224, 2)",ok
sample_003128,0.0,0.0,0.0,"(224, 2)","(224, 2)",ok
sample_003129,0.0,0.0,0.0,"(224, 2)","(224, 2)",ok
sample_003130,0.0,0.0,0.0,"(224, 2)","(224, 2)",ok
sample_003131,0.0,0.0,0.0,"(224, 2)","(224, 2)",ok
sample_003132,0.0,0.0,0.0,"(224, 2)","(224, 2)",ok
sample_003133,0.0,0.0,0.0,"(224, 2)","(224, 2)",ok
sample_003134,0.0,0.0,0.0,"(224, 2)","(224, 2)",ok
sample_003135,0.0,0.0,0.0,"(224, 2)","(224, 2)",ok
sample_003136,0.0,0.0,0.0,"(224, 2)","(224, 2)",ok
sample_003137,0.0,0.0,0.0,"(224, 2)","(224, 2)",ok
sample_003138,0.0,0.0,0.0,"(224, 2)","(224, 2)",ok
sample_003139,0.0,0.0,0.0,"(224, 2)","(224, 2)",ok
sample_003140,0.0,0.0,0.0,"(224, 2)","(224, 2)",ok
sample_003141,0.0,0.0,0.0,"(224, 2)","(224, 2)",ok
sample_003142,0.0,0.0,0.0,"(224, 2)","(224, 2)",ok
sample_003143,0.0,0.0,0.0,"(224, 2)","(224, 2)",ok
sample_003144,0.0,0.0,0.0,"(224, 2)","(224, 2)",ok
sample_003145,0.0,0.0,0.0,"(224, 2)","(224, 2)",ok
sample_003146,0.0,0.0,0.0,"(224, 2)","(224, 2)",ok
sample_003147,0.0,0.0,0.0,"(224, 2)","(224, 2)",ok
sample_003148,0.0,0.0,0.0,"(224, 2)","(224, 2)",ok
sample_003149,0.0,0.0,0.0,"(224, 2)","(224, 2)",ok
sample_003150,0.0,0.0,0.0,"(224, 2)","(224, 2)",ok
sample_003151,0.0,0.0,0.0,"(224, 2)","(224, 2)",ok
sample_003152,0.0,0.0,0.0,"(224, 2)","(224, 2)",ok
sample_003153,0.0,0.0,0.0,"(224, 2)","(224, 2)",ok
sample_003154,0.0,0.0,0.0,"(224, 2)","(224, 2)",ok
sample_003155,0.0,0.0,0.0,"(224, 2)","(224, 2)",ok
sample_003156,0.0,0.0,0.0,"(224, 2)","(224, 2)",ok
sample_003157,0.0,0.0,0.0,"(224, 2)","(224, 2)",ok
sample_003158,0.0,0.0,0.0,"(224, 2)","(224, 2)",ok
